1.00000 0.00000 0.00000 1.00000 0.0000 0.0000 cm
/GS6 gs
/OC /Pr7 BDC
q
q
/GS8 gs
0 J
0 j
2.8270 w
22.925585626053735 M
[] 0 d
/CS9 CS 0.2902 0.6863 1.0000 0.2118 SCN
q
144.4552 173.0256 m
168.9233 173.0256 188.7588 159.0299 188.7588 141.7654 c
188.7588 124.5008 168.9233 110.5050 144.4552 110.5050 c
119.9871 110.5050 100.1517 124.5008 100.1517 141.7654 c
100.1517 159.0299 119.9871 173.0256 144.4552 173.0256 c
W*
n
75.91079 0.00000 0.00000 75.91079 144.4553 141.7653 cm
/Sh11 sh
Q
q
0.59620 0.00000 0.00000 0.59578 0.0000 0.0000 cm
242.2953 290.4177 m
283.3356 290.4177 316.6055 266.9261 316.6055 237.9484 c
316.6055 208.9701 283.3356 185.4788 242.2953 185.4788 c
201.2547 185.4788 167.9848 208.9701 167.9848 237.9484 c
167.9848 266.9261 201.2547 290.4177 242.2953 290.4177 c
s
Q
q
/GS8 gs
/CS9 cs 0.0000 1.0000 1.0000 0.0000 scn
99.2415 120.1524 m
104.7821 118.1988 110.6731 118.7082 116.2908 118.9599 c
117.9488 119.0341 119.8505 119.2470 122.1381 119.6223 c
134.7610 121.9178 174.4098 139.9833 163.4683 153.8226 c
159.8613 158.3850 153.7982 160.5705 147.7536 156.3398 c
142.6654 152.7786 139.5502 144.9176 135.1602 139.6483 c
122.2262 124.1240 103.1751 122.4700 99.2415 120.1524 c
f*
/GS8 gs
/CS9 cs 1.0000 0.0000 1.0000 0.2000 scn
170.6992 173.1560 m
170.5139 173.5897 l
170.2613 174.2873 l
170.0260 174.2961 169.5036 173.5608 168.8842 174.0467 c
168.3666 174.4526 168.2762 175.1905 168.8377 175.6395 c
168.8882 175.6797 168.9497 175.7132 169.0135 175.7503 c
169.5351 176.0530 170.2667 175.9768 170.6726 175.4065 c
172.0463 173.4772 172.1089 167.2982 168.4752 163.0891 c
165.0472 159.1189 163.7932 162.4921 158.7334 160.1654 c
159.2728 159.6061 162.1148 158.3586 164.2462 156.1689 c
166.0516 154.3139 166.2313 153.0641 166.9802 150.8049 c
168.4559 152.8713 168.9746 153.4286 169.0699 155.2456 c
169.1260 156.3117 169.0707 157.1984 168.7586 158.5171 c
172.7799 161.4189 174.8696 168.8403 173.7862 173.4361 c
173.2649 175.6485 172.2197 177.4080 170.0887 177.4916 c
168.1705 177.5670 166.7636 176.4213 167.0083 174.4492 c
167.2685 172.3493 169.5986 171.5134 170.6992 173.1560 c
f*
Q
q
/GS8 gs
/CS9 cs 0.0000 0.0000 0.0000 0.0000 scn
177.5239 150.8017 m
178.1218 150.9871 178.7445 151.0815 179.3832 151.0815 c
179.8917 151.0815 180.4079 151.0441 180.9020 150.9163 c
181.4703 150.7686 181.9919 150.4947 182.4795 150.1722 c
182.9823 149.8394 183.4404 149.4468 183.8237 148.9802 c
184.2571 148.4527 184.5658 147.8390 184.7991 147.2003 c
185.0649 146.4735 185.1934 145.7093 185.1934 144.9357 c
185.1934 144.0380 185.0734 143.1337 184.7390 142.3137 c
185.1287 141.6200 185.2974 140.8238 185.2974 140.0026 c
185.2974 139.3781 185.1936 138.7264 185.0760 138.1141 c
184.8898 137.1461 184.5147 136.2424 183.9583 135.4289 c
183.3463 134.5337 182.5381 133.8146 181.5324 133.3919 c
180.6593 133.0251 179.7182 132.8814 178.7754 132.8814 c
178.6008 132.8814 l
178.4276 132.9029 l
177.5806 133.0075 176.7796 133.2604 176.0729 133.6816 c
175.6199 133.4305 175.0929 133.2887 174.5212 133.2887 c
172.5347 133.2887 l
171.9422 133.2887 171.3657 133.3502 170.8262 133.5538 c
170.3429 133.3981 169.8344 133.3449 169.3193 133.3338 c
168.7255 133.2459 l
167.1367 133.2459 l
166.2352 133.3327 l
165.7463 133.3406 165.2562 133.3905 164.7884 133.5385 c
164.4222 133.6541 164.0707 133.8126 163.7371 134.0025 c
163.4213 134.1825 163.1225 134.3866 162.8464 134.6162 c
162.0981 133.6499 161.1403 132.8814 159.8063 132.8814 c
159.0395 132.8814 158.4068 133.1263 157.8784 133.5206 c
157.3373 133.1589 156.7035 132.9457 155.9866 132.9457 c
154.9176 132.9457 154.0137 133.4203 153.2914 134.1369 c
153.1752 134.0422 153.0510 133.9549 152.9181 133.8746 c
152.2369 133.4633 151.4758 133.3502 150.7008 133.3338 c
150.1075 133.2459 l
148.5181 133.2459 l
147.6164 133.3327 l
147.1277 133.3406 146.6376 133.3905 146.1699 133.5385 c
146.0418 133.5787 145.9154 133.6243 145.7909 133.6751 c
145.3405 133.4282 144.8178 133.2887 144.2509 133.2887 c
142.2649 133.2887 l
141.6722 133.2887 141.0959 133.3505 140.5565 133.5538 c
140.0732 133.3981 139.5643 133.3449 139.0496 133.3338 c
138.4557 133.2459 l
136.8666 133.2459 l
135.9646 133.3327 l
135.4765 133.3406 134.9870 133.3905 134.5192 133.5382 c
134.1527 133.6538 133.8012 133.8123 133.4673 134.0025 c
133.3956 134.0433 133.3250 134.0853 133.2553 134.1286 c
133.0580 133.9594 132.8479 133.8043 132.6243 133.6666 c
131.9494 133.2510 131.1826 133.0106 130.4082 132.8658 c
130.1496 132.8173 l
128.5877 132.8173 l
128.3168 132.8709 l
127.5987 133.0123 126.9181 133.2626 126.3095 133.6385 c
125.7571 133.4171 125.1660 133.3468 124.5665 133.3338 c
123.9727 133.2459 l
122.3838 133.2459 l
121.4824 133.3327 l
120.9934 133.3406 120.5036 133.3902 120.0356 133.5385 c
119.7400 133.6317 119.4537 133.7533 119.1784 133.8965 c
119.1042 133.8463 119.0259 133.7981 118.9446 133.7530 c
118.1633 133.3188 117.2673 133.2887 116.3974 133.2887 c
116.2046 133.2887 116.0118 133.2887 115.8191 133.2887 c
115.7111 133.2887 115.6031 133.2850 115.4954 133.2774 c
115.2454 133.2295 114.9919 133.2028 114.7371 133.2028 c
113.9783 133.2028 113.2444 133.3565 112.6032 133.7513 c
112.4269 133.6527 112.2378 133.5696 112.0374 133.5042 c
111.4461 133.3108 110.7896 133.2887 110.1713 133.2887 c
109.9837 133.2887 109.7957 133.2887 109.6081 133.2887 c
109.5262 133.2887 109.4445 133.2865 109.3629 133.2819 c
109.0369 133.2360 108.7061 133.2028 108.3776 133.2028 c
107.0804 133.2028 105.8936 133.8160 105.2858 134.9887 c
104.9281 135.6797 104.8414 136.4440 104.8354 137.2090 c
104.6721 139.9796 l
104.6721 140.0632 l
104.6721 140.4179 104.6517 140.7827 104.6373 141.1376 c
104.6143 141.7003 104.5979 142.2643 104.5979 142.8282 c
104.5979 143.2783 104.5979 143.7284 104.5979 144.1783 c
104.5979 144.6562 104.6032 145.1339 104.6134 145.6118 c
104.6302 146.0735 l
104.7317 148.3138 l
104.7305 149.5355 104.7016 151.4191 105.2620 152.4892 c
106.0421 153.9797 107.5978 154.4037 109.1486 154.4037 c
109.4777 154.4037 l
109.6846 154.4451 109.8955 154.4681 110.1121 154.4681 c
110.2456 154.4681 l
110.3666 154.4681 110.4874 154.4681 110.6087 154.4681 c
110.7000 154.4681 110.7913 154.4681 110.8828 154.4681 c
111.5870 154.4681 112.2627 154.2951 112.8464 153.9482 c
113.6007 154.3757 114.4610 154.4681 115.3301 154.4681 c
116.3529 154.4681 l
117.0921 154.4681 117.9045 154.4479 118.5990 154.1744 c
119.8236 153.6919 120.5002 152.5898 120.6814 151.3344 c
120.6907 151.2703 l
120.7125 151.0478 l
120.7298 150.8604 l
121.0022 150.8944 121.2786 150.9103 121.5558 150.9103 c
121.6772 150.9103 121.7979 150.9103 121.9192 150.9103 c
122.3243 150.9103 122.7688 150.8312 123.1690 150.7646 c
123.8159 150.6572 124.4537 150.4774 125.0422 150.1841 c
125.3364 150.0375 125.6108 149.8620 125.8654 149.6616 c
125.9861 149.7728 126.1100 149.8808 126.2353 149.9854 c
127.3363 150.9035 128.7947 151.1243 130.1834 151.1243 c
130.6500 151.1243 131.1120 151.0452 131.5531 150.8916 c
131.9936 150.7380 132.4191 150.4939 132.8170 150.2521 c
132.9009 150.2011 132.9834 150.1483 133.0651 150.0939 c
133.9512 150.6827 134.9847 150.9103 136.0389 150.9103 c
136.1597 150.9103 136.2810 150.9103 136.4017 150.9103 c
136.8068 150.9103 137.2513 150.8312 137.6518 150.7646 c
137.8383 150.7340 138.0234 150.6969 138.2071 150.6529 c
138.2471 151.7814 138.6091 152.8492 139.5292 153.5873 c
140.3518 154.2478 141.3587 154.4253 142.3831 154.4253 c
143.3684 154.4253 l
144.6245 154.3663 l
145.0307 154.2677 l
146.6306 153.8467 147.3389 152.4175 147.2604 150.8973 c
147.4030 150.9060 147.5464 150.9103 147.6901 150.9103 c
147.8115 150.9103 147.9322 150.9103 148.0533 150.9103 c
148.4583 150.9103 148.9025 150.8312 149.3031 150.7646 c
149.9491 150.6572 150.5866 150.4777 151.1745 150.1849 c
151.6173 150.4627 152.1298 150.6311 152.6729 150.6804 c
153.1128 150.7601 l
154.7408 150.7601 l
155.3443 150.6929 l
155.5713 150.6855 155.7941 150.6645 156.0107 150.6266 c
156.3202 150.7150 156.6473 150.7601 156.9821 150.7601 c
157.2931 150.7601 157.6018 150.7300 157.9076 150.6745 c
158.0026 150.6745 158.0975 150.6745 158.1928 150.6745 c
158.4128 150.6745 l
158.6441 150.6745 158.8754 150.6745 159.1070 150.6745 c
159.2787 150.6745 l
159.4494 150.6538 l
159.5891 150.6365 159.7249 150.6115 159.8564 150.5789 c
160.2711 150.6597 160.6969 150.6745 161.1255 150.6745 c
161.9011 150.6745 l
162.5737 150.6745 163.2322 150.6078 163.8266 150.3774 c
164.5934 150.7569 165.4441 150.9103 166.3087 150.9103 c
166.4300 150.9103 166.5507 150.9103 166.6721 150.9103 c
167.0771 150.9103 167.5213 150.8312 167.9219 150.7646 c
168.1081 150.7340 168.2935 150.6969 168.4772 150.6529 c
168.5171 151.7811 168.8791 152.8492 169.7990 153.5873 c
170.6219 154.2481 171.6284 154.4253 172.6529 154.4253 c
173.6385 154.4253 l
174.8942 154.3663 l
175.3004 154.2677 l
176.9335 153.8382 177.6382 152.3568 177.5239 150.8017 c
f*
Q
/GS8 gs
/CS9 cs 1.0000 0.0000 1.0000 0.2000 scn
107.5031 140.0632 m
107.5031 140.2492 107.4906 140.6455 107.4660 141.2527 c
107.4413 141.8601 107.4288 142.3851 107.4288 142.8282 c
107.4288 143.2712 107.4288 143.7211 107.4288 144.1786 c
107.4288 144.6355 107.4339 145.0930 107.4438 145.5503 c
107.4586 145.9573 l
107.5623 148.2508 l
107.5623 149.9369 107.6315 150.9120 107.7698 151.1762 c
107.9082 151.4407 108.3677 151.5730 109.1483 151.5730 c
109.8454 151.5730 l
109.9638 151.6158 110.0529 151.6371 110.1121 151.6371 c
110.2453 151.6371 l
110.3542 151.6371 110.4752 151.6371 110.6087 151.6371 c
110.7420 151.6371 110.8335 151.6371 110.8828 151.6371 c
111.1893 151.6371 111.4189 151.5478 111.5722 151.3692 c
111.7253 151.1906 111.8786 150.9012 112.0317 150.5013 c
112.1851 150.1010 112.2987 149.7654 112.3727 149.4938 c
112.4467 149.2226 112.5011 148.9867 112.5357 148.7866 c
112.5703 148.5865 112.6100 148.3792 112.6542 148.1649 c
112.6987 147.9506 112.7458 147.8290 112.7951 147.8007 c
112.8543 147.7576 112.8940 147.7721 112.9136 147.8435 c
113.0321 148.3364 l
113.0522 148.4649 113.0743 148.5757 113.0990 148.6721 c
113.1236 148.7650 113.1953 149.0117 113.3141 149.4153 c
113.5809 150.2546 l
113.8277 150.9333 114.0330 151.3298 114.1960 151.4551 c
114.3590 151.5764 114.7371 151.6371 115.3301 151.6371 c
116.3529 151.6371 l
116.9952 151.6371 117.3980 151.6051 117.5610 151.5407 c
117.7240 151.4764 117.8303 151.2729 117.8799 150.9299 c
117.8943 150.7799 l
118.0131 149.4938 l
118.1021 148.3364 l
118.1169 148.0363 l
118.1761 146.5860 l
118.1911 145.7646 l
118.2056 145.1429 l
118.2206 144.3283 l
118.2206 143.6426 l
118.2206 143.1281 l
118.2206 141.9063 l
118.2305 141.7351 118.2155 141.3207 118.1761 140.6633 c
118.1316 140.0204 l
118.0871 139.4203 l
117.9686 138.1986 l
117.9536 137.9843 l
117.8498 137.0197 l
117.7906 136.5625 117.6968 136.2980 117.5683 136.2266 c
117.4399 136.1554 117.0496 136.1197 116.3974 136.1197 c
116.1995 136.1197 116.0070 136.1197 115.8191 136.1197 c
115.6314 136.1197 115.4438 136.1126 115.2558 136.0981 c
115.1867 136.0981 115.1028 136.0874 115.0038 136.0661 c
114.9049 136.0446 114.8162 136.0338 114.7371 136.0338 c
114.4111 136.0338 114.1787 136.0874 114.0403 136.1945 c
113.9020 136.3017 113.8428 136.4196 113.8623 136.5483 c
114.1291 137.9449 l
114.1886 138.2057 114.2529 138.7202 114.3218 139.4955 c
114.4259 140.5882 l
114.4553 141.0420 l
114.5344 142.1708 114.5738 143.2103 114.5738 144.1570 c
114.5146 144.2426 l
114.4653 144.2426 114.4233 144.1998 114.3887 144.1142 c
114.3541 144.0283 114.2872 143.7497 114.1886 143.2783 c
114.0698 142.7426 l
113.9513 142.1209 l
113.7438 141.0491 l
113.7291 140.9851 l
113.6401 140.3419 113.5658 139.9453 113.5066 139.7954 c
113.4473 139.6451 113.3240 139.5703 113.1361 139.5703 c
113.0176 139.5488 l
112.7208 139.5275 l
112.2664 139.5275 111.9895 139.6060 111.8908 139.7631 c
111.7919 139.9204 111.6981 140.3096 111.6094 140.9312 c
111.5203 141.5529 111.4486 141.9707 111.3942 142.1850 c
111.3401 142.3996 111.2930 142.5923 111.2533 142.7638 c
110.8534 144.1355 l
110.7643 143.9640 l
110.7445 143.9354 110.7349 143.8639 110.7349 143.7497 c
110.7349 143.5640 110.7541 143.1853 110.7941 142.6139 c
110.8383 141.9922 l
110.8828 141.2634 l
110.9568 140.3631 l
111.0013 139.9133 l
111.0311 139.5916 l
111.1054 138.7987 l
111.2386 137.6413 l
111.3375 137.0982 111.3868 136.7484 111.3868 136.5911 c
111.3868 136.3768 111.3103 136.2444 111.1569 136.1945 c
111.0039 136.1446 110.6753 136.1197 110.1713 136.1197 c
109.9834 136.1197 109.7957 136.1197 109.6081 136.1197 c
109.4202 136.1197 109.2376 136.1126 109.0596 136.0981 c
108.7730 136.0553 108.5457 136.0338 108.3776 136.0338 c
108.0814 136.0338 107.8886 136.1197 107.7993 136.2909 c
107.7106 136.4624 107.6661 136.7983 107.6661 137.2983 c
h
h
120.3849 136.4624 m
119.9599 136.7053 119.6413 136.9913 119.4287 137.3199 c
119.2161 137.6484 119.0803 138.0022 119.0211 138.3809 c
118.9619 138.7593 118.9321 139.0915 118.9321 139.3775 c
118.9321 139.9062 119.0506 140.5704 119.2904 141.3706 c
119.5277 142.1708 120.1229 142.8282 121.0765 143.3426 c
121.3583 143.4711 l
121.6276 143.5853 121.8203 143.6746 121.9388 143.7389 c
122.0573 143.8033 122.1537 143.9070 122.2231 144.0499 c
122.3218 144.1928 122.3711 144.3713 122.3711 144.5856 c
122.3711 144.8714 122.2994 145.0715 122.1562 145.1857 c
122.0105 145.3000 121.8696 145.3572 121.7313 145.3572 c
121.5312 145.3572 121.3532 145.2858 121.1953 145.1429 c
121.0371 145.0001 120.9135 144.8572 120.8296 144.7143 c
120.7454 144.5715 120.6590 144.3858 120.5702 144.1570 c
120.5405 144.0428 120.4390 143.9855 120.2712 143.9855 c
120.1428 143.9855 120.0192 144.0249 119.8981 144.1035 c
119.7794 144.1820 119.6237 144.3679 119.4313 144.6608 c
119.2360 144.9536 119.1396 145.3428 119.1396 145.8289 c
119.1396 146.2003 119.2187 146.5503 119.3769 146.8789 c
119.5350 147.2077 119.7870 147.4900 120.1329 147.7256 c
120.4787 147.9614 120.9532 148.0793 121.5561 148.0793 c
121.7041 148.0793 121.8251 148.0793 121.9192 148.0793 c
122.0131 148.0793 122.2750 148.0436 122.7047 147.9722 c
123.1347 147.9008 123.4928 147.7933 123.7796 147.6505 c
124.0659 147.5079 124.3230 147.2862 124.5504 146.9860 c
124.7678 146.7289 124.9381 146.4216 125.0617 146.0645 c
125.1853 145.7073 125.2692 145.4179 125.3137 145.1965 c
125.3582 144.9751 125.3803 144.6571 125.3803 144.2426 c
125.4101 143.6210 l
125.4101 143.3639 l
125.4249 143.2996 l
125.4101 142.0778 l
125.4249 141.5208 l
125.4399 140.7705 l
125.4694 139.4631 l
125.4991 138.3058 l
125.5139 138.1343 l
125.5286 137.3199 l
125.5436 136.8448 l
125.5436 136.5695 125.4694 136.3876 125.3211 136.2980 c
125.1729 136.2087 124.8469 136.1622 124.3429 136.1622 c
123.7646 136.0769 l
123.4239 136.0769 l
122.7566 136.0769 l
122.5193 136.0769 l
121.6301 136.1622 l
121.2939 136.1622 121.0470 136.1874 120.8889 136.2376 c
120.7307 136.2875 120.5629 136.3623 120.3849 136.4624 c
h
121.7339 139.7418 m
121.7931 139.2704 121.9167 139.0346 122.1043 139.0346 c
122.2231 139.0346 122.2971 139.1525 122.3269 139.3880 c
122.3563 139.6239 122.3711 139.8917 122.3711 140.1919 c
122.3711 140.3631 122.3663 140.4989 122.3563 140.5990 c
122.3464 140.6991 122.3144 140.7705 122.2600 140.8136 c
122.2055 140.8564 122.1341 140.8635 122.0451 140.8348 c
121.8373 140.7348 121.7339 140.4777 121.7339 140.0632 c
h
h
126.5071 138.0915 m
126.4380 138.3630 126.3883 138.6201 126.3589 138.8631 c
126.3291 139.1060 126.3144 139.3345 126.3144 139.5488 c
126.3144 139.7631 126.3291 139.9490 126.3589 140.1060 c
126.5664 140.7705 l
126.6058 140.9134 126.6749 141.0707 126.7739 141.2422 c
126.8430 141.3420 126.8974 141.3420 126.9369 141.2422 c
127.0704 140.8348 l
127.2631 140.3206 l
127.3320 140.1491 127.4063 139.9989 127.4854 139.8705 c
127.5644 139.7418 127.7300 139.5454 127.9820 139.2809 c
128.2340 139.0167 128.5330 138.8843 128.8789 138.8843 c
129.0467 138.8843 129.2049 138.9594 129.3531 139.1094 c
129.5014 139.2596 129.5756 139.4702 129.5756 139.7418 c
129.5756 139.8705 129.5436 140.0097 129.4792 140.1596 c
129.4149 140.3096 129.3185 140.4561 129.1901 140.5990 c
129.0617 140.7419 128.8542 140.9134 128.5676 141.1135 c
128.1229 141.4137 l
127.9449 141.5421 l
127.8757 141.5707 127.8017 141.6314 127.7226 141.7243 c
127.6435 141.8173 127.4309 142.1065 127.0851 142.5923 c
126.7393 143.0782 126.5664 143.7712 126.5664 144.6712 c
126.5664 145.1001 126.6231 145.5109 126.7367 145.9037 c
126.8504 146.2966 127.0012 146.6325 127.1889 146.9112 c
127.3765 147.1898 127.6634 147.4900 128.0486 147.8112 c
128.4341 148.1329 129.1456 148.2936 130.1834 148.2936 c
130.3316 148.2936 130.4773 148.2687 130.6208 148.2185 c
130.7639 148.1686 131.0060 148.0399 131.3470 147.8327 c
131.6877 147.6258 131.9794 147.3792 132.2215 147.0932 c
132.4636 146.8077 132.5849 146.5217 132.5849 146.2360 c
132.5849 145.9930 132.5106 145.7218 132.3624 145.4216 c
132.2439 145.1642 l
131.9919 144.6712 l
131.7745 144.2426 131.5766 144.0283 131.3989 144.0283 c
131.3002 144.0283 131.2013 144.1176 131.1024 144.2962 c
131.0037 144.4748 130.9022 144.6608 130.7985 144.8535 c
130.6947 145.0466 130.4898 145.1931 130.1834 145.2929 c
130.1142 145.2929 130.0598 145.2929 130.0204 145.2929 c
129.9609 145.2929 129.8769 145.2787 129.7684 145.2501 c
129.6595 145.2214 129.6051 145.0573 129.6051 144.7571 c
129.6051 144.6429 129.6422 144.5034 129.7162 144.3393 c
129.7905 144.1749 129.9461 143.9926 130.1834 143.7925 c
130.7764 143.3639 l
131.0332 143.1782 131.2138 143.0425 131.3172 142.9566 c
131.4210 142.8710 131.6903 142.6102 132.1251 142.1745 c
132.5599 141.7385 132.7774 140.9278 132.7774 139.7418 c
132.7774 139.3560 132.7329 138.9345 132.6441 138.4773 c
132.5055 137.8769 132.2957 137.3734 132.0140 136.9661 c
131.7322 136.5591 131.4408 136.2623 131.1395 136.0769 c
130.8382 135.8909 130.4206 135.7481 129.8869 135.6480 c
129.1011 135.6480 l
128.8641 135.6480 l
128.2119 135.7767 127.7028 136.0338 127.3371 136.4196 c
126.9714 136.8054 126.6948 137.3627 126.5071 138.0915 c
h
134.8676 136.4624 m
134.4427 136.7053 134.1238 136.9913 133.9115 137.3199 c
133.6989 137.6484 133.5631 138.0022 133.5039 138.3809 c
133.4446 138.7593 133.4149 139.0915 133.4149 139.3775 c
133.4149 139.9062 133.5336 140.5704 133.7732 141.3706 c
134.0104 142.1708 134.6057 142.8282 135.5596 143.3426 c
135.8410 143.4711 l
136.1103 143.5853 136.3031 143.6746 136.4216 143.7389 c
136.5403 143.8033 136.6367 143.9070 136.7059 144.0499 c
136.8045 144.1928 136.8541 144.3713 136.8541 144.5856 c
136.8541 144.8714 136.7824 145.0715 136.6390 145.1857 c
136.4933 145.3000 136.3524 145.3572 136.2141 145.3572 c
136.0140 145.3572 135.8359 145.2858 135.6780 145.1429 c
135.5199 145.0001 135.3963 144.8572 135.3124 144.7143 c
135.2282 144.5715 135.1420 144.3858 135.0527 144.1570 c
135.0232 144.0428 134.9220 143.9855 134.7540 143.9855 c
134.6255 143.9855 134.5020 144.0249 134.3809 144.1035 c
134.2624 144.1820 134.1068 144.3679 133.9140 144.6608 c
133.7187 144.9536 133.6224 145.3428 133.6224 145.8289 c
133.6224 146.2003 133.7017 146.5503 133.8596 146.8789 c
134.0178 147.2077 134.2698 147.4900 134.6156 147.7256 c
134.9614 147.9614 135.4360 148.0793 136.0389 148.0793 c
136.1869 148.0793 136.3079 148.0793 136.4017 148.0793 c
136.4958 148.0793 136.7578 148.0436 137.1875 147.9722 c
137.6175 147.9008 137.9755 147.7933 138.2624 147.6505 c
138.5490 147.5079 138.8058 147.2862 139.0331 146.9860 c
139.2506 146.7289 139.4209 146.4216 139.5445 146.0645 c
139.6678 145.7073 139.7520 145.4179 139.7965 145.1965 c
139.8410 144.9751 139.8634 144.6571 139.8634 144.2426 c
139.8929 143.6210 l
139.8929 143.3639 l
139.9079 143.2996 l
139.8929 142.0778 l
139.9079 141.5208 l
139.9226 140.7705 l
139.9521 139.4631 l
139.9819 138.3058 l
139.9966 138.1343 l
140.0114 137.3199 l
140.0264 136.8448 l
140.0264 136.5695 139.9521 136.3876 139.8042 136.2980 c
139.6556 136.2087 139.3296 136.1622 138.8256 136.1622 c
138.2477 136.0769 l
137.9064 136.0769 l
137.2394 136.0769 l
137.0024 136.0769 l
136.1129 136.1622 l
135.7767 136.1622 135.5298 136.1874 135.3716 136.2376 c
135.2134 136.2875 135.0456 136.3623 134.8676 136.4624 c
h
136.2166 139.7418 m
136.2759 139.2704 136.3995 139.0346 136.5871 139.0346 c
136.7059 139.0346 136.7799 139.1525 136.8096 139.3880 c
136.8391 139.6239 136.8541 139.8917 136.8541 140.1919 c
136.8541 140.3631 136.8490 140.4989 136.8391 140.5990 c
136.8292 140.6991 136.7972 140.7705 136.7430 140.8136 c
136.6886 140.8564 136.6166 140.8635 136.5279 140.8348 c
136.3204 140.7348 136.2166 140.4777 136.2166 140.0632 c
h
h
140.9899 142.0673 m
140.9454 143.7140 l
140.9454 145.4000 l
140.9454 147.0932 l
140.9899 148.7650 l
140.9899 149.1724 l
141.0344 150.4369 l
141.0344 150.9228 141.1231 151.2371 141.3011 151.3800 c
141.4789 151.5229 141.8397 151.5943 142.3831 151.5943 c
142.6501 151.5943 l
143.3024 151.5943 l
144.2214 151.5515 l
144.3104 151.5300 l
144.4192 151.5013 144.4586 151.3193 144.4289 150.9834 c
144.3251 150.3082 l
144.3104 150.0511 l
144.2511 149.6010 l
144.1474 148.0363 l
144.1324 147.6505 l
144.0879 146.5648 l
144.0879 146.2360 144.0853 145.9182 144.0805 145.6143 c
144.0757 145.3071 144.0680 145.0216 144.0584 144.7500 c
144.1176 143.5141 l
144.1324 143.1924 l
144.1621 142.2281 l
144.2066 141.4349 l
144.2214 140.9635 l
144.2511 140.3169 l
144.2954 139.6916 l
144.3251 139.1559 l
144.3844 138.4665 l
144.4734 137.4769 l
144.4929 137.2734 144.5153 137.0874 144.5400 136.9162 c
144.5649 136.7447 144.5771 136.6019 144.5771 136.4839 c
144.5771 136.2410 144.4686 136.1197 144.2511 136.1197 c
144.0139 136.1197 l
143.8509 136.1197 l
143.0651 136.1197 l
142.2646 136.1197 l
141.8596 136.1197 141.5925 136.1622 141.4644 136.2481 c
141.3357 136.3337 141.2467 136.5412 141.1974 136.8697 c
141.1824 136.9769 l
141.1529 137.7057 l
141.0786 138.9059 l
141.0786 139.1630 l
141.0639 139.3345 l
141.0344 140.6169 l
141.0344 140.7849 l
h
h
146.5189 136.4624 m
146.0940 136.7053 145.7753 136.9913 145.5630 137.3199 c
145.3504 137.6484 145.2146 138.0022 145.1554 138.3809 c
145.0962 138.7593 145.0661 139.0915 145.0661 139.3775 c
145.0661 139.9062 145.1849 140.5704 145.4247 141.3706 c
145.6620 142.1708 146.2572 142.8282 147.2108 143.3426 c
147.4926 143.4711 l
147.7619 143.5853 147.9546 143.6746 148.0731 143.7389 c
148.1916 143.8033 148.2880 143.9070 148.3574 144.0499 c
148.4561 144.1928 148.5054 144.3713 148.5054 144.5856 c
148.5054 144.8714 148.4337 145.0715 148.2905 145.1857 c
148.1448 145.3000 148.0039 145.3572 147.8653 145.3572 c
147.6655 145.3572 147.4875 145.2858 147.3293 145.1429 c
147.1714 145.0001 147.0478 144.8572 146.9636 144.7143 c
146.8797 144.5715 146.7933 144.3858 146.7043 144.1570 c
146.6748 144.0428 146.5733 143.9855 146.4052 143.9855 c
146.2771 143.9855 146.1532 144.0249 146.0324 144.1035 c
145.9140 144.1820 145.7580 144.3679 145.5656 144.6608 c
145.3703 144.9536 145.2739 145.3428 145.2739 145.8289 c
145.2739 146.2003 145.3530 146.5503 145.5111 146.8789 c
145.6690 147.2077 145.9213 147.4900 146.2671 147.7256 c
146.6130 147.9614 147.0872 148.0793 147.6901 148.0793 c
147.8384 148.0793 147.9594 148.0793 148.0533 148.0793 c
148.1474 148.0793 148.4090 148.0436 148.8387 147.9722 c
149.2688 147.9008 149.6271 147.7933 149.9136 147.6505 c
150.2002 147.5079 150.4573 147.2862 150.6847 146.9860 c
150.9018 146.7289 151.0724 146.4216 151.1960 146.0645 c
151.3193 145.7073 151.4035 145.4179 151.4480 145.1965 c
151.4923 144.9751 151.5146 144.6571 151.5146 144.2426 c
151.5441 143.6210 l
151.5441 143.3639 l
151.5591 143.2996 l
151.5441 142.0778 l
151.5591 141.5208 l
151.5739 140.7705 l
151.6037 139.4631 l
151.6331 138.3058 l
151.6479 138.1343 l
151.6629 137.3199 l
151.6779 136.8448 l
151.6779 136.5695 151.6037 136.3876 151.4554 136.2980 c
151.3071 136.2087 150.9809 136.1622 150.4769 136.1622 c
149.8989 136.0769 l
149.5579 136.0769 l
148.8909 136.0769 l
148.6536 136.0769 l
147.7641 136.1622 l
147.4282 136.1622 147.1813 136.1874 147.0229 136.2376 c
146.8650 136.2875 146.6972 136.3623 146.5189 136.4624 c
h
147.8679 139.7418 m
147.9274 139.2704 148.0510 139.0346 148.2386 139.0346 c
148.3574 139.0346 148.4311 139.1525 148.4612 139.3880 c
148.4906 139.6239 148.5054 139.8917 148.5054 140.1919 c
148.5054 140.3631 148.5006 140.4989 148.4906 140.5990 c
148.4807 140.6991 148.4487 140.7705 148.3943 140.8136 c
148.3398 140.8564 148.2681 140.8635 148.1794 140.8348 c
147.9716 140.7348 147.8679 140.4777 147.8679 140.0632 c
h
h
152.5079 145.3788 m
152.4932 145.8502 l
152.4932 146.7933 l
152.4932 147.2505 152.5226 147.5436 152.5819 147.6720 c
152.6411 147.8007 152.7846 147.8648 153.0119 147.8648 c
153.3677 147.9291 l
153.4416 147.9291 l
154.0052 147.9291 l
154.5831 147.9291 l
155.1611 147.8648 l
155.4775 147.8648 155.6580 147.8327 155.7023 147.7684 c
155.7468 147.7040 155.7692 147.4506 155.7692 147.0076 c
155.7692 146.2788 l
155.6949 145.3788 l
155.7692 144.4357 l
155.7692 144.1355 l
155.7692 143.5354 l
155.8457 142.8710 l
155.8556 142.7712 155.8681 142.6924 155.8828 142.6354 c
155.8976 142.5781 155.9174 142.5101 155.9421 142.4316 c
155.9693 142.3531 156.0260 142.3137 156.1175 142.3137 c
156.1470 142.3137 156.1941 142.3494 156.2533 142.4208 c
156.3151 142.4923 156.3670 142.6459 156.4115 142.8817 c
156.4586 143.1176 156.4807 143.5354 156.4807 144.1355 c
156.5249 145.4859 l
156.5249 145.5931 l
156.4807 147.0932 l
156.4807 147.4078 156.5127 147.6258 156.5770 147.7471 c
156.6411 147.8684 156.7746 147.9291 156.9821 147.9291 c
157.1204 147.9291 157.2639 147.9149 157.4169 147.8863 c
157.5700 147.8577 157.7208 147.8435 157.8665 147.8435 c
158.0148 147.8435 158.1236 147.8435 158.1928 147.8435 c
158.4128 147.8435 l
158.6398 147.8435 158.8697 147.8435 159.1070 147.8435 c
159.3417 147.8149 159.4602 147.6292 159.4602 147.2899 c
159.4602 147.1754 159.4553 147.0648 159.4454 146.9577 c
159.4355 146.8502 159.4057 146.5146 159.3564 145.9468 c
159.3564 144.2820 l
159.3564 143.7426 159.3737 143.3353 159.4083 143.0640 c
159.4429 142.7924 159.4874 142.6068 159.5418 142.5067 c
159.5962 142.4066 159.6677 142.3925 159.7567 142.4639 c
159.8258 142.5209 159.8825 142.6280 159.9270 142.7851 c
159.9718 142.9424 160.0087 143.1924 160.0381 143.5354 c
160.1124 144.4357 l
160.1867 145.3357 l
160.1867 146.4934 l
160.1495 146.7218 160.1274 146.8860 160.1223 146.9860 c
160.1150 147.0861 160.1124 147.1932 160.1124 147.3077 c
160.1124 147.5649 160.1691 147.7185 160.2831 147.7684 c
160.3990 147.8186 160.6782 147.8435 161.1252 147.8435 c
161.9011 147.8435 l
162.4768 147.8435 162.8152 147.7828 162.9215 147.6575 c
163.0253 147.5362 163.0772 147.1470 163.0772 146.4934 c
163.0772 146.3003 l
163.0772 145.5324 l
163.0772 145.3893 163.0723 145.1857 163.0624 144.9215 c
163.0525 144.6571 163.0106 144.1035 162.9363 143.2638 c
162.8623 142.4208 162.7237 141.5636 162.5210 140.6849 c
162.3186 139.8095 162.1037 139.0989 161.8716 138.5558 c
161.6391 138.0163 161.4291 137.6019 161.2414 137.3162 c
160.6190 136.2481 160.1419 135.7123 159.8060 135.7123 c
159.4998 135.7123 159.1441 136.1554 158.7387 137.0412 c
158.3853 137.8344 l
158.0740 138.6916 l
158.0000 138.7987 l
157.9209 138.8273 157.8665 138.8200 157.8370 138.7772 c
157.8073 138.7344 157.7653 138.5952 157.7109 138.3593 c
157.6568 138.1235 157.5751 137.9021 157.4663 137.6949 c
157.3577 137.4877 157.2588 137.2983 157.1700 137.1268 c
157.1403 137.0625 l
156.7868 136.4411 l
156.5399 135.9981 156.2732 135.7767 155.9866 135.7767 c
155.7000 135.7767 155.3936 135.9802 155.0699 136.3876 c
154.7439 136.7946 154.3978 137.3769 154.0321 138.1343 c
153.6664 138.8917 153.3677 139.7526 153.1304 140.7169 c
152.8931 141.6815 152.7205 142.7494 152.6117 143.9212 c
152.5374 144.9286 l
h
h
165.1377 136.4624 m
164.7128 136.7053 164.3939 136.9913 164.1813 137.3199 c
163.9689 137.6484 163.8332 138.0022 163.7736 138.3809 c
163.7144 138.7593 163.6849 139.0915 163.6849 139.3775 c
163.6849 139.9062 163.8034 140.5704 164.0432 141.3706 c
164.2805 142.1708 164.8757 142.8282 165.8293 143.3426 c
166.1111 143.4711 l
166.3804 143.5853 166.5729 143.6746 166.6916 143.7389 c
166.8104 143.8033 166.9068 143.9070 166.9757 144.0499 c
167.0746 144.1928 167.1239 144.3713 167.1239 144.5856 c
167.1239 144.8714 167.0525 145.0715 166.9090 145.1857 c
166.7633 145.3000 166.6225 145.3572 166.4841 145.3572 c
166.2840 145.3572 166.1060 145.2858 165.9478 145.1429 c
165.7899 145.0001 165.6663 144.8572 165.5821 144.7143 c
165.4982 144.5715 165.4118 144.3858 165.3228 144.1570 c
165.2933 144.0428 165.1921 143.9855 165.0240 143.9855 c
164.8953 143.9855 164.7720 144.0249 164.6510 144.1035 c
164.5325 144.1820 164.3769 144.3679 164.1841 144.6608 c
163.9888 144.9536 163.8924 145.3428 163.8924 145.8289 c
163.8924 146.2003 163.9715 146.5503 164.1297 146.8789 c
164.2876 147.2077 164.5398 147.4900 164.8857 147.7256 c
165.2315 147.9614 165.7060 148.0793 166.3087 148.0793 c
166.4569 148.0793 166.5780 148.0793 166.6718 148.0793 c
166.7656 148.0793 167.0275 148.0436 167.4575 147.9722 c
167.8876 147.9008 168.2456 147.7933 168.5322 147.6505 c
168.8190 147.5079 169.0758 147.2862 169.3032 146.9860 c
169.5203 146.7289 169.6910 146.4216 169.8146 146.0645 c
169.9379 145.7073 170.0220 145.4179 170.0666 145.1965 c
170.1111 144.9751 170.1332 144.6571 170.1332 144.2426 c
170.1629 143.6210 l
170.1629 143.3639 l
170.1777 143.2996 l
170.1629 142.0778 l
170.1777 141.5208 l
170.1924 140.7705 l
170.2222 139.4631 l
170.2517 138.3058 l
170.2667 138.1343 l
170.2814 137.3199 l
170.2962 136.8448 l
170.2962 136.5695 170.2222 136.3876 170.0739 136.2980 c
169.9257 136.2087 169.5997 136.1622 169.0954 136.1622 c
168.5174 136.0769 l
168.1764 136.0769 l
167.5094 136.0769 l
167.2724 136.0769 l
166.3829 136.1622 l
166.0467 136.1622 165.7996 136.1874 165.6417 136.2376 c
165.4835 136.2875 165.3154 136.3623 165.1377 136.4624 c
h
166.4867 139.7418 m
166.5459 139.2704 166.6692 139.0346 166.8572 139.0346 c
166.9757 139.0346 167.0499 139.1525 167.0797 139.3880 c
167.1092 139.6239 167.1239 139.8917 167.1239 140.1919 c
167.1239 140.3631 167.1191 140.4989 167.1092 140.5990 c
167.0992 140.6991 167.0672 140.7705 167.0128 140.8136 c
166.9584 140.8564 166.8866 140.8635 166.7979 140.8348 c
166.5904 140.7348 166.4867 140.4777 166.4867 140.0632 c
h
h
171.2599 142.0673 m
171.2154 143.7140 l
171.2154 145.4000 l
171.2154 147.0932 l
171.2599 148.7650 l
171.2599 149.1724 l
171.3044 150.4369 l
171.3044 150.9228 171.3932 151.2371 171.5712 151.3800 c
171.7489 151.5229 172.1098 151.5943 172.6532 151.5943 c
172.9202 151.5943 l
173.5722 151.5943 l
174.4911 151.5515 l
174.5804 151.5300 l
174.6890 151.5013 174.7287 151.3193 174.6989 150.9834 c
174.5952 150.3082 l
174.5804 150.0511 l
174.5212 149.6010 l
174.4174 148.0363 l
174.4024 147.6505 l
174.3579 146.5648 l
174.3579 146.2360 174.3554 145.9182 174.3506 145.6143 c
174.3454 145.3071 174.3381 145.0216 174.3284 144.7500 c
174.3877 143.5141 l
174.4024 143.1924 l
174.4319 142.2281 l
174.4767 141.4349 l
174.4911 140.9635 l
174.5212 140.3169 l
174.5654 139.6916 l
174.5952 139.1559 l
174.6544 138.4665 l
174.7431 137.4769 l
174.7630 137.2734 174.7854 137.0874 174.8100 136.9162 c
174.8347 136.7447 174.8472 136.6019 174.8472 136.4839 c
174.8472 136.2410 174.7383 136.1197 174.5212 136.1197 c
174.2839 136.1197 l
174.1207 136.1197 l
173.3352 136.1197 l
172.5347 136.1197 l
172.1296 136.1197 171.8626 136.1622 171.7342 136.2481 c
171.6058 136.3337 171.5168 136.5412 171.4674 136.8697 c
171.4524 136.9769 l
171.4229 137.7057 l
171.3487 138.9059 l
171.3487 139.1630 l
171.3339 139.3345 l
171.3044 140.6169 l
171.3044 140.7849 l
h
h
180.7914 139.3739 m
181.4536 139.7273 181.8884 140.3240 182.0959 141.1566 c
182.3431 140.9134 182.4664 140.5312 182.4664 140.0026 c
182.4664 139.6916 182.4097 139.2381 182.2961 138.6485 c
182.1824 138.0557 181.9573 137.5163 181.6217 137.0271 c
181.2855 136.5338 180.8904 136.1911 180.4357 136.0018 c
179.9810 135.8087 179.4277 135.7123 178.7754 135.7123 c
177.9650 135.8124 177.3522 136.1126 176.9372 136.6126 c
176.5222 137.1090 176.2183 137.5841 176.0258 138.0342 c
175.8328 138.4843 175.6919 138.9274 175.6032 139.3702 c
175.5142 139.8132 175.4600 140.2277 175.4402 140.6134 c
175.4203 140.9956 175.4104 141.4814 175.4104 142.0673 c
175.4104 142.6031 l
175.4104 142.7890 175.4178 142.9818 175.4325 143.1890 c
175.4476 143.3962 175.5068 143.8211 175.6106 144.4640 c
175.7143 145.1038 175.9465 145.7430 176.3073 146.3788 c
176.6679 147.0146 177.1177 147.4826 177.6563 147.7899 c
178.1949 148.0972 178.7706 148.2508 179.3832 148.2508 c
179.7290 148.2508 179.9983 148.2256 180.1911 148.1757 c
180.3838 148.1258 180.6259 148.0042 180.9176 147.8112 c
181.2090 147.6184 181.4485 147.4112 181.6364 147.1827 c
181.8241 146.9540 181.9922 146.6362 182.1404 146.2289 c
182.2887 145.8252 182.3627 145.3929 182.3627 144.9357 c
182.3627 143.9963 182.1849 143.3140 181.8292 142.8959 c
181.4734 142.4744 181.2362 142.2173 181.1177 142.1243 c
180.9989 142.0316 180.7620 141.8780 180.4059 141.6637 c
179.8427 141.3456 l
179.6944 141.2600 l
179.5859 141.1883 179.4796 141.1169 179.3758 141.0457 c
179.2721 140.9743 179.1411 140.8671 178.9829 140.7240 c
178.8248 140.5811 178.7457 140.3810 178.7457 140.1239 c
178.7457 139.8847 178.8469 139.6596 179.0495 139.4524 c
179.2522 139.2452 179.5414 139.1417 179.9167 139.1417 c
180.0751 139.1417 180.2157 139.1559 180.3393 139.1845 c
180.4629 139.2131 180.6134 139.2775 180.7914 139.3739 c
h
178.3604 143.8569 m
178.4197 143.7282 178.5087 143.6641 178.6272 143.6641 c
178.7261 143.6641 178.8398 143.7282 178.9682 143.8569 c
179.0966 143.9855 179.2250 144.1786 179.3534 144.4357 c
179.4574 144.7571 l
179.4969 144.9428 179.4796 145.1072 179.4053 145.2501 c
179.3313 145.3929 179.2250 145.4502 179.0867 145.4216 c
178.9189 145.4216 178.7457 145.2501 178.5679 144.9071 c
178.3998 144.5355 178.3159 144.2571 178.3159 144.0711 c
178.3159 143.9997 178.3307 143.9283 178.3604 143.8569 c
f
/GS8 gs
/CS9 cs 0.1804 0.2627 0.5490 0.3725 scn
155.8621 133.1563 m
156.7273 133.1563 157.4283 132.4780 157.4283 131.6409 c
157.4283 130.8042 156.7273 130.1255 155.8621 130.1255 c
154.9973 130.1255 154.2960 130.8042 154.2960 131.6409 c
154.2960 132.4780 154.9973 133.1563 155.8621 133.1563 c
f*
/GS8 gs
/CS9 cs 0.1804 0.2627 0.5490 0.3725 scn
157.8260 130.4144 m
158.6631 130.4144 159.3414 129.7358 159.3414 128.8990 c
159.3414 128.0619 158.6631 127.3836 157.8260 127.3836 c
156.9892 127.3836 156.3106 128.0619 156.3106 128.8990 c
156.3106 129.7358 156.9892 130.4144 157.8260 130.4144 c
f*
/GS8 gs
/CS9 cs 0.2745 0.3961 0.8353 0.0392 scn
160.5835 129.0620 m
160.9937 129.0620 161.3262 128.7295 161.3262 128.3196 c
161.3262 127.9094 160.9937 127.5772 160.5835 127.5772 c
160.1736 127.5772 159.8411 127.9094 159.8411 128.3196 c
159.8411 128.7295 160.1736 129.0620 160.5835 129.0620 c
f*
/GS8 gs
/CS9 cs 0.1804 0.2627 0.5490 0.3725 scn
161.5462 127.4987 m
161.9561 127.4987 162.2886 127.1665 162.2886 126.7563 c
162.2886 126.3461 161.9561 126.0139 161.5462 126.0139 c
161.1360 126.0139 160.8035 126.3461 160.8035 126.7563 c
160.8035 127.1665 161.1360 127.4987 161.5462 127.4987 c
f*
/GS8 gs
/CS9 cs 0.2745 0.3961 0.8353 0.0392 scn
160.5138 130.8665 m
160.8678 130.8665 161.1547 130.5887 161.1547 130.2460 c
161.1547 129.9036 160.8678 129.6258 160.5138 129.6258 c
160.1597 129.6258 159.8726 129.9036 159.8726 130.2460 c
159.8726 130.5887 160.1597 130.8665 160.5138 130.8665 c
f*
/GS8 gs
/CS9 cs 0.2745 0.3961 0.8353 0.0392 scn
158.7847 127.7008 m
159.1948 127.7008 159.5273 127.3686 159.5273 126.9584 c
159.5273 126.5485 159.1948 126.2160 158.7847 126.2160 c
158.3748 126.2160 158.0423 126.5485 158.0423 126.9584 c
158.0423 127.3686 158.3748 127.7008 158.7847 127.7008 c
f*
/GS8 gs
/CS9 cs 0.2745 0.3961 0.8353 0.0392 scn
153.3291 129.7213 m
153.7393 129.7213 154.0715 129.3891 154.0715 128.9789 c
154.0715 128.5690 153.7393 128.2365 153.3291 128.2365 c
152.9192 128.2365 152.5867 128.5690 152.5867 128.9789 c
152.5867 129.3891 152.9192 129.7213 153.3291 129.7213 c
f*
/GS8 gs
/CS9 cs 0.2745 0.3961 0.8353 0.0392 scn
148.6159 128.3156 m
149.0258 128.3156 149.3583 127.9831 149.3583 127.5732 c
149.3583 127.1631 149.0258 126.8308 148.6159 126.8308 c
148.2058 126.8308 147.8733 127.1631 147.8733 127.5732 c
147.8733 127.9831 148.2058 128.3156 148.6159 128.3156 c
f*
/GS8 gs
/CS9 cs 0.2745 0.3961 0.8353 0.0392 scn
145.2937 125.6100 m
145.7036 125.6100 146.0361 125.2777 146.0361 124.8676 c
146.0361 124.4577 145.7036 124.1252 145.2937 124.1252 c
144.8836 124.1252 144.5511 124.4577 144.5511 124.8676 c
144.5511 125.2777 144.8836 125.6100 145.2937 125.6100 c
f*
q
/GS8 gs
0 J
0 j
0.2636 w
2.613125929752795 M
[] 0 d
/CS9 CS 0.2902 0.6863 1.0000 0.2118 SCN
/CS9 cs 0.0000 0.0000 0.6000 0.2000 scn
q
0.42825 0.07929 -0.09788 0.34688 0.0000 0.0000 cm
432.2497 245.0557 m
432.2497 245.0557 433.5313 243.9839 433.9517 243.6058 c
434.3723 243.2271 436.2216 241.2516 438.3023 241.3774 c
440.3823 241.5036 441.3285 241.9452 442.0854 242.4495 c
442.8420 242.9541 443.3666 242.8489 443.3666 242.8489 c
443.3666 242.8489 443.5140 243.3954 443.4089 243.4161 c
443.3040 243.4377 442.5052 243.2900 442.4635 243.4377 c
442.4216 243.5845 441.1185 245.3289 439.7312 246.0226 c
438.3442 246.7157 436.2004 246.6530 435.2338 246.1910 c
434.2666 245.7281 433.8884 245.4131 433.3844 245.4131 c
432.8802 245.4123 432.5856 245.4129 432.7540 245.8539 c
432.9215 246.2953 433.0267 246.3588 432.9221 246.3378 c
432.8172 246.3165 432.2497 245.0557 432.2497 245.0557 c
b*
Q
/GS8 gs
0 J
0 j
0.2636 w
2.613125929752795 M
[] 0 d
/CS9 CS 0.2902 0.6863 1.0000 0.2118 SCN
q
0.42825 0.07929 -0.09788 0.34688 0.0000 0.0000 cm
434.1827 244.6775 m
434.1827 244.6775 434.3298 244.1937 436.0533 243.1851 c
437.7767 242.1768 440.6562 242.4288 441.2021 242.7650 c
441.7489 243.1009 441.7699 242.8070 441.7699 242.8070 c
S
Q
/GS8 gs
0 J
0 j
0.2636 w
2.613125929752795 M
[] 0 d
/CS9 CS 0.2902 0.6863 1.0000 0.2118 SCN
q
0.42825 0.07929 -0.09788 0.34688 0.0000 0.0000 cm
436.2216 244.0259 m
436.2216 244.0259 436.2846 243.4584 438.1974 243.3538 c
440.1099 243.2483 441.0763 243.6265 441.0763 243.6265 c
S
Q
Q
q
/GS8 gs
0 J
0 j
0.2636 w
2.613125929752795 M
[] 0 d
/CS9 CS 0.2902 0.6863 1.0000 0.2118 SCN
/CS9 cs 0.0000 0.0000 0.6000 0.2000 scn
q
0.40544 -0.15906 0.10027 0.34620 0.0000 0.0000 cm
278.7746 484.2122 m
278.7746 484.2122 280.0565 483.1398 280.4771 482.7623 c
280.8972 482.3838 282.7463 480.4078 284.8272 480.5345 c
286.9075 480.6601 287.8534 481.1012 288.6103 481.6060 c
289.3671 482.1109 289.8924 482.0051 289.8924 482.0051 c
289.8924 482.0051 290.0398 482.5519 289.9344 482.5732 c
289.8295 482.5936 289.0301 482.4468 288.9884 482.5936 c
288.9465 482.7407 287.6431 484.4852 286.2564 485.1785 c
284.8697 485.8727 282.7256 485.8098 281.7590 485.3475 c
280.7918 484.8843 280.4139 484.5691 279.9094 484.5691 c
279.4051 484.5691 279.1106 484.5696 279.2792 485.0107 c
279.4467 485.4521 279.5522 485.5153 279.4470 485.4937 c
279.3424 485.4728 278.7746 484.2122 278.7746 484.2122 c
b*
Q
/GS8 gs
0 J
0 j
0.2636 w
2.613125929752795 M
[] 0 d
/CS9 CS 0.2902 0.6863 1.0000 0.2118 SCN
q
0.40544 -0.15906 0.10027 0.34620 0.0000 0.0000 cm
280.7084 483.8340 m
280.7084 483.8340 280.8553 483.3505 282.5785 482.3416 c
284.3019 481.3330 287.1808 481.5856 287.7276 481.9218 c
288.2744 482.2574 288.2954 481.9635 288.2954 481.9635 c
S
Q
/GS8 gs
0 J
0 j
0.2636 w
2.613125929752795 M
[] 0 d
/CS9 CS 0.2902 0.6863 1.0000 0.2118 SCN
q
0.40544 -0.15906 0.10027 0.34620 0.0000 0.0000 cm
282.7468 483.1821 m
282.7468 483.1821 282.8095 482.6149 284.7223 482.5103 c
286.6348 482.4048 287.6012 482.7827 287.6012 482.7827 c
S
Q
Q
q
/GS8 gs
0 J
0 j
0.2636 w
2.613125929752795 M
[] 0 d
/CS9 CS 0.2902 0.6863 1.0000 0.2118 SCN
/CS9 cs 0.0000 0.0000 0.6000 0.2000 scn
q
-0.38838 -0.19708 0.19193 -0.30508 0.0000 0.0000 cm
-470.9716 -94.1760 m
-470.9716 -94.1760 -469.6900 -95.2483 -469.2694 -95.6259 c
-468.8493 -96.0043 -466.9997 -97.9804 -464.9190 -97.8537 c
-462.8381 -97.7281 -461.8925 -97.2873 -461.1359 -96.7827 c
-460.3791 -96.2773 -459.8538 -96.3828 -459.8538 -96.3828 c
-459.8538 -96.3828 -459.7064 -95.8365 -459.8118 -95.8150 c
-459.9170 -95.7946 -460.7161 -95.9417 -460.7578 -95.7940 c
-460.7997 -95.6472 -462.1025 -93.9030 -463.4895 -93.2097 c
-464.8768 -92.5160 -467.0203 -92.5781 -467.9872 -93.0416 c
-468.9541 -93.5039 -469.3326 -93.8188 -469.8371 -93.8191 c
-470.3411 -93.8186 -470.6354 -93.8191 -470.4670 -93.3778 c
-470.2992 -92.9361 -470.1943 -92.8729 -470.2989 -92.8945 c
-470.4041 -92.9149 -470.9716 -94.1760 -470.9716 -94.1760 c
b*
Q
/GS8 gs
0 J
0 j
0.2636 w
2.613125929752795 M
[] 0 d
/CS9 CS 0.2902 0.6863 1.0000 0.2118 SCN
q
-0.38838 -0.19708 0.19193 -0.30508 0.0000 0.0000 cm
-469.0378 -94.5547 m
-469.0378 -94.5547 -468.8912 -95.0377 -467.1680 -96.0469 c
-465.4443 -97.0554 -462.5649 -96.8029 -462.0186 -96.4670 c
-461.4721 -96.1308 -461.4511 -96.4247 -461.4511 -96.4247 c
S
Q
/GS8 gs
0 J
0 j
0.2636 w
2.613125929752795 M
[] 0 d
/CS9 CS 0.2902 0.6863 1.0000 0.2118 SCN
q
-0.38838 -0.19708 0.19193 -0.30508 0.0000 0.0000 cm
-466.9994 -95.2061 m
-466.9994 -95.2061 -466.9364 -95.7728 -465.0239 -95.8785 c
-463.1114 -95.9831 -462.1445 -95.6052 -462.1445 -95.6052 c
S
Q
Q
q
/GS8 gs
/CS9 cs 0.2902 0.6863 1.0000 0.2118 scn
170.4997 122.9043 m
170.7435 122.9043 l
170.8475 122.4573 170.8330 122.5967 170.7435 122.4162 c
170.5175 122.4768 170.6649 122.4780 170.4387 122.5383 c
170.4430 122.7243 170.4662 122.7609 170.4997 122.9043 c
h
169.8902 122.9652 m
170.0456 122.8612 170.0804 122.8609 170.1340 122.6602 c
169.9693 122.6741 169.9682 122.6889 169.8293 122.7212 c
169.8412 122.8629 169.8426 122.8774 169.8902 122.9652 c
h
170.7435 123.2705 m
171.2466 123.1532 171.0944 122.7824 171.6576 122.7824 c
171.7345 122.9683 171.6817 122.7966 171.6576 123.0874 c
171.8566 122.9539 171.7982 122.9102 172.0843 122.8433 c
172.0497 122.4255 171.4640 122.4088 171.1701 122.4771 c
171.1701 123.0129 171.0198 122.7971 170.8291 123.0511 c
170.7503 123.1563 170.7681 123.2152 170.7435 123.2705 c
h
169.0370 123.8196 m
169.2147 123.7720 169.1365 123.8383 169.2102 123.6878 c
169.3692 123.3618 169.4375 123.2793 169.4636 122.9652 c
168.9732 123.0060 169.2468 123.3496 169.0370 123.8196 c
h
172.2671 127.2971 m
172.2209 127.4706 172.1752 127.5041 172.0378 127.6172 c
171.8223 127.7938 171.8042 127.6744 171.7795 127.9684 c
172.1707 127.9684 172.3150 127.9777 172.8034 127.4681 c
172.9301 127.3360 173.0268 127.1914 173.0531 126.9859 c
173.0786 126.7858 173.1169 126.4124 173.1203 126.2599 c
172.6410 126.2999 173.1186 126.3966 172.6937 126.4431 c
172.7538 126.2180 172.8357 126.2055 173.1203 126.1990 c
173.1881 125.9090 173.5872 125.0016 173.5356 124.7332 c
173.5036 124.5651 173.5486 124.6422 173.4253 124.5515 c
173.3624 124.7868 173.3970 124.5883 173.3584 124.7224 c
173.3298 124.8766 l
173.3278 124.8866 173.3255 124.9047 173.3236 124.9146 c
173.2218 125.3307 l
173.2156 125.3455 173.1909 125.3880 173.1835 125.4039 c
173.0307 125.7327 173.1577 125.6873 172.8765 125.7109 c
172.9434 125.5847 172.9947 125.4322 173.0486 125.2681 c
173.1657 124.9121 173.0886 125.1459 173.0594 124.7958 c
172.8184 124.8520 172.8317 124.8803 172.7586 125.1051 c
172.6838 125.3339 172.7589 125.2483 172.6937 125.5277 c
172.5109 125.5277 l
172.5831 125.2675 l
172.5857 125.2596 172.5919 125.2434 172.5942 125.2361 c
172.7546 124.6124 l
172.6214 124.4305 172.6486 124.5461 172.5355 124.4015 c
172.5282 124.3919 172.5197 124.3809 172.5109 124.3687 c
172.6390 124.1770 172.7379 124.0098 173.0594 124.0027 c
173.0594 124.2465 l
173.2422 124.2465 l
173.2490 123.9409 173.3108 124.0537 173.2382 123.8244 c
173.1203 123.4528 172.7912 122.9428 172.3280 122.9043 c
172.3280 123.4534 l
171.5825 123.9534 172.2572 123.9239 171.6576 124.0634 c
171.8444 123.7844 171.9329 123.6257 171.9624 123.2705 c
171.6069 123.3000 171.6344 123.5897 171.2310 123.6974 c
171.2752 123.5069 171.3138 123.5038 171.2310 123.3315 c
170.7440 123.4616 171.0332 123.8601 170.4997 124.0027 c
170.5915 123.6577 170.7117 123.8967 170.7435 123.5146 c
170.2341 123.5259 170.5785 123.7215 170.1340 123.7584 c
170.2284 123.4043 170.4064 123.5979 170.4387 123.2093 c
170.0640 123.2408 170.2582 123.3765 169.9713 123.4672 c
169.6337 123.5738 169.8369 123.2306 169.5246 123.6974 c
169.7613 123.6779 169.6833 123.6424 169.9512 123.6362 c
169.8137 123.8423 169.6490 124.0339 169.5855 124.3077 c
168.9900 124.3077 169.3463 124.3247 169.0370 124.5515 c
168.7757 124.3037 168.8411 123.8026 168.9151 123.4534 c
168.1129 123.5203 169.0356 124.5101 168.4276 124.9177 c
168.4171 124.8582 l
168.3541 124.4248 168.3334 124.4679 168.4276 124.0634 c
168.0996 124.0909 168.0863 124.2765 167.8575 124.7134 c
167.5791 125.2437 167.9970 125.4098 168.2915 125.3917 c
168.2918 125.3917 170.1811 124.8069 170.2196 125.7800 c
170.2242 125.8991 170.0955 126.2580 170.0555 126.4904 c
170.0297 126.7174 l
169.9713 127.5831 170.5249 127.8465 171.3529 127.8465 c
171.3674 127.8201 171.3648 127.7133 171.4538 127.6404 c
171.5791 127.5378 171.6489 127.5851 171.7211 127.5718 c
171.9686 127.5259 172.0009 127.3683 172.2671 127.2971 c
h
172.5211 124.4803 m
h
171.3192 128.3168 m
171.3348 128.3176 171.4414 128.3315 171.4748 128.3346 c
171.4252 128.1481 171.5420 128.1926 171.0482 128.1515 c
171.0536 128.3391 171.0995 128.3049 171.2373 128.3159 c
h
h
161.6014 132.4831 m
161.6014 132.9562 161.6190 133.2079 161.7843 133.5206 c
161.9847 133.4670 162.1962 133.2386 162.4235 133.1232 c
162.6922 132.9866 162.8374 132.9831 163.0896 132.8139 c
163.6875 132.4134 163.5449 132.6713 164.3522 132.0644 c
164.5957 131.8810 164.8783 131.8394 165.5980 131.2980 c
166.7032 130.4524 l
167.0848 130.1675 168.7473 129.0302 169.1056 128.8905 c
170.0184 128.5342 170.3024 129.3049 171.4586 129.1130 c
171.8544 129.0472 171.9944 129.1003 171.9014 128.7006 c
171.2667 128.7006 171.2409 128.6779 170.7701 128.4908 c
169.8143 128.1104 169.5909 128.2550 169.7125 127.0593 c
169.7340 126.8473 169.7460 126.7030 169.7712 126.4459 c
169.8151 125.9923 169.9781 126.2903 169.8293 125.6499 c
169.6629 125.5700 169.3276 125.4742 169.1178 125.4917 c
168.7620 125.5215 168.7056 125.6440 168.4191 125.7026 c
168.0591 125.7761 167.8144 125.8228 167.7708 126.1860 c
167.7226 126.5845 167.7679 126.4836 167.8791 126.5649 c
167.8856 126.2767 167.8170 126.3257 168.0616 126.2599 c
168.1228 126.9312 l
168.3757 126.9312 168.3397 126.9085 168.4885 126.9921 c
168.5823 126.8144 168.6651 126.7152 168.6713 126.4431 c
168.3884 126.4195 168.4698 126.3943 168.3666 126.1990 c
168.5894 126.2585 168.4942 126.2633 168.6818 126.3934 c
168.9854 126.1276 l
169.2198 126.3212 l
169.2136 126.3951 169.1671 126.6622 169.1425 126.7316 c
169.0835 126.8980 169.0778 126.8402 168.9761 126.9921 c
169.2439 127.4990 169.2896 127.4204 169.0980 127.6021 c
168.9367 127.5372 168.9843 127.7277 168.9761 127.3584 c
168.6132 127.3884 168.8905 127.4689 168.5571 127.4703 c
168.4120 127.4706 168.3734 127.4193 168.1228 127.4193 c
167.7963 127.4193 168.1605 127.9553 167.5743 127.9684 c
167.5993 127.6676 167.5919 127.8729 167.6996 127.6668 c
167.8748 127.3323 167.8791 127.0361 167.8791 126.6262 c
167.6764 126.6803 167.7328 126.7994 167.6991 126.9408 c
167.6707 127.0604 167.7076 126.9037 167.6588 127.0721 c
167.4632 127.7512 167.3830 127.6104 166.9910 128.4214 c
166.8297 128.7547 166.7049 129.0382 166.4674 129.3007 c
166.4161 129.4937 l
166.5264 129.3979 166.4340 129.4775 166.5607 129.3945 c
166.9363 129.1479 166.7546 129.2258 166.8776 128.9792 c
167.0216 128.6906 167.2401 128.7490 167.2693 128.3953 c
167.4524 128.6396 l
167.6174 128.5520 167.7129 128.4752 167.9400 128.4565 c
167.8796 128.6827 167.8592 128.6158 167.7084 128.7780 c
167.4726 129.0314 167.6750 128.8227 167.5743 129.0665 c
167.3053 128.9948 167.3683 128.8559 167.1004 129.1377 c
166.9518 129.2936 166.9365 129.3849 166.7684 129.5413 c
165.9637 130.2610 l
165.7647 130.4158 165.7162 130.4963 165.5464 130.6363 c
165.3951 130.7608 165.2596 130.8195 165.0815 130.9031 c
164.6997 131.0820 164.8372 131.1171 164.6405 131.2064 c
164.3641 131.3317 164.5435 131.0871 164.5877 130.8969 c
164.3661 131.0457 164.1606 131.1820 163.9264 131.3328 c
163.4448 131.6438 163.8802 131.6387 163.4958 131.9391 c
163.0809 132.2637 162.6321 132.6540 162.0890 132.6660 c
162.4054 132.0676 162.5454 132.3343 162.7770 132.2572 c
162.9848 132.1886 163.3173 131.8226 163.3689 131.6290 c
163.0672 131.7889 162.8623 132.0055 162.5168 132.1183 c
h
h
160.9311 133.5206 m
161.1249 133.6552 161.0235 133.6808 161.2967 133.7034 c
161.3843 133.3273 161.4781 133.0449 161.2967 132.6660 c
160.8656 132.7816 160.9311 133.1609 160.9311 133.5206 c
h
160.6263 133.0934 m
160.6263 132.2782 161.1020 132.0814 161.6715 131.8822 c
161.8041 131.8357 161.9144 131.8184 162.0454 131.7685 c
162.1959 131.7112 162.2599 131.6602 162.4195 131.5939 c
163.0009 131.3518 163.8255 130.7704 164.3805 130.3843 c
164.7655 130.1168 165.8563 129.3052 166.1009 128.9339 c
166.5363 128.3323 l
166.6585 128.1365 166.8002 127.8720 166.9045 127.6639 c
167.0278 127.4173 167.1463 127.1894 167.2146 126.8762 c
167.5276 125.4413 167.5627 126.1879 167.0927 124.9118 c
167.0301 124.7417 166.9918 124.6958 166.9414 124.5138 c
166.5196 122.9967 167.7070 123.7584 167.8791 123.7584 c
168.1761 123.7584 168.3425 123.1577 169.0390 122.7231 c
169.1527 122.6520 169.2626 122.6041 169.3908 122.5264 c
170.2261 122.0202 170.9923 122.0199 171.8904 122.2447 c
172.2705 122.3396 172.1183 122.3011 172.3927 122.4734 c
172.9225 122.8065 172.6475 122.4476 173.2167 123.1741 c
173.6861 123.7734 173.9735 124.6895 173.9735 125.4668 c
173.9735 125.9535 173.5637 127.0142 173.3666 127.3000 c
173.2062 127.5327 172.9763 127.7376 172.7552 127.9077 c
172.1061 128.4075 172.3280 128.1949 172.3280 128.7615 c
172.3280 129.4931 171.2324 129.4325 170.7435 129.4325 c
170.1958 129.2488 l
169.1552 128.9245 169.1963 129.2618 168.4060 129.6550 c
168.0602 129.8273 166.7866 130.8013 166.4963 131.0383 c
166.1026 131.3603 163.9369 132.7164 163.4389 132.9194 c
163.1900 133.0209 161.4260 134.1303 161.2967 134.1303 c
160.8466 134.1303 160.6263 133.5651 160.6263 133.0934 c
f*
/GS8 gs
/CS9 cs 0.0902 0.2196 0.5804 0.0000 scn
170.2559 123.8805 m
170.0453 123.9369 170.0685 123.9137 170.0121 124.1243 c
170.2227 124.0682 170.1995 124.0914 170.2559 123.8805 c
h
172.6197 123.9282 m
172.8927 123.6861 172.7263 123.9418 172.8264 123.6410 c
172.8765 123.3924 l
172.7870 123.3502 172.9843 123.2918 172.7535 123.3890 c
172.5534 123.4729 172.5372 123.7105 172.4604 123.8301 c
172.3697 123.9718 171.9967 124.1838 172.1285 124.3154 c
172.2124 124.3996 172.2736 124.2771 172.3737 124.1731 c
172.4669 124.0767 172.5211 124.0157 172.6197 123.9282 c
h
172.5211 124.4803 m
h
172.3280 124.8568 m
172.0227 124.9384 172.3025 124.7624 171.9624 125.4059 c
172.1974 125.3863 172.2291 125.3750 172.2410 125.1848 c
172.2552 124.9622 172.2044 125.0906 172.3280 124.8568 c
h
170.4387 126.6871 m
170.3860 126.6021 170.3871 126.7730 170.3976 126.5289 c
170.3985 126.5136 170.4339 126.4025 170.4370 126.3787 c
170.1848 126.5134 l
170.3880 126.7583 l
h
h
170.6825 126.9921 m
170.6006 126.9516 170.7151 126.9054 170.6094 126.9890 c
170.4824 127.0896 170.5932 126.9921 170.5606 127.1143 c
170.6805 127.0820 170.6020 127.1336 170.6856 127.0653 c
170.7953 126.9754 170.7103 127.0548 170.6825 126.9921 c
h
173.0486 125.2681 m
172.9947 125.4322 172.9434 125.5847 172.8765 125.7109 c
173.1577 125.6873 173.0307 125.7327 173.1835 125.4039 c
173.1909 125.3880 173.2156 125.3455 173.2218 125.3307 c
173.3236 124.9146 l
173.3255 124.9047 173.3278 124.8866 173.3298 124.8766 c
173.3584 124.7224 l
173.3970 124.5883 173.3624 124.7868 173.4253 124.5515 c
173.5486 124.6422 173.5036 124.5648 173.5356 124.7332 c
173.5872 125.0016 173.1881 125.9090 173.1203 126.1990 c
172.8357 126.2055 172.7538 126.2180 172.6937 126.4431 c
173.1186 126.3966 172.6410 126.2999 173.1203 126.2599 c
173.1169 126.4124 173.0786 126.7858 173.0531 126.9859 c
173.0268 127.1914 172.9301 127.3360 172.8034 127.4681 c
172.3150 127.9777 172.1707 127.9684 171.7795 127.9684 c
171.8042 127.6744 171.8223 127.7938 172.0378 127.6172 c
172.1752 127.5041 172.2209 127.4706 172.2671 127.2971 c
172.0009 127.3683 171.9686 127.5259 171.7211 127.5718 c
171.6489 127.5851 171.5791 127.5378 171.4538 127.6404 c
171.3648 127.7133 171.3674 127.8201 171.3529 127.8465 c
170.5249 127.8465 169.9713 127.5831 170.0297 126.7174 c
170.0555 126.4904 l
170.0955 126.2580 170.2242 125.8991 170.2196 125.7800 c
170.1811 124.8069 168.2918 125.3917 168.2915 125.3917 c
167.9970 125.4098 167.5791 125.2437 167.8575 124.7134 c
168.0863 124.2765 168.0996 124.0909 168.4276 124.0634 c
168.3334 124.4679 168.3541 124.4248 168.4171 124.8582 c
168.4276 124.9177 l
169.0356 124.5101 168.1129 123.5203 168.9151 123.4534 c
168.8411 123.8026 168.7757 124.3037 169.0370 124.5515 c
169.3463 124.3247 168.9900 124.3077 169.5855 124.3077 c
169.6490 124.0339 169.8137 123.8423 169.9512 123.6362 c
169.6833 123.6424 169.7613 123.6779 169.5246 123.6974 c
169.8369 123.2306 169.6337 123.5738 169.9713 123.4672 c
170.2582 123.3765 170.0640 123.2408 170.4387 123.2093 c
170.4064 123.5979 170.2284 123.4043 170.1340 123.7584 c
170.5785 123.7215 170.2341 123.5259 170.7435 123.5146 c
170.7117 123.8967 170.5915 123.6577 170.4997 124.0027 c
171.0332 123.8601 170.7440 123.4616 171.2310 123.3315 c
171.3138 123.5038 171.2752 123.5069 171.2310 123.6974 c
171.6344 123.5897 171.6069 123.3000 171.9624 123.2705 c
171.9329 123.6257 171.8444 123.7844 171.6576 124.0634 c
172.2572 123.9236 171.5825 123.9534 172.3280 123.4534 c
172.3280 122.9043 l
172.7912 122.9428 173.1203 123.4528 173.2382 123.8244 c
173.3108 124.0537 173.2490 123.9409 173.2422 124.2465 c
173.0594 124.2465 l
173.0594 124.0027 l
172.8111 124.0084 172.6954 124.1093 172.5968 124.2431 c
172.5676 124.2825 172.4100 124.4358 172.5109 124.3687 c
172.5233 124.3857 172.5344 124.4001 172.5443 124.4126 c
172.6472 124.5402 172.6248 124.4353 172.7546 124.6124 c
172.5942 125.2361 l
172.5919 125.2434 172.5857 125.2596 172.5831 125.2675 c
172.5109 125.5277 l
172.6937 125.5277 l
172.7589 125.2483 172.6838 125.3339 172.7586 125.1051 c
172.8317 124.8803 172.8184 124.8520 173.0594 124.7958 c
173.0886 125.1459 173.1657 124.9121 173.0486 125.2681 c
f*
/GS8 gs
/CS9 cs 0.2745 0.3961 0.8353 0.0392 scn
168.2447 128.5174 m
168.4431 128.4644 168.4964 128.4111 168.5494 128.2124 c
168.2966 128.2714 168.2671 128.2484 168.2447 128.5174 c
h
161.6014 132.4831 m
162.5168 132.1183 l
162.8623 132.0055 163.0672 131.7889 163.3689 131.6290 c
163.3173 131.8226 162.9848 132.1886 162.7770 132.2572 c
162.5454 132.3343 162.4054 132.0676 162.0890 132.6660 c
162.6321 132.6540 163.0809 132.2637 163.4958 131.9391 c
163.8802 131.6387 163.4448 131.6438 163.9264 131.3328 c
164.1606 131.1820 164.3661 131.0457 164.5877 130.8969 c
164.5435 131.0871 164.3641 131.3317 164.6405 131.2064 c
164.8372 131.1171 164.6997 131.0820 165.0815 130.9031 c
165.2596 130.8195 165.3951 130.7608 165.5464 130.6363 c
165.7162 130.4963 165.7647 130.4158 165.9637 130.2610 c
166.7684 129.5413 l
166.9365 129.3849 166.9518 129.2936 167.1004 129.1377 c
167.3683 128.8559 167.3053 128.9948 167.5743 129.0665 c
167.6750 128.8227 167.4726 129.0314 167.7084 128.7780 c
167.8592 128.6158 167.8796 128.6827 167.9400 128.4565 c
167.7129 128.4752 167.6174 128.5520 167.4524 128.6396 c
167.2693 128.3953 l
167.2401 128.7490 167.0216 128.6906 166.8776 128.9792 c
166.7546 129.2258 166.9363 129.1479 166.5607 129.3945 c
166.4340 129.4775 166.5264 129.3979 166.4161 129.4937 c
166.4674 129.3007 l
166.7049 129.0382 166.8297 128.7547 166.9910 128.4214 c
167.3830 127.6104 167.4632 127.7512 167.6588 127.0721 c
167.7076 126.9037 167.6707 127.0604 167.6991 126.9408 c
167.7328 126.7994 167.6764 126.6803 167.8791 126.6262 c
167.8791 127.0361 167.8748 127.3323 167.6996 127.6668 c
167.5919 127.8729 167.5993 127.6676 167.5743 127.9684 c
168.1605 127.9553 167.7963 127.4193 168.1228 127.4193 c
168.3734 127.4193 168.4120 127.4706 168.5571 127.4703 c
168.8905 127.4689 168.6132 127.3884 168.9761 127.3584 c
168.9843 127.7277 168.9367 127.5372 169.0980 127.6021 c
169.2896 127.4204 169.2439 127.4990 168.9761 126.9921 c
169.0778 126.8402 169.0835 126.8980 169.1425 126.7316 c
169.1671 126.6622 169.2136 126.3951 169.2198 126.3212 c
168.9854 126.1276 l
168.6818 126.3934 l
168.4942 126.2633 168.5894 126.2585 168.3666 126.1990 c
168.4698 126.3943 168.3884 126.4195 168.6713 126.4431 c
168.6651 126.7152 168.5823 126.8144 168.4885 126.9921 c
168.3397 126.9085 168.3757 126.9312 168.1228 126.9312 c
168.0616 126.2599 l
167.8170 126.3257 167.8856 126.2767 167.8791 126.5649 c
167.7679 126.4836 167.7226 126.5845 167.7708 126.1860 c
167.8144 125.8228 168.0591 125.7761 168.4191 125.7026 c
168.7056 125.6440 168.7620 125.5215 169.1178 125.4917 c
169.3276 125.4742 169.6629 125.5700 169.8293 125.6499 c
169.9781 126.2903 169.8151 125.9923 169.7712 126.4459 c
169.7460 126.7030 169.7340 126.8473 169.7125 127.0593 c
169.5909 128.2550 169.8143 128.1104 170.7701 128.4908 c
171.2409 128.6779 171.2667 128.7006 171.9014 128.7006 c
171.9944 129.1003 171.8544 129.0472 171.4586 129.1130 c
170.3024 129.3049 170.0184 128.5342 169.1056 128.8905 c
168.7473 129.0302 167.0848 130.1675 166.7032 130.4524 c
165.5980 131.2980 l
164.8783 131.8394 164.5957 131.8810 164.3522 132.0644 c
163.5449 132.6713 163.6875 132.4134 163.0896 132.8139 c
162.8374 132.9831 162.6922 132.9866 162.4235 133.1232 c
162.1962 133.2386 161.9847 133.4670 161.7843 133.5206 c
161.6190 133.2079 161.6014 132.9562 161.6014 132.4831 c
f*
/GS8 gs
/CS9 cs 0.0902 0.2196 0.5804 0.0000 scn
170.7435 123.2705 m
170.7681 123.2152 170.7503 123.1563 170.8291 123.0511 c
171.0198 122.7971 171.1701 123.0129 171.1701 122.4771 c
171.4640 122.4088 172.0497 122.4255 172.0843 122.8433 c
171.7982 122.9102 171.8566 122.9539 171.6576 123.0874 c
171.6817 122.7966 171.7345 122.9683 171.6576 122.7824 c
171.0944 122.7824 171.2466 123.1532 170.7435 123.2705 c
f*
/GS8 gs
/CS9 cs 0.0902 0.2196 0.5804 0.0000 scn
160.9311 133.5206 m
160.9311 133.1609 160.8656 132.7816 161.2967 132.6660 c
161.4781 133.0449 161.3843 133.3273 161.2967 133.7034 c
161.0235 133.6808 161.1249 133.6552 160.9311 133.5206 c
f*
/GS8 gs
/CS9 cs 0.0784 0.5608 1.0000 0.3843 scn
172.8765 123.3924 m
172.8264 123.6410 l
172.7263 123.9418 172.8927 123.6861 172.6197 123.9282 c
172.5211 124.0157 172.4669 124.0770 172.3737 124.1731 c
172.2736 124.2771 172.2124 124.3996 172.1285 124.3154 c
171.9967 124.1838 172.3697 123.9718 172.4604 123.8301 c
172.5372 123.7105 172.5534 123.4729 172.7535 123.3890 c
172.9843 123.2918 172.7870 123.3502 172.8765 123.3924 c
f*
/GS8 gs
/CS9 cs 0.0902 0.2196 0.5804 0.0000 scn
169.0370 123.8196 m
169.2468 123.3496 168.9732 123.0060 169.4636 122.9652 c
169.4375 123.2793 169.3692 123.3618 169.2102 123.6878 c
169.1365 123.8383 169.2147 123.7720 169.0370 123.8196 c
f*
/GS8 gs
/CS9 cs 0.0902 0.2196 0.5804 0.0000 scn
170.4387 122.5383 m
170.6649 122.4780 170.5175 122.4768 170.7435 122.4162 c
170.8330 122.5967 170.8475 122.4573 170.7435 122.9043 c
170.4997 122.9043 l
170.4662 122.7609 170.4430 122.7243 170.4387 122.5383 c
f*
/GS8 gs
/CS9 cs 0.0784 0.5608 1.0000 0.3843 scn
172.3280 124.8568 m
172.2044 125.0906 172.2552 124.9622 172.2410 125.1848 c
172.2291 125.3750 172.1974 125.3863 171.9624 125.4059 c
172.3025 124.7624 172.0227 124.9384 172.3280 124.8568 c
f*
/GS8 gs
/CS9 cs 0.2745 0.3961 0.8353 0.0392 scn
171.0482 128.1515 m
171.5420 128.1926 171.4252 128.1481 171.4748 128.3346 c
171.4414 128.3315 171.3348 128.3176 171.3192 128.3168 c
171.2373 128.3159 l
171.0995 128.3049 171.0536 128.3391 171.0482 128.1515 c
f*
/GS8 gs
/CS9 cs 0.0902 0.2196 0.5804 0.0000 scn
170.1340 122.6602 m
170.0804 122.8609 170.0456 122.8612 169.8902 122.9652 c
169.8426 122.8774 169.8412 122.8629 169.8293 122.7212 c
169.9682 122.6889 169.9693 122.6741 170.1340 122.6602 c
f*
/GS8 gs
/CS9 cs 0.0784 0.5608 1.0000 0.3843 scn
168.5494 128.2124 m
168.4964 128.4111 168.4431 128.4644 168.2447 128.5174 c
168.2671 128.2484 168.2966 128.2714 168.5494 128.2124 c
f*
/GS8 gs
/CS9 cs 0.0784 0.5608 1.0000 0.3843 scn
170.1848 126.5134 m
170.4370 126.3787 l
170.4339 126.4025 170.3985 126.5136 170.3976 126.5289 c
170.3871 126.7730 170.3860 126.6021 170.4387 126.6871 c
170.3880 126.7583 l
h
f*
/GS8 gs
/CS9 cs 0.0784 0.5608 1.0000 0.3843 scn
170.2559 123.8805 m
170.1995 124.0914 170.2227 124.0682 170.0121 124.1243 c
170.0685 123.9140 170.0453 123.9369 170.2559 123.8805 c
f*
/GS8 gs
/CS9 cs 0.0784 0.5608 1.0000 0.3843 scn
170.6825 126.9921 m
170.7103 127.0548 170.7953 126.9754 170.6856 127.0653 c
170.6020 127.1336 170.6805 127.0820 170.5606 127.1143 c
170.5932 126.9921 170.4824 127.0896 170.6094 126.9890 c
170.7151 126.9054 170.6006 126.9516 170.6825 126.9921 c
f*
Q
q
/GS8 gs
/CS9 cs 0.0784 0.5608 1.0000 0.3843 scn
154.8547 116.3750 m
153.9794 117.6477 153.8413 117.5284 153.8413 119.5659 c
153.8867 119.4894 l
154.0562 119.1319 154.0111 118.5789 154.1109 118.1296 c
154.3873 116.8818 155.6113 116.1859 155.9169 114.8771 c
h
h
156.1000 115.1816 m
156.1569 115.1167 156.1382 115.2573 156.1853 115.0495 c
156.1000 114.5724 l
h
h
156.0773 115.5243 m
156.1167 115.4234 156.0917 115.4628 156.1000 115.3644 c
156.0518 115.4194 156.0033 115.3638 155.9781 115.6689 c
156.0308 115.6082 155.9996 115.7233 156.0773 115.5243 c
h
155.7337 115.6689 m
155.6833 116.1289 155.6620 115.5739 155.6116 116.0340 c
155.7337 116.0340 l
155.7666 115.6405 155.9925 115.8551 155.7337 115.6689 c
h
151.0940 115.7295 m
151.1478 115.9299 151.2502 115.9288 151.5169 116.1601 c
152.4197 117.2081 l
152.4824 117.2778 152.4713 117.2676 152.5323 117.3396 c
152.8345 117.6962 153.1244 118.2413 153.2585 118.6858 c
153.4575 119.4001 l
153.5749 119.9066 153.5970 120.0387 153.5970 120.6009 c
153.9122 120.2394 153.5842 118.9636 153.4674 118.6597 c
153.1809 117.9128 152.6754 117.0550 152.0535 116.5385 c
h
h
152.3149 116.3993 m
152.2687 116.2267 152.3279 116.3103 152.1930 116.2168 c
152.1930 116.3993 l
h
h
152.4370 116.5212 m
152.4081 116.6794 152.4974 116.5601 152.5192 116.5090 c
152.5714 116.3880 152.4501 116.4518 152.4370 116.5212 c
h
155.7337 116.2168 m
155.7337 116.4937 155.7003 116.6292 155.7947 116.8257 c
156.0334 116.6516 155.8559 116.5992 155.8559 116.2168 c
h
h
155.1234 116.7041 m
154.9763 116.7917 155.0412 116.7197 155.0013 116.8866 c
155.1234 116.8866 l
h
h
151.1198 117.4697 m
151.1858 117.7115 151.2162 117.5227 151.2162 117.8609 c
151.2774 117.8609 l
151.2774 117.5363 151.4361 117.1587 151.3383 116.9476 c
151.4265 116.9059 151.2286 116.8775 151.5214 116.9476 c
151.3823 116.6581 151.5223 116.8070 151.2927 116.6278 c
151.1410 116.5093 151.1955 116.5297 151.0951 116.3373 c
150.9721 116.1558 l
h
h
150.7280 116.3993 m
150.7280 116.6426 150.6864 116.9393 150.7518 117.1670 c
150.8386 117.4683 150.8499 117.1437 150.8499 117.7999 c
150.9109 117.7999 l
150.9109 117.5122 150.9214 117.3090 150.8751 117.0439 c
150.8434 116.8631 150.7887 116.5459 150.7887 116.3993 c
h
h
158.4198 118.7133 m
158.3087 118.6642 158.1622 118.8266 158.1146 118.9568 c
158.2243 118.9312 158.2954 118.9208 158.3810 118.8479 c
158.5689 118.6877 158.4269 118.7294 158.4198 118.7133 c
h
158.0536 119.2615 m
158.3649 119.2615 158.6058 119.2025 158.8541 119.1464 c
159.1296 119.0843 159.0007 119.0718 159.1651 119.0305 c
159.2717 119.0038 159.4630 119.0177 159.5798 119.0177 c
158.7852 119.0169 l
158.5718 119.0489 158.5803 119.0492 158.4108 119.1305 c
158.2257 119.2195 158.3388 119.2003 158.0536 119.2003 c
h
h
148.5300 119.2615 m
148.9586 119.2708 149.0066 119.5705 149.1406 119.3831 c
148.9309 119.2433 149.0672 119.3219 148.7988 119.2300 c
148.5201 119.1342 148.6692 119.0693 148.5300 119.2615 c
h
156.7885 119.2737 m
157.0674 119.0823 156.9628 119.4253 157.1695 118.9891 c
157.2599 118.7742 l
156.8979 119.0222 l
156.5966 119.3224 156.6065 119.2300 156.4631 119.2022 c
156.5884 119.4437 l
156.6992 119.3700 156.7077 119.3289 156.7885 119.2737 c
h
157.0255 119.1067 m
157.1754 119.0520 157.0175 119.2020 156.9546 119.1396 c
156.8523 119.0373 157.0241 119.1073 157.0255 119.1067 c
h
150.9721 117.9218 m
150.9721 118.3927 151.2147 119.2178 151.6436 119.4437 c
151.6136 119.0869 151.0330 118.5299 151.0330 117.9218 c
h
h
148.4691 119.3831 m
148.3322 119.1940 148.4229 119.1940 148.2860 119.3831 c
h
h
146.7598 119.5050 m
146.7516 119.5050 146.6388 119.5648 146.6376 119.5659 c
146.7437 119.7615 146.7984 119.8233 146.9426 119.6266 c
146.8726 119.5313 146.9316 119.5050 146.7598 119.5050 c
h
158.8473 119.6875 m
158.8473 119.8114 158.8365 119.7125 158.9136 119.7057 c
159.0970 119.6892 158.9049 119.8250 158.9417 119.6875 c
158.9786 119.5503 158.8473 119.6158 158.8473 119.6875 c
h
155.4284 121.0881 m
155.8247 121.3248 156.1380 121.1528 156.7854 120.9798 c
157.0986 120.8962 157.4583 120.7508 157.6888 120.6026 c
157.9175 120.4551 158.7334 119.9616 158.4887 119.5605 c
158.3807 119.3837 158.2600 119.4437 157.9927 119.4437 c
158.0760 119.4866 l
158.2574 119.5824 158.2362 119.5546 158.2886 119.6694 c
158.3586 119.8701 l
158.1083 119.8035 158.0170 119.6493 157.8093 119.6266 c
157.8949 119.7428 158.1477 119.8701 157.8093 119.8701 c
157.6913 119.8701 157.6108 119.7873 157.4430 119.7485 c
157.5723 120.0677 157.2905 119.4897 157.5312 119.8514 c
157.5626 119.8981 157.7492 119.9920 157.4430 119.9920 c
157.2077 119.9920 157.2154 119.6697 156.7981 119.8919 c
156.5538 120.0220 156.6363 120.0589 156.5578 120.1380 c
156.3695 120.3265 156.6079 120.1246 156.3250 120.2230 c
155.9775 120.3440 156.1380 120.5167 155.8939 120.6998 c
155.6600 120.8752 155.5157 120.7630 155.4284 121.0881 c
h
156.7103 119.6875 m
156.4781 119.7417 156.1805 119.8925 156.1000 120.1139 c
156.1935 120.0512 156.2023 120.0492 156.2939 120.0025 c
156.6448 119.7437 l
156.6513 119.7380 156.6726 119.7051 156.6774 119.7156 c
156.6822 119.7258 156.6998 119.6972 156.7103 119.6875 c
h
152.1930 119.6266 m
152.2426 119.8338 152.2253 119.7697 152.3761 119.8701 c
152.3563 119.6323 152.4129 119.6853 152.1930 119.6266 c
h
151.7958 118.2470 m
151.9169 118.3190 151.8369 118.3158 151.8800 118.4922 c
151.9398 118.6563 l
152.0374 118.9086 152.1122 119.0446 152.2823 119.2374 c
152.5431 119.5328 152.4869 119.2853 152.6182 119.5067 c
152.8523 119.9018 152.5921 120.1139 153.2917 120.1139 c
153.3098 119.3020 153.1602 119.4168 152.9921 118.7688 c
152.8342 118.1594 152.2871 117.1911 151.7046 117.1911 c
151.4112 117.1911 151.5685 117.8881 151.5824 117.9828 c
151.7658 117.6780 l
151.7658 117.9842 151.7587 117.9941 151.7046 118.2263 c
h
h
151.9486 118.5307 m
151.9424 118.5248 151.9656 118.5137 151.9671 118.5126 c
h
h
147.5532 119.6266 m
147.9725 119.6266 147.8426 119.7283 148.2857 119.7488 c
148.5884 119.7626 148.6933 119.8525 148.9567 119.8709 c
149.4337 119.9038 150.0523 119.8701 150.5446 119.8701 c
150.5089 119.8392 150.5747 119.8157 150.4043 119.7754 c
148.2463 119.6039 l
148.1233 119.5787 148.0071 119.5390 147.9325 119.5407 c
147.8514 119.5427 147.6816 119.5659 147.5532 119.5659 c
h
h
150.6059 119.8701 m
150.7708 120.0954 150.6061 119.9180 150.8774 120.0257 c
151.1201 120.1212 150.8108 120.0849 151.1552 120.1139 c
151.0597 119.9843 151.1096 120.0501 151.0262 119.9988 c
151.0112 119.9894 150.9610 119.9670 150.9443 119.9585 c
h
h
156.7103 121.2707 m
157.3345 121.2707 157.7015 121.1278 158.1262 120.9169 c
158.1299 120.9149 158.2699 120.8390 158.2841 120.8307 c
158.2954 120.8239 158.3104 120.8146 158.3218 120.8075 c
158.4332 120.7361 l
158.4439 120.7287 158.4587 120.7185 158.4694 120.7114 c
158.7379 120.5337 158.9868 120.2958 159.2135 120.2355 c
159.1401 120.4376 159.2235 120.2854 159.0466 120.4345 c
158.4439 120.9436 158.0525 121.0601 157.7483 121.2707 c
158.4230 121.2707 159.3771 120.3282 159.9324 119.8568 c
160.6385 119.2822 l
160.6757 119.2544 160.7380 119.2039 160.7411 119.2020 c
160.8500 119.1277 l
160.8562 119.1237 160.9512 119.0585 160.9571 119.0520 c
161.0705 118.9281 161.0243 119.0832 161.0450 118.8351 c
160.8540 118.8193 160.8282 118.7742 160.6175 118.7742 c
159.6410 118.8958 l
160.0121 118.8958 160.0860 118.9568 160.4344 118.9568 c
160.6618 118.9568 160.4843 118.8054 160.8007 118.9568 c
160.6629 119.1444 160.5634 119.1141 160.3556 119.2436 c
160.0087 119.4605 159.4902 120.0997 159.4298 120.1467 c
159.2946 120.2519 159.4922 120.2051 159.2135 120.2355 c
159.2853 120.0376 159.5313 119.8443 159.6878 119.6734 c
159.7833 119.5685 159.8570 119.4979 159.9630 119.4001 c
160.1084 119.2657 160.1436 119.2677 160.1901 119.1396 c
159.6917 119.1506 160.1042 119.3221 159.5798 119.2003 c
159.5752 119.2082 159.5733 119.2229 159.5716 119.2263 c
159.4576 119.3831 l
159.3924 119.2218 159.5832 119.2697 159.2135 119.2615 c
159.1458 119.5826 l
159.0667 119.9622 159.1430 119.7723 158.8467 120.0523 c
158.8377 120.0611 158.8252 120.0742 158.8164 120.0830 c
158.3308 120.5121 l
158.1718 120.6763 157.1057 121.2097 156.7103 121.2097 c
h
h
154.2076 120.2355 m
154.2076 120.4722 154.2008 120.2374 154.2926 120.4591 c
154.3329 120.5563 154.3141 120.5572 154.3751 120.6278 c
154.4596 120.7259 154.5500 120.7460 154.5849 120.5935 c
154.6486 120.3137 154.4267 120.5320 154.5826 120.3038 c
154.6750 120.1689 154.6430 120.2715 154.8791 120.1139 c
154.8238 120.3500 154.8218 120.3265 154.8791 120.4180 c
154.9454 120.1711 154.9894 120.2383 155.1410 120.0095 c
155.4452 119.2776 l
155.5614 118.8984 155.7952 117.9249 155.6807 117.5485 c
155.6396 117.4130 155.6028 117.2421 155.3292 117.2806 c
155.2822 117.2871 155.2034 117.3331 155.1719 117.3543 c
155.0628 117.4280 154.9344 117.5332 154.9440 117.6681 c
154.9505 117.7517 l
154.9500 117.7583 154.9491 117.7761 154.9480 117.7826 c
154.8995 118.0380 154.6350 118.1738 154.5358 118.3708 c
154.3918 118.6560 154.2076 119.8826 154.2076 120.2355 c
h
155.4897 117.8609 m
155.4897 118.1710 155.4443 118.1285 155.6116 118.2872 c
155.3675 118.2872 l
155.3675 117.8609 l
h
h
156.0504 119.3947 m
156.2151 118.9826 156.3775 117.5703 156.1000 117.2520 c
156.1000 118.4142 156.0779 118.9140 155.6155 119.6915 c
155.5705 119.7669 155.5546 119.8089 155.5002 119.8809 c
154.6350 120.9053 l
155.1163 120.7936 155.7439 119.9849 155.9699 119.5577 c
156.0314 119.4364 l
156.0373 119.4233 156.0450 119.4080 156.0504 119.3947 c
h
155.6728 120.4792 m
155.4718 120.5325 155.5251 120.5405 155.3102 120.7267 c
155.1832 120.8435 l
155.1747 120.8523 155.1379 120.8914 155.1234 120.9053 c
155.3882 120.8835 155.5370 120.6814 155.6728 120.4792 c
h
152.0711 119.8701 m
152.1445 120.1861 152.3684 120.3199 152.5745 120.5249 c
153.0366 120.9858 153.0709 121.2114 153.2917 121.0272 c
153.1366 120.7959 153.1429 120.9115 152.9694 120.7397 c
152.7554 120.5274 152.6355 120.2477 152.0711 119.8701 c
h
153.5970 120.9053 m
153.6956 121.0912 153.6012 121.0654 153.7929 121.1443 c
154.2626 121.3370 153.9465 120.8667 153.9023 120.7837 c
153.7946 120.8353 153.7047 120.8540 153.5970 120.9053 c
h
152.9867 121.1491 m
152.8645 121.1491 l
152.8645 121.3316 l
152.9867 121.3316 l
h
h
147.4923 119.9310 m
147.5844 120.2757 148.2602 120.7069 148.5828 120.8529 c
148.9306 121.0096 149.5936 121.3821 150.0562 121.3926 c
150.0562 121.2097 l
149.6424 121.2004 149.7280 121.1289 149.6146 121.0238 c
149.5568 120.9779 l
149.5437 120.9685 149.4986 120.9427 149.4836 120.9334 c
148.6721 120.4087 149.0374 120.8200 148.8963 120.4792 c
148.7344 120.5566 148.8308 120.5348 148.5910 120.5402 c
148.5607 120.1734 148.5986 120.4288 148.3699 120.2615 c
148.3668 120.2596 148.3563 120.2499 148.3540 120.2479 c
148.3469 120.2420 148.3359 120.2238 148.3311 120.2185 c
148.2423 120.1569 l
148.2324 120.1535 148.2106 120.1445 148.1984 120.1402 c
h
h
149.0797 120.3574 m
149.2557 120.4044 149.4601 120.5838 149.7498 120.7239 c
150.5928 121.1312 151.1266 121.5142 152.0711 121.5142 c
152.8707 121.5142 152.3520 121.4966 152.7423 121.3926 c
152.6199 121.1610 152.5771 121.1258 152.3690 120.9733 c
151.5844 120.3968 151.7715 120.7548 151.3040 120.5785 c
151.0974 120.5005 150.9769 120.4390 150.7280 120.4180 c
151.0330 120.2355 l
150.4865 120.2355 150.4698 119.9769 149.5242 120.1303 c
149.2571 120.1734 149.4028 120.1209 149.0797 120.1139 c
h
h
149.5678 121.4532 m
149.8975 121.7656 149.9800 121.7529 150.5812 121.9042 c
150.6903 121.9317 150.7853 121.9757 150.8624 121.9893 c
151.8267 121.9405 l
151.3899 121.9405 150.9897 121.8396 150.6178 121.7458 c
h
h
156.4662 121.6361 m
156.2777 121.3792 156.0008 121.5751 155.4897 121.5751 c
155.5299 121.8095 155.9633 121.6361 156.4662 121.6361 c
h
157.9527 122.1021 m
158.0698 122.2571 158.0576 122.2138 158.1758 122.2449 c
158.1358 122.0743 158.0479 121.9297 157.9433 121.8067 c
157.7548 121.5848 157.7262 121.5927 157.5652 121.5751 c
157.6840 121.7520 157.6888 121.6568 157.7483 121.8798 c
157.5085 121.7931 157.6636 121.7625 157.3821 121.6970 c
157.5527 121.8920 l
157.6466 122.0000 157.6397 121.9898 157.7483 122.0624 c
157.8705 121.8798 l
h
h
157.0768 121.6361 m
157.1173 121.8095 157.0992 121.8101 157.2304 121.9093 c
157.3483 121.9983 157.3325 121.9873 157.5043 122.0014 c
157.3614 121.7886 157.3044 121.7565 157.0768 121.6361 c
h
151.8877 121.9405 m
151.8877 122.0624 l
152.1377 122.0043 152.1746 122.0014 152.4983 122.0014 c
152.4983 121.9405 l
h
h
158.8139 122.5826 m
158.9238 122.7875 158.8232 122.6837 159.0304 122.7929 c
158.9675 122.5230 158.8008 122.3773 158.6030 122.2449 c
158.5057 122.3898 158.5290 122.3084 158.4808 122.4884 c
158.7251 122.3668 l
h
h
149.5069 122.6713 m
149.5826 122.3884 149.6030 122.6174 149.6290 122.3059 c
149.5069 122.3059 l
149.4689 122.6537 149.2662 122.4955 149.5069 122.6713 c
h
153.4751 121.2097 m
153.3249 121.2097 153.1786 121.3396 153.0873 121.4320 c
152.7554 121.7693 152.8767 122.1919 152.8645 122.7322 c
153.0553 122.7297 l
152.9867 122.4884 l
153.4156 122.5882 153.1950 122.8028 153.7373 122.6954 c
154.1151 122.6203 154.1463 122.5083 154.2946 122.2072 c
154.4151 121.9637 154.3975 121.6185 154.2064 121.4549 c
h
h
149.0202 122.6120 m
149.0136 122.6234 149.0012 122.6361 148.9941 122.6469 c
148.7744 122.9757 l
149.0026 122.9148 149.0247 122.8450 149.0797 122.6103 c
149.0984 122.6302 149.1395 122.6693 149.1769 122.6959 c
149.3609 122.8263 149.0049 122.6364 149.2628 122.7322 c
149.2109 122.5106 149.2291 122.5369 149.0797 122.4278 c
h
h
149.5678 124.5586 m
149.6426 124.9963 151.6360 123.6569 152.0405 123.2501 c
152.0495 123.2410 152.0620 123.2280 152.0711 123.2192 c
151.8160 123.2694 l
151.3349 123.6484 150.1438 124.5112 149.5678 124.5586 c
h
154.7572 122.0014 m
155.2552 122.0014 155.4077 122.1123 155.9174 122.1225 c
156.3690 122.1318 157.0691 122.3067 157.5332 122.4598 c
158.8473 122.9757 l
158.5346 122.5103 157.8197 122.2676 157.2687 122.1752 c
157.0757 122.1429 156.9611 122.1426 156.7182 122.1157 c
156.1249 122.0502 155.2252 121.6772 154.7572 122.0014 c
h
153.1089 123.0976 m
153.3288 123.0389 153.2718 123.0919 153.2917 122.8538 c
153.0717 122.9125 153.1284 122.8595 153.1089 123.0976 c
h
148.4691 122.8538 m
148.4206 123.2969 148.3588 122.7540 148.3469 123.2802 c
148.5031 123.1010 148.4427 123.1495 148.4765 123.0279 c
148.6522 123.1586 l
148.6321 122.9159 148.6276 122.9598 148.4691 122.8538 c
h
157.6426 124.3602 m
157.6570 124.3670 157.7089 124.3908 157.7268 124.3979 c
159.1807 124.9498 160.1065 124.5660 160.8619 124.7417 c
160.7987 124.5053 160.6173 124.4106 160.4690 124.2201 c
159.7141 123.2527 159.7028 123.4655 158.9692 122.9757 c
159.0403 123.1713 159.8097 123.8159 160.0070 124.0109 c
160.1651 124.1589 l
160.2595 124.2414 160.6249 124.5586 160.2513 124.5586 c
159.5798 124.5586 l
158.9114 124.5586 158.8487 124.3763 158.3586 124.3763 c
158.3586 124.3151 l
159.2113 124.3151 158.8507 124.4373 159.2135 124.4373 c
160.0070 124.4373 l
160.4767 124.4373 159.6498 123.7147 159.2745 123.7065 c
159.3380 123.8635 159.2787 123.7156 159.3590 123.8049 c
159.6393 124.1178 159.1651 123.5415 159.4196 123.8664 c
159.5551 124.0396 159.5137 123.9678 159.5188 124.1935 c
159.1087 123.9973 159.0704 124.0792 158.8473 124.1325 c
158.8065 124.0174 158.7929 124.1898 158.9692 123.9500 c
158.7010 123.9559 158.7793 123.9911 158.5420 124.0109 c
158.4986 123.8888 158.5182 124.0620 158.6030 123.8281 c
158.2588 123.9083 157.6505 123.8978 157.4184 123.8462 c
156.5249 123.6481 157.0802 123.6900 156.3443 123.7065 c
156.6496 123.9500 l
156.2219 123.9500 156.3551 123.8984 156.1612 123.8281 c
156.2950 124.0274 156.3055 124.0024 156.5617 124.1053 c
156.8231 124.2102 156.8069 124.2729 156.9546 124.0716 c
156.7412 124.0540 156.7755 124.0591 156.6496 123.9500 c
156.9801 123.9500 156.9920 123.9780 157.3132 124.0795 c
157.3285 124.0843 157.3447 124.0889 157.3600 124.0940 c
157.8484 124.2561 157.7041 124.1935 158.3586 124.1935 c
157.5652 124.3151 l
h
h
149.2628 122.9757 m
148.5964 123.4208 148.3671 123.4358 147.8083 124.1433 c
147.6760 124.3111 147.5461 124.4486 147.4313 124.6198 c
147.5955 124.5762 147.7250 124.4177 147.8364 124.2933 c
148.2330 123.8491 148.2874 123.7431 148.8231 123.3899 c
149.2021 123.0982 l
149.2500 123.0364 149.2248 123.0806 149.2628 122.9757 c
h
156.2221 123.1586 m
156.3591 123.1265 156.3625 123.0976 156.5274 123.0976 c
156.8390 123.0976 156.6060 123.1594 156.5257 123.2714 c
156.4662 123.3411 l
156.7945 123.3139 156.6737 123.2192 157.1380 123.2192 c
156.7715 123.3411 l
156.9138 123.5350 156.8608 123.4307 157.1556 123.5061 c
157.7611 123.6609 158.3586 123.5058 158.3586 123.1586 c
158.3586 122.8686 158.3198 123.0233 158.1146 123.0976 c
158.0610 122.8963 158.1242 123.0369 157.9737 122.8728 c
157.8821 122.7813 l
157.6488 122.5517 157.7336 122.6517 157.5272 122.5874 c
157.3299 122.5256 157.3209 122.3657 156.9546 122.6103 c
156.8673 122.3997 157.0416 122.4397 156.6618 122.3586 c
155.5146 122.1140 156.3695 122.3668 155.3675 122.3668 c
155.4299 122.0720 155.4157 122.2809 155.3675 122.1843 c
155.1319 122.1843 154.8255 122.1143 154.8927 122.4017 c
154.9239 122.5355 154.9894 122.5573 155.1212 122.6727 c
155.1365 122.6860 155.7468 123.2388 155.8193 122.8039 c
155.8426 122.6645 155.7780 122.7186 155.7947 122.6713 c
155.9633 122.7161 156.2332 122.8765 156.2434 123.0616 c
h
h
152.9867 123.4020 m
152.9572 123.5602 153.0468 123.4406 153.0686 123.3896 c
153.1208 123.2688 152.9991 123.3326 152.9867 123.4020 c
h
155.7947 123.2802 m
155.8120 123.4851 155.7916 123.4602 155.9514 123.5503 c
156.0543 123.6084 156.1110 123.6195 156.2221 123.6455 c
156.1416 123.3451 156.0297 123.3927 155.7947 123.2802 c
h
158.9692 123.5846 m
158.9692 123.7065 l
159.2529 123.6830 159.0761 123.7717 159.2135 123.5846 c
159.0644 123.5234 159.1642 123.5435 158.9692 123.5846 c
h
150.5248 122.8175 m
150.6067 122.8912 l
150.6271 122.9406 150.6889 122.9071 150.5795 122.9437 c
150.2745 123.0463 150.5611 122.9394 150.3337 122.8929 c
150.0877 122.8422 149.1284 123.3020 149.0797 123.8890 c
149.2551 123.9817 149.4207 124.0716 149.6900 124.0716 c
150.2422 124.0716 151.3318 123.4089 151.8012 123.0721 c
152.0683 122.8802 152.1626 122.8365 152.3149 122.5494 c
152.0490 122.4400 150.9265 122.6052 150.7887 122.6713 c
150.7090 122.9278 150.8085 122.6004 150.9109 122.8538 c
150.6739 122.8343 150.7518 122.7991 150.4837 122.7929 c
150.4967 122.8022 150.5180 122.8122 150.5248 122.8175 c
h
155.6116 123.7671 m
155.3754 123.9372 155.5506 123.7388 155.5506 124.0716 c
155.6116 124.0716 l
h
h
152.6536 123.3743 m
152.6618 123.3646 152.6737 123.3510 152.6820 123.3417 c
152.8645 123.0976 l
152.6647 123.1509 152.7157 123.1489 152.5737 123.2946 c
152.4796 123.3910 152.4263 123.4434 152.3302 123.5387 c
152.1380 123.7300 152.0167 123.7819 151.9486 124.0716 c
152.0422 123.9823 l
152.0512 123.9744 152.0654 123.9619 152.0748 123.9540 c
152.6253 123.4069 l
152.6332 123.3972 152.6454 123.3839 152.6536 123.3743 c
h
155.4800 124.4469 m
155.4863 124.4594 155.4925 124.4761 155.4990 124.4886 c
155.7448 124.9132 l
156.0163 125.4569 155.9100 125.6380 156.1000 125.7766 c
156.1000 125.4356 156.0200 125.2664 155.9069 124.9948 c
155.8565 124.8625 l
155.7371 124.5458 155.5313 124.3083 155.3063 124.0716 c
h
h
148.8963 124.1935 m
148.9320 124.0413 149.0176 123.8964 148.7999 123.9092 c
148.0629 124.2757 l
147.9217 124.3627 147.8988 124.4083 147.8585 124.5586 c
148.2585 124.5501 147.9977 124.4894 148.3084 124.2771 c
148.4456 124.1833 148.6477 124.0872 148.8260 124.0747 c
h
h
156.0390 124.6808 m
155.9662 124.5008 156.1754 124.5861 155.8559 124.5586 c
155.9169 124.6408 155.9336 124.6286 156.0390 124.6808 c
h
148.1094 124.6374 m
147.9688 124.6380 148.0748 124.5966 147.8996 124.6567 c
147.5597 124.8089 l
147.5515 124.8131 147.5308 124.8174 147.5252 124.8352 c
147.5195 124.8528 147.5031 124.8540 147.4923 124.8633 c
147.8367 124.8633 148.1000 124.8795 148.3608 124.8163 c
148.4269 124.8001 148.7174 124.7377 148.7540 124.7216 c
148.8756 124.6674 148.8611 124.6008 149.0185 124.5586 c
149.0105 124.2060 149.0647 124.4112 148.6522 124.3151 c
148.6230 124.3809 148.5819 124.3023 148.7132 124.4979 c
148.5272 124.4940 148.4906 124.4704 148.3469 124.4373 c
148.4096 124.7318 148.3951 124.5229 148.3469 124.6198 c
h
h
150.9721 125.1677 m
151.0367 125.0932 150.9642 125.2032 151.0520 125.0651 c
152.0099 123.5846 l
151.7190 123.6620 151.5796 123.8502 151.4341 124.0455 c
151.2238 124.3276 150.9721 124.8015 150.9721 125.1677 c
h
155.3063 125.4112 m
155.1711 124.8321 155.2958 124.9838 155.3261 124.8812 c
155.4075 124.6034 155.2731 124.7085 155.2453 124.3763 c
155.0268 124.3582 154.9919 124.3511 154.8950 124.1751 c
154.6656 123.7586 154.9783 123.8465 154.6651 123.4346 c
154.2824 123.0075 l
153.9125 122.8487 154.1316 123.2909 154.1429 123.4012 c
154.1747 123.7082 154.0908 123.6736 154.2076 124.0109 c
154.2419 124.0982 l
154.2739 124.2122 154.2685 124.1870 154.2685 124.3151 c
154.1047 124.1955 154.2399 124.2935 154.0854 124.0716 c
154.0854 124.6130 154.3020 124.5926 154.3297 124.9243 c
154.4321 124.9605 154.4536 124.8454 154.4695 124.8851 c
154.4749 124.8990 154.4975 124.8687 154.5129 124.8633 c
154.4766 125.2993 154.4513 124.8344 154.7572 125.2896 c
154.6523 125.2891 l
154.5653 125.2879 154.6651 125.2494 154.5738 125.2896 c
155.0123 126.1168 155.6116 126.2679 155.6116 125.8985 c
155.6116 125.2406 155.6019 125.6060 155.5410 125.4209 c
155.3882 124.9569 155.6192 125.1692 155.3675 124.9852 c
h
h
155.2207 124.8633 m
155.2808 124.8732 155.1844 125.0192 155.1844 124.8633 c
155.1844 124.6932 155.2198 124.8633 155.2207 124.8633 c
h
147.4313 125.0461 m
147.5787 125.2188 147.3826 125.1068 147.7976 125.1068 c
147.7976 125.0461 l
h
h
146.6986 125.0461 m
146.6986 125.1677 l
147.0648 125.1677 l
147.1683 124.9730 147.2017 124.9622 147.3092 124.8024 c
147.0314 124.8253 147.0095 124.9739 146.6986 125.0461 c
h
155.6722 125.3134 m
155.7570 125.3188 155.5804 125.1204 155.6116 125.2896 c
155.6348 125.4155 155.5580 125.3066 155.6722 125.3134 c
h
155.7337 125.7766 m
155.8295 125.7069 155.8559 125.7656 155.8559 125.5941 c
155.8559 125.4200 155.8366 125.4827 155.7337 125.4112 c
h
h
154.5738 125.7160 m
154.6041 125.8447 154.6044 125.8773 154.6858 125.9697 c
154.7901 125.9263 l
154.6804 125.7214 154.7807 125.8251 154.5738 125.7160 c
h
152.2542 125.9595 m
152.3503 125.7763 152.1422 125.9391 152.3761 125.7766 c
152.3761 125.9595 l
h
h
151.8267 126.1420 m
151.8267 126.3095 151.9245 126.3660 152.0099 126.4465 c
152.3333 126.3603 152.2250 126.2616 152.4591 125.9203 c
152.4733 125.8994 152.5190 125.8379 152.5348 125.8135 c
152.6284 125.6712 152.4903 125.8843 152.5810 125.7378 c
152.5881 125.7265 152.5966 125.7109 152.6040 125.6995 c
152.8299 125.3347 152.8934 125.4648 152.9836 125.1646 c
153.2684 124.2150 152.9867 124.3284 152.9867 123.8890 c
152.9867 123.7062 153.1397 123.9758 152.9867 123.6455 c
152.8296 123.6872 152.8308 123.7941 152.6786 123.8533 c
152.4557 123.9401 152.7965 123.7711 152.5371 123.8848 c
152.4300 123.9321 152.4883 123.9009 152.4107 123.9800 c
152.1023 124.2952 152.2451 124.2709 152.2542 124.6808 c
151.9897 124.6249 152.1357 124.5302 152.0050 124.8534 c
151.9549 124.9773 151.9160 125.0858 151.8959 125.2366 c
151.8511 125.5711 151.8267 125.7761 151.8267 126.1420 c
h
151.3383 125.3503 m
151.2643 125.6666 151.2119 125.5473 151.2136 126.0179 c
151.2162 128.3343 l
151.3797 128.2479 151.3973 128.2499 151.5464 128.1155 c
151.8344 127.8556 152.4971 126.9986 152.6613 126.6701 c
152.7358 126.5202 152.7571 126.4470 152.8339 126.2942 c
152.9175 126.1278 152.9467 126.1089 152.9867 125.9595 c
152.6783 126.0706 153.0230 126.0397 152.3894 126.6423 c
152.2145 126.8087 152.2896 126.5477 152.2542 126.8728 c
151.9013 126.9113 152.2522 126.7741 151.8114 127.3448 c
151.5903 127.6311 151.7522 127.7130 151.4605 127.9083 c
151.2743 127.5775 151.5433 127.0803 151.5161 126.8493 c
151.4982 126.6976 151.4974 126.9635 151.4823 126.6948 c
151.4733 126.5355 151.5161 126.5604 151.5214 126.3249 c
151.2459 126.5261 151.4543 126.4876 151.3383 126.4465 c
151.3383 125.7990 151.3993 126.3234 151.3993 125.7160 c
151.3993 125.4898 151.6133 125.5516 151.3383 125.3503 c
h
156.1000 127.2991 m
156.4631 127.2025 156.2511 127.0242 156.2219 126.6299 c
156.2119 126.4955 156.2321 126.3370 156.2224 126.2027 c
156.2043 125.9442 156.1612 126.0791 156.1612 125.8376 c
156.1000 125.8376 l
h
h
151.6436 126.9337 m
h
153.3529 125.1068 m
153.1658 125.3211 153.2497 126.0300 152.7681 126.7767 c
152.6434 126.9700 152.6012 127.0440 152.4983 127.2382 c
152.7032 127.1642 152.7545 127.0389 152.8889 126.8362 c
153.0839 126.5437 153.1749 126.4241 153.2307 126.0814 c
153.3152 125.5632 153.3529 126.0700 153.3529 125.1068 c
h
155.0013 126.1420 m
154.8831 126.3966 155.0494 126.3540 155.3196 126.7381 c
155.5223 127.0264 155.7655 127.4817 156.0390 127.6642 c
155.9169 126.2030 l
155.7105 126.4992 155.8559 126.4201 155.8559 126.8118 c
155.8559 127.2801 155.8726 127.1418 155.7337 127.2382 c
155.7091 126.9408 155.5835 126.8158 155.4120 126.6454 c
155.0384 126.2747 155.3723 126.2409 155.0013 126.1420 c
h
151.0614 126.3458 m
151.0498 126.1610 151.0330 125.9909 151.0330 125.7766 c
150.9721 125.7766 l
150.9721 126.0488 150.9970 126.3487 150.9579 126.6151 c
150.9327 126.7843 150.8652 127.1701 150.8505 127.3606 c
150.8309 127.6126 150.8502 127.9525 150.8513 128.2136 c
150.8525 128.5693 150.7887 128.6359 150.7887 128.9432 c
150.9721 128.9432 l
150.9721 128.3842 151.0940 128.1013 151.0940 127.5426 c
h
h
151.4140 128.7145 m
151.0353 129.0475 150.6926 129.4963 150.4837 129.5521 c
150.4919 129.2479 150.5387 129.3211 150.5869 129.1071 c
150.8204 128.0659 150.6059 126.8666 150.6059 125.8376 c
150.6059 125.3466 151.0243 124.5872 151.0330 124.1935 c
150.8414 124.2445 150.6396 124.4032 150.4811 124.4957 c
150.2819 124.6119 150.1472 124.6635 149.9219 124.7289 c
148.6604 125.1153 l
148.3778 125.2131 147.6473 125.3543 147.2499 125.3526 c
146.1915 125.3480 146.0271 125.7420 146.0271 125.3503 c
146.0271 125.1476 146.3683 125.0694 146.5523 124.9611 c
147.3231 124.5067 147.0515 123.8842 148.6369 122.4731 c
149.2132 121.9603 149.5154 122.0363 149.8122 121.8798 c
149.6361 121.6403 148.2851 121.1349 147.7006 120.6978 c
147.2508 120.3619 147.3106 120.2749 146.8091 119.9426 c
146.1872 119.5305 146.1963 119.6498 145.9525 119.5183 c
145.7787 119.4248 145.8357 119.5189 145.7830 119.3221 c
146.0993 119.1708 146.1249 119.3221 146.4545 119.3221 c
146.7369 119.3221 147.3287 119.0937 147.6000 119.0035 c
149.2869 118.4434 148.8008 118.9689 149.9326 119.0191 c
150.5954 119.0489 150.6889 119.0151 151.1552 119.2615 c
150.7949 118.0984 l
150.7382 117.8870 150.7056 117.6738 150.6529 117.4482 c
150.6044 117.2401 150.6200 117.0507 150.5815 116.7888 c
150.3414 115.0787 l
150.2838 114.8666 150.2872 115.0274 150.2169 114.8230 c
150.0265 114.2700 150.7280 114.8992 150.9352 115.0359 c
151.1141 115.1535 151.1955 115.2170 151.3638 115.3386 c
152.0116 115.8055 152.7622 116.1797 153.0853 116.6661 c
153.4876 117.4218 l
153.5564 117.5754 153.5479 117.4946 153.5970 117.6780 c
153.8135 117.5199 153.6514 117.6874 153.7512 117.4056 c
153.9096 116.9586 154.1557 116.5224 154.4601 116.1643 c
154.5917 116.0101 154.5052 116.1071 154.6444 115.9826 c
154.7226 115.9123 154.7552 115.8843 154.8340 115.8063 c
155.4829 115.1631 155.4358 115.1150 155.9327 114.5886 c
156.2808 114.2198 156.0433 114.2932 156.3443 114.2683 c
156.4240 114.4287 156.4053 114.2181 156.4053 114.4508 c
156.4053 114.7433 156.3282 114.9446 156.2927 115.1909 c
156.0912 116.5873 156.3443 116.8897 156.3443 117.5564 c
156.3443 118.7133 l
156.6839 118.7133 156.9552 118.5511 157.2741 118.4839 c
158.9970 118.1222 159.2442 118.5545 160.0679 118.5917 c
160.3304 118.6038 160.6490 118.6033 160.8208 118.6325 c
161.2531 118.7056 161.1646 118.7674 161.4722 118.7742 c
161.4438 119.1141 161.3373 118.9706 161.0470 119.1416 c
160.9316 119.2093 160.9140 119.2442 160.7975 119.3187 c
159.9497 119.8613 159.3298 120.6621 158.4544 121.1837 c
158.2143 121.3268 158.2047 121.2894 158.0536 121.5142 c
158.4221 121.6001 158.7617 121.9867 158.9689 122.2455 c
159.1475 122.4680 159.1492 122.3836 159.3607 122.7073 c
159.8902 123.5186 160.0418 123.3666 160.5223 123.9843 c
161.2891 124.8633 l
161.1068 124.9506 160.2740 124.8630 159.8851 124.8633 c
158.1585 124.8656 156.6099 124.1751 156.1000 124.1325 c
156.1669 124.4191 156.2630 124.6842 156.3599 124.9696 c
156.7103 126.0037 156.5274 126.9125 156.5274 127.9687 c
156.5274 128.7643 156.7315 128.6175 156.6496 129.0039 c
156.2803 128.8089 156.4478 128.8585 156.2219 128.5778 c
154.2427 126.3506 l
153.9802 126.0162 153.6789 125.5266 153.4751 125.4722 c
153.4751 126.7288 152.3041 127.9315 151.4140 128.7145 c
f*
/GS8 gs
/CS9 cs 0.0902 0.2196 0.5804 0.0000 scn
155.4449 117.5786 m
155.4894 117.5669 155.3374 117.3940 155.3675 117.5564 c
155.3845 117.6491 155.3224 117.6109 155.4449 117.5786 c
h
155.4897 117.8609 m
155.3675 117.8609 l
155.3675 118.2872 l
155.6116 118.2872 l
155.4443 118.1285 155.4897 118.1710 155.4897 117.8609 c
h
155.3675 119.0177 m
155.3760 118.6294 155.4636 118.8207 155.3675 118.4088 c
155.3199 118.4635 155.3428 118.3992 155.2683 118.5537 c
155.1234 119.0177 l
h
h
155.2453 119.5050 m
155.2453 119.3221 l
155.1234 119.3221 l
155.1277 119.4919 155.1444 119.4350 155.2453 119.5050 c
h
154.2076 120.2355 m
154.2076 119.8826 154.3918 118.6560 154.5358 118.3708 c
154.6350 118.1738 154.8995 118.0380 154.9480 117.7826 c
154.9491 117.7761 154.9500 117.7583 154.9505 117.7517 c
154.9440 117.6681 l
154.9344 117.5332 155.0628 117.4280 155.1719 117.3543 c
155.2034 117.3331 155.2822 117.2871 155.3292 117.2806 c
155.6028 117.2421 155.6396 117.4130 155.6807 117.5485 c
155.7952 117.9249 155.5614 118.8984 155.4452 119.2776 c
155.1410 120.0095 l
154.9894 120.2383 154.9454 120.1711 154.8791 120.4180 c
154.8218 120.3265 154.8238 120.3500 154.8791 120.1139 c
154.6430 120.2715 154.6750 120.1689 154.5826 120.3038 c
154.4267 120.5320 154.6486 120.3137 154.5849 120.5935 c
154.5500 120.7460 154.4596 120.7259 154.3751 120.6278 c
154.3141 120.5572 154.3329 120.5563 154.2926 120.4591 c
154.2008 120.2374 154.2076 120.4722 154.2076 120.2355 c
f*
/GS8 gs
/CS9 cs 0.0902 0.2196 0.5804 0.0000 scn
150.4837 120.3574 m
150.5659 120.3574 150.5752 120.2896 150.6059 120.2355 c
150.1784 120.2355 l
150.2467 120.3276 150.3196 120.3574 150.4837 120.3574 c
h
149.3847 120.2355 m
149.4272 120.3528 149.3518 120.3891 149.6900 120.4792 c
149.6194 120.2848 149.7557 120.4384 149.5613 120.3029 c
149.4465 120.2230 149.5321 120.2749 149.3847 120.2355 c
h
151.7984 121.2897 m
152.2630 121.3302 152.0963 121.4076 152.3149 121.2097 c
151.6436 121.2707 l
151.7187 121.2707 151.7570 121.2863 151.7984 121.2897 c
h
149.0797 120.3574 m
149.0797 120.1139 l
149.4028 120.1209 149.2571 120.1734 149.5242 120.1303 c
150.4698 119.9769 150.4865 120.2355 151.0330 120.2355 c
150.7280 120.4180 l
150.9769 120.4390 151.0974 120.5005 151.3040 120.5785 c
151.7715 120.7548 151.5844 120.3968 152.3690 120.9733 c
152.5771 121.1258 152.6199 121.1610 152.7423 121.3926 c
152.3520 121.4966 152.8707 121.5142 152.0711 121.5142 c
151.1266 121.5142 150.5928 121.1312 149.7498 120.7239 c
149.4601 120.5838 149.2557 120.4044 149.0797 120.3574 c
f*
/GS8 gs
/CS9 cs 0.0902 0.2196 0.5804 0.0000 scn
156.7715 123.3411 m
157.1380 123.2192 l
156.6737 123.2192 156.7945 123.3139 156.4662 123.3411 c
156.5257 123.2714 l
156.6060 123.1594 156.8390 123.0976 156.5274 123.0976 c
156.3625 123.0976 156.3591 123.1265 156.2221 123.1586 c
156.2434 123.0616 l
156.2332 122.8765 155.9633 122.7161 155.7947 122.6713 c
155.7780 122.7186 155.8426 122.6645 155.8193 122.8039 c
155.7468 123.2388 155.1365 122.6860 155.1212 122.6727 c
154.9894 122.5573 154.9239 122.5355 154.8927 122.4017 c
154.8255 122.1143 155.1319 122.1843 155.3675 122.1843 c
155.4157 122.2809 155.4299 122.0720 155.3675 122.3668 c
156.3695 122.3668 155.5146 122.1140 156.6618 122.3586 c
157.0416 122.4397 156.8673 122.3997 156.9546 122.6103 c
157.3209 122.3657 157.3299 122.5256 157.5272 122.5874 c
157.7336 122.6517 157.6488 122.5517 157.8821 122.7813 c
157.9737 122.8728 l
158.1242 123.0369 158.0610 122.8963 158.1146 123.0976 c
158.3198 123.0233 158.3586 122.8686 158.3586 123.1586 c
158.3586 123.5058 157.7611 123.6609 157.1556 123.5061 c
156.8608 123.4307 156.9138 123.5350 156.7715 123.3411 c
f*
/GS8 gs
/CS9 cs 0.0902 0.2196 0.5804 0.0000 scn
151.4605 122.9757 m
151.7760 122.9411 151.5716 123.0469 151.6436 122.8538 c
h
h
150.8791 123.2484 m
150.6107 123.3785 150.6594 123.3303 150.6059 123.4630 c
150.9437 123.3128 l
151.0744 123.2447 151.1427 123.1977 151.2162 123.0976 c
h
h
149.0797 123.8890 m
149.1284 123.3020 150.0877 122.8422 150.3337 122.8929 c
150.5611 122.9394 150.2745 123.0463 150.5795 122.9437 c
150.6889 122.9071 150.6271 122.9406 150.6067 122.8912 c
150.5248 122.8175 l
150.5180 122.8122 150.4967 122.8022 150.4837 122.7929 c
150.7518 122.7991 150.6739 122.8343 150.9109 122.8538 c
150.8085 122.6004 150.7090 122.9278 150.7887 122.6713 c
150.9265 122.6052 152.0490 122.4400 152.3149 122.5494 c
152.1626 122.8365 152.0683 122.8802 151.8012 123.0721 c
151.3318 123.4089 150.2422 124.0716 149.6900 124.0716 c
149.4207 124.0716 149.2551 123.9817 149.0797 123.8890 c
f*
/GS8 gs
/CS9 cs 0.0902 0.2196 0.5804 0.0000 scn
157.5652 124.3151 m
158.3586 124.1935 l
157.7041 124.1935 157.8484 124.2561 157.3600 124.0940 c
157.3447 124.0889 157.3285 124.0843 157.3132 124.0795 c
156.9920 123.9780 156.9801 123.9500 156.6496 123.9500 c
156.7755 124.0591 156.7412 124.0540 156.9546 124.0716 c
156.8069 124.2729 156.8231 124.2102 156.5617 124.1053 c
156.3055 124.0024 156.2950 124.0274 156.1612 123.8281 c
156.3551 123.8984 156.2219 123.9500 156.6496 123.9500 c
156.3443 123.7065 l
157.0802 123.6900 156.5249 123.6481 157.4184 123.8462 c
157.6505 123.8978 158.2588 123.9083 158.6030 123.8281 c
158.5182 124.0620 158.4986 123.8888 158.5420 124.0109 c
158.7793 123.9911 158.7010 123.9559 158.9692 123.9500 c
158.7929 124.1898 158.8065 124.0174 158.8473 124.1325 c
159.0704 124.0792 159.1087 123.9973 159.5188 124.1935 c
159.5137 123.9678 159.5551 124.0396 159.4196 123.8664 c
159.1651 123.5415 159.6393 124.1178 159.3590 123.8049 c
159.2787 123.7156 159.3380 123.8635 159.2745 123.7065 c
159.6498 123.7147 160.4767 124.4373 160.0070 124.4373 c
159.2135 124.4373 l
158.8507 124.4373 159.2113 124.3151 158.3586 124.3151 c
158.3586 124.3763 l
158.8487 124.3763 158.9114 124.5586 159.5798 124.5586 c
160.2513 124.5586 l
160.6249 124.5586 160.2595 124.2414 160.1651 124.1589 c
160.0070 124.0109 l
159.8097 123.8159 159.0403 123.1713 158.9692 122.9757 c
159.7028 123.4655 159.7141 123.2527 160.4690 124.2201 c
160.6173 124.4106 160.7987 124.5053 160.8619 124.7417 c
160.1065 124.5660 159.1807 124.9498 157.7268 124.3979 c
157.7089 124.3908 157.6570 124.3670 157.6426 124.3602 c
h
f*
/GS8 gs
/CS9 cs 0.0902 0.2196 0.5804 0.0000 scn
151.9486 118.5307 m
151.9671 118.5126 l
151.9656 118.5137 151.9424 118.5248 151.9486 118.5307 c
h
151.7046 118.2263 m
151.7587 117.9941 151.7658 117.9842 151.7658 117.6780 c
151.5824 117.9828 l
151.5685 117.8881 151.4112 117.1911 151.7046 117.1911 c
152.2871 117.1911 152.8342 118.1594 152.9921 118.7688 c
153.1602 119.4168 153.3098 119.3020 153.2917 120.1139 c
152.5921 120.1139 152.8523 119.9018 152.6182 119.5067 c
152.4869 119.2853 152.5431 119.5328 152.2823 119.2374 c
152.1122 119.0446 152.0374 118.9086 151.9398 118.6563 c
151.8800 118.4922 l
151.8369 118.3158 151.9169 118.3190 151.7958 118.2470 c
h
f*
/GS8 gs
/CS9 cs 0.0902 0.2196 0.5804 0.0000 scn
157.0768 120.0529 m
157.0473 120.2111 157.1372 120.0915 157.1587 120.0404 c
157.2111 119.9197 157.0895 119.9835 157.0768 120.0529 c
h
155.4284 121.0881 m
155.5157 120.7630 155.6600 120.8752 155.8939 120.6998 c
156.1380 120.5167 155.9775 120.3440 156.3250 120.2230 c
156.6079 120.1246 156.3695 120.3265 156.5578 120.1380 c
156.6363 120.0589 156.5538 120.0220 156.7981 119.8919 c
157.2154 119.6697 157.2077 119.9920 157.4430 119.9920 c
157.7492 119.9920 157.5626 119.8981 157.5312 119.8514 c
157.2905 119.4897 157.5723 120.0677 157.4430 119.7485 c
157.6108 119.7873 157.6913 119.8701 157.8093 119.8701 c
158.1477 119.8701 157.8949 119.7428 157.8093 119.6266 c
158.0170 119.6493 158.1083 119.8035 158.3586 119.8701 c
158.2886 119.6694 l
158.2362 119.5546 158.2574 119.5824 158.0760 119.4866 c
157.9927 119.4437 l
158.2600 119.4437 158.3807 119.3837 158.4887 119.5605 c
158.7334 119.9616 157.9175 120.4551 157.6888 120.6026 c
157.4583 120.7508 157.0986 120.8962 156.7854 120.9798 c
156.1380 121.1528 155.8247 121.3248 155.4284 121.0881 c
f*
/GS8 gs
/CS9 cs 0.0902 0.2196 0.5804 0.0000 scn
155.1844 124.8633 m
155.1844 125.0192 155.2808 124.8732 155.2207 124.8633 c
155.2198 124.8633 155.1844 124.6932 155.1844 124.8633 c
h
155.3675 125.8376 m
155.4897 125.8376 l
155.4897 125.5331 l
155.3675 125.5331 l
h
h
154.5738 125.2896 m
154.6651 125.2494 154.5653 125.2879 154.6523 125.2891 c
154.7572 125.2896 l
154.4513 124.8344 154.4766 125.2993 154.5129 124.8633 c
154.4975 124.8687 154.4749 124.8990 154.4695 124.8851 c
154.4536 124.8454 154.4321 124.9605 154.3297 124.9243 c
154.3020 124.5926 154.0854 124.6130 154.0854 124.0716 c
154.2399 124.2935 154.1047 124.1955 154.2685 124.3151 c
154.2685 124.1870 154.2739 124.2122 154.2419 124.0982 c
154.2076 124.0109 l
154.0908 123.6736 154.1747 123.7082 154.1429 123.4012 c
154.1316 123.2909 153.9125 122.8487 154.2824 123.0075 c
154.6651 123.4346 l
154.9783 123.8465 154.6656 123.7586 154.8950 124.1751 c
154.9919 124.3511 155.0268 124.3582 155.2453 124.3763 c
155.2731 124.7085 155.4075 124.6034 155.3261 124.8812 c
155.2958 124.9838 155.1711 124.8321 155.3063 125.4112 c
155.3675 124.9852 l
155.6192 125.1692 155.3882 124.9569 155.5410 125.4209 c
155.6019 125.6060 155.6116 125.2406 155.6116 125.8985 c
155.6116 126.2679 155.0123 126.1168 154.5738 125.2896 c
f*
/GS8 gs
/CS9 cs 0.0902 0.2196 0.5804 0.0000 scn
156.7103 121.2097 m
157.1057 121.2097 158.1718 120.6763 158.3308 120.5121 c
158.8164 120.0830 l
158.8252 120.0742 158.8377 120.0611 158.8467 120.0523 c
159.1430 119.7723 159.0667 119.9622 159.1458 119.5826 c
159.2135 119.2615 l
159.5832 119.2697 159.3924 119.2218 159.4576 119.3831 c
159.5716 119.2263 l
159.5733 119.2229 159.5752 119.2082 159.5798 119.2003 c
160.1042 119.3221 159.6917 119.1506 160.1901 119.1396 c
160.1436 119.2677 160.1084 119.2657 159.9630 119.4001 c
159.8570 119.4979 159.7833 119.5685 159.6878 119.6734 c
159.5313 119.8443 159.2853 120.0376 159.2135 120.2355 c
159.4922 120.2051 159.2946 120.2519 159.4298 120.1467 c
159.4902 120.0997 160.0087 119.4605 160.3556 119.2436 c
160.5634 119.1141 160.6629 119.1444 160.8007 118.9568 c
160.4843 118.8054 160.6618 118.9568 160.4344 118.9568 c
160.0860 118.9568 160.0121 118.8958 159.6410 118.8958 c
160.6175 118.7742 l
160.8282 118.7742 160.8540 118.8193 161.0450 118.8351 c
161.0243 119.0832 161.0705 118.9281 160.9571 119.0520 c
160.9512 119.0585 160.8562 119.1237 160.8500 119.1277 c
160.7411 119.2020 l
160.7380 119.2039 160.6757 119.2544 160.6385 119.2822 c
159.9324 119.8568 l
159.3771 120.3282 158.4230 121.2707 157.7483 121.2707 c
158.0525 121.0601 158.4439 120.9436 159.0466 120.4345 c
159.2235 120.2854 159.1401 120.4376 159.2135 120.2355 c
158.9868 120.2958 158.7379 120.5337 158.4694 120.7114 c
158.4587 120.7185 158.4439 120.7287 158.4332 120.7361 c
158.3218 120.8075 l
158.3104 120.8146 158.2954 120.8239 158.2841 120.8307 c
158.2699 120.8390 158.1299 120.9149 158.1262 120.9169 c
157.7015 121.1278 157.3345 121.2707 156.7103 121.2707 c
h
f*
/GS8 gs
/CS9 cs 0.0902 0.2196 0.5804 0.0000 scn
152.5592 125.2287 m
152.5592 125.3713 152.5411 125.3863 152.4983 125.4722 c
152.6491 125.4115 152.6204 125.5949 152.6204 125.2287 c
h
h
152.3761 125.6550 m
152.4753 125.6598 l
152.4753 125.6596 l
152.5550 125.5025 152.4640 125.6491 152.4489 125.6431 c
152.4436 125.6414 152.3786 125.6346 152.3761 125.6550 c
h
152.2542 125.9595 m
152.3761 125.6550 l
152.2542 125.9595 m
152.3761 125.9595 l
152.3761 125.7766 l
152.1422 125.9391 152.3503 125.7763 152.2542 125.9595 c
h
151.8267 126.1420 m
151.8267 125.7761 151.8511 125.5711 151.8959 125.2366 c
151.9160 125.0858 151.9549 124.9773 152.0050 124.8534 c
152.1357 124.5302 151.9897 124.6249 152.2542 124.6808 c
152.2451 124.2709 152.1023 124.2952 152.4107 123.9800 c
152.4883 123.9009 152.4300 123.9321 152.5371 123.8848 c
152.7965 123.7711 152.4557 123.9401 152.6786 123.8533 c
152.8308 123.7941 152.8296 123.6872 152.9867 123.6455 c
153.1397 123.9758 152.9867 123.7062 152.9867 123.8890 c
152.9867 124.3284 153.2684 124.2150 152.9836 125.1646 c
152.8934 125.4648 152.8299 125.3347 152.6040 125.6995 c
152.5966 125.7109 152.5881 125.7265 152.5810 125.7378 c
152.4903 125.8843 152.6284 125.6712 152.5348 125.8135 c
152.5190 125.8379 152.4733 125.8994 152.4591 125.9203 c
152.2250 126.2616 152.3333 126.3603 152.0099 126.4465 c
151.9245 126.3660 151.8267 126.3095 151.8267 126.1420 c
f*
/GS8 gs
/CS9 cs 0.0902 0.2196 0.5804 0.0000 scn
151.3383 125.3503 m
151.6133 125.5516 151.3993 125.4898 151.3993 125.7160 c
151.3993 126.3234 151.3383 125.7990 151.3383 126.4465 c
151.4543 126.4876 151.2459 126.5261 151.5214 126.3249 c
151.5161 126.5604 151.4733 126.5355 151.4823 126.6948 c
151.4974 126.9635 151.4982 126.6976 151.5161 126.8493 c
151.5433 127.0803 151.2743 127.5775 151.4605 127.9083 c
151.7522 127.7130 151.5903 127.6311 151.8114 127.3448 c
152.2522 126.7741 151.9013 126.9113 152.2542 126.8728 c
152.2896 126.5477 152.2145 126.8087 152.3894 126.6423 c
153.0230 126.0397 152.6783 126.0706 152.9867 125.9595 c
152.9467 126.1089 152.9175 126.1278 152.8339 126.2942 c
152.7571 126.4470 152.7358 126.5202 152.6613 126.6701 c
152.4971 126.9986 151.8344 127.8556 151.5464 128.1155 c
151.3973 128.2499 151.3797 128.2479 151.2162 128.3343 c
151.2136 126.0179 l
151.2119 125.5473 151.2643 125.6666 151.3383 125.3503 c
h
151.6436 126.9337 m
h
f*
/GS8 gs
/CS9 cs 0.0902 0.2196 0.5804 0.0000 scn
153.1089 122.0624 m
153.1089 122.4632 154.1395 122.7855 154.1123 121.8696 c
154.1098 121.7784 153.8254 121.1085 153.2781 121.5615 c
153.0751 121.7296 153.1089 121.7214 153.1089 122.0624 c
h
153.4751 121.2097 m
154.2064 121.4549 l
154.3975 121.6185 154.4151 121.9637 154.2946 122.2072 c
154.1463 122.5083 154.1151 122.6203 153.7373 122.6954 c
153.1950 122.8028 153.4156 122.5882 152.9867 122.4884 c
153.0553 122.7297 l
152.8645 122.7322 l
152.8767 122.1919 152.7554 121.7693 153.0873 121.4320 c
153.1786 121.3396 153.3249 121.2097 153.4751 121.2097 c
f*
/GS8 gs
/CS9 cs 0.0902 0.2196 0.5804 0.0000 scn
155.9169 114.8771 m
155.6113 116.1859 154.3873 116.8818 154.1109 118.1296 c
154.0111 118.5789 154.0562 119.1319 153.8867 119.4894 c
153.8413 119.5659 l
153.8413 117.5284 153.9794 117.6477 154.8547 116.3750 c
h
f*
/GS8 gs
/CS9 cs 0.0902 0.2196 0.5804 0.0000 scn
151.0940 115.7295 m
152.0535 116.5385 l
152.6754 117.0550 153.1809 117.9128 153.4674 118.6597 c
153.5842 118.9636 153.9122 120.2394 153.5970 120.6009 c
153.5970 120.0387 153.5749 119.9066 153.4575 119.4001 c
153.2585 118.6858 l
153.1244 118.2413 152.8345 117.6962 152.5323 117.3396 c
152.4713 117.2676 152.4824 117.2778 152.4197 117.2081 c
151.5169 116.1601 l
151.2502 115.9288 151.1478 115.9299 151.0940 115.7295 c
f*
/GS8 gs
/CS9 cs 0.0902 0.2196 0.5804 0.0000 scn
147.4923 119.9310 m
148.1984 120.1402 l
148.2106 120.1445 148.2324 120.1535 148.2423 120.1569 c
148.3311 120.2185 l
148.3359 120.2238 148.3469 120.2420 148.3540 120.2479 c
148.3563 120.2499 148.3668 120.2596 148.3699 120.2615 c
148.5986 120.4288 148.5607 120.1734 148.5910 120.5402 c
148.8308 120.5348 148.7344 120.5566 148.8963 120.4792 c
149.0374 120.8200 148.6721 120.4087 149.4836 120.9334 c
149.4986 120.9427 149.5437 120.9685 149.5568 120.9779 c
149.6146 121.0238 l
149.7280 121.1289 149.6424 121.2004 150.0562 121.2097 c
150.0562 121.3926 l
149.5936 121.3821 148.9306 121.0096 148.5828 120.8529 c
148.2602 120.7069 147.5844 120.2757 147.4923 119.9310 c
f*
/GS8 gs
/CS9 cs 0.0902 0.2196 0.5804 0.0000 scn
153.1089 122.0624 m
153.1089 121.7214 153.0751 121.7296 153.2781 121.5615 c
153.8254 121.1085 154.1098 121.7784 154.1123 121.8696 c
154.1395 122.7855 153.1089 122.4632 153.1089 122.0624 c
f*
/GS8 gs
/CS9 cs 0.0902 0.2196 0.5804 0.0000 scn
156.1000 117.2520 m
156.3775 117.5703 156.2151 118.9826 156.0504 119.3947 c
156.0450 119.4080 156.0373 119.4233 156.0314 119.4364 c
155.9699 119.5577 l
155.7439 119.9849 155.1163 120.7936 154.6350 120.9053 c
155.5002 119.8809 l
155.5546 119.8089 155.5705 119.7669 155.6155 119.6915 c
156.0779 118.9140 156.1000 118.4142 156.1000 117.2520 c
f*
/GS8 gs
/CS9 cs 0.0902 0.2196 0.5804 0.0000 scn
154.7572 122.0014 m
155.2252 121.6772 156.1249 122.0502 156.7182 122.1157 c
156.9611 122.1426 157.0757 122.1429 157.2687 122.1752 c
157.8197 122.2676 158.5346 122.5103 158.8473 122.9757 c
157.5332 122.4598 l
157.0691 122.3067 156.3690 122.1318 155.9174 122.1225 c
155.4077 122.1123 155.2552 122.0014 154.7572 122.0014 c
f*
/GS8 gs
/CS9 cs 0.0902 0.2196 0.5804 0.0000 scn
150.9721 125.7766 m
151.0330 125.7766 l
151.0330 125.9909 151.0498 126.1610 151.0614 126.3458 c
151.0940 127.5426 l
151.0940 128.1013 150.9721 128.3842 150.9721 128.9432 c
150.7887 128.9432 l
150.7887 128.6359 150.8525 128.5693 150.8513 128.2136 c
150.8502 127.9525 150.8309 127.6126 150.8505 127.3606 c
150.8652 127.1701 150.9327 126.7843 150.9579 126.6151 c
150.9970 126.3487 150.9721 126.0488 150.9721 125.7766 c
f*
/GS8 gs
/CS9 cs 0.0902 0.2196 0.5804 0.0000 scn
147.5532 119.6266 m
147.5532 119.5659 l
147.6816 119.5659 147.8514 119.5427 147.9325 119.5407 c
148.0071 119.5390 148.1233 119.5787 148.2463 119.6039 c
150.4043 119.7754 l
150.5747 119.8157 150.5089 119.8392 150.5446 119.8701 c
150.0523 119.8701 149.4337 119.9038 148.9567 119.8709 c
148.6933 119.8525 148.5884 119.7626 148.2857 119.7488 c
147.8426 119.7283 147.9725 119.6266 147.5532 119.6266 c
f*
/GS8 gs
/CS9 cs 0.0902 0.2196 0.5804 0.0000 scn
155.0013 126.1420 m
155.3723 126.2409 155.0384 126.2747 155.4120 126.6454 c
155.5835 126.8158 155.7091 126.9408 155.7337 127.2382 c
155.8726 127.1418 155.8559 127.2801 155.8559 126.8118 c
155.8559 126.4201 155.7105 126.4992 155.9169 126.2030 c
156.0390 127.6642 l
155.7655 127.4817 155.5223 127.0264 155.3196 126.7381 c
155.0494 126.3540 154.8831 126.3966 155.0013 126.1420 c
f*
/GS8 gs
/CS9 cs 0.0902 0.2196 0.5804 0.0000 scn
149.5678 124.5586 m
150.1438 124.5112 151.3349 123.6484 151.8160 123.2694 c
152.0711 123.2192 l
152.0620 123.2280 152.0495 123.2410 152.0405 123.2501 c
151.6360 123.6569 149.6426 124.9963 149.5678 124.5586 c
f*
/GS8 gs
/CS9 cs 0.0902 0.2196 0.5804 0.0000 scn
150.9721 116.1558 m
151.0951 116.3373 l
151.1955 116.5297 151.1410 116.5093 151.2927 116.6278 c
151.5223 116.8070 151.3823 116.6581 151.5214 116.9476 c
151.2286 116.8775 151.4265 116.9059 151.3383 116.9476 c
151.4361 117.1587 151.2774 117.5363 151.2774 117.8609 c
151.2162 117.8609 l
151.2162 117.5227 151.1858 117.7115 151.1198 117.4697 c
h
f*
/GS8 gs
/CS9 cs 0.0902 0.2196 0.5804 0.0000 scn
148.3469 124.6198 m
148.3951 124.5229 148.4096 124.7318 148.3469 124.4373 c
148.4906 124.4704 148.5272 124.4940 148.7132 124.4979 c
148.5819 124.3023 148.6230 124.3809 148.6522 124.3151 c
149.0647 124.4112 149.0105 124.2060 149.0185 124.5586 c
148.8611 124.6008 148.8756 124.6674 148.7540 124.7216 c
148.7174 124.7377 148.4269 124.8001 148.3608 124.8163 c
148.1000 124.8795 147.8367 124.8633 147.4923 124.8633 c
147.5031 124.8540 147.5195 124.8528 147.5252 124.8352 c
147.5308 124.8174 147.5515 124.8131 147.5597 124.8089 c
147.8996 124.6567 l
148.0748 124.5966 147.9688 124.6380 148.1094 124.6374 c
h
f*
/GS8 gs
/CS9 cs 0.0902 0.2196 0.5804 0.0000 scn
152.0099 123.5846 m
151.0520 125.0651 l
150.9642 125.2032 151.0367 125.0932 150.9721 125.1677 c
150.9721 124.8015 151.2238 124.3276 151.4341 124.0455 c
151.5796 123.8502 151.7190 123.6620 152.0099 123.5846 c
f*
/GS8 gs
/CS9 cs 0.0902 0.2196 0.5804 0.0000 scn
153.3529 125.1068 m
153.3529 126.0700 153.3152 125.5632 153.2307 126.0814 c
153.1749 126.4241 153.0839 126.5437 152.8889 126.8362 c
152.7545 127.0389 152.7032 127.1642 152.4983 127.2382 c
152.6012 127.0440 152.6434 126.9700 152.7681 126.7767 c
153.2497 126.0300 153.1658 125.3211 153.3529 125.1068 c
f*
/GS8 gs
/CS9 cs 0.0902 0.2196 0.5804 0.0000 scn
149.5678 121.4532 m
150.6178 121.7458 l
150.9897 121.8396 151.3899 121.9405 151.8267 121.9405 c
150.8624 121.9893 l
150.7853 121.9757 150.6903 121.9317 150.5812 121.9042 c
149.9800 121.7529 149.8975 121.7656 149.5678 121.4532 c
f*
/GS8 gs
/CS9 cs 0.0902 0.2196 0.5804 0.0000 scn
149.2628 122.9757 m
149.2248 123.0806 149.2500 123.0364 149.2021 123.0982 c
148.8231 123.3899 l
148.2874 123.7431 148.2330 123.8491 147.8364 124.2933 c
147.7250 124.4177 147.5955 124.5762 147.4313 124.6198 c
147.5461 124.4486 147.6760 124.3111 147.8083 124.1433 c
148.3671 123.4358 148.5964 123.4208 149.2628 122.9757 c
f*
/GS8 gs
/CS9 cs 0.0902 0.2196 0.5804 0.0000 scn
152.0711 119.8701 m
152.6355 120.2477 152.7554 120.5274 152.9694 120.7397 c
153.1429 120.9115 153.1366 120.7959 153.2917 121.0272 c
153.0709 121.2114 153.0366 120.9858 152.5745 120.5249 c
152.3684 120.3199 152.1445 120.1861 152.0711 119.8701 c
f*
/GS8 gs
/CS9 cs 0.0902 0.2196 0.5804 0.0000 scn
150.9721 117.9218 m
151.0330 117.9218 l
151.0330 118.5299 151.6136 119.0869 151.6436 119.4437 c
151.2147 119.2178 150.9721 118.3927 150.9721 117.9218 c
f*
/GS8 gs
/CS9 cs 0.0902 0.2196 0.5804 0.0000 scn
155.3063 124.0716 m
155.5313 124.3083 155.7371 124.5458 155.8565 124.8625 c
155.9069 124.9948 l
156.0200 125.2664 156.1000 125.4356 156.1000 125.7766 c
155.9100 125.6380 156.0163 125.4569 155.7448 124.9132 c
155.4990 124.4886 l
155.4925 124.4761 155.4863 124.4594 155.4800 124.4469 c
h
f*
/GS8 gs
/CS9 cs 0.0902 0.2196 0.5804 0.0000 scn
156.1000 125.8376 m
156.1612 125.8376 l
156.1612 126.0791 156.2043 125.9442 156.2224 126.2027 c
156.2321 126.3370 156.2119 126.4955 156.2219 126.6299 c
156.2511 127.0242 156.4631 127.2025 156.1000 127.2991 c
h
f*
/GS8 gs
/CS9 cs 0.0902 0.2196 0.5804 0.0000 scn
148.8963 124.1935 m
148.8260 124.0747 l
148.6477 124.0872 148.4456 124.1833 148.3084 124.2771 c
147.9977 124.4894 148.2585 124.5501 147.8585 124.5586 c
147.8988 124.4083 147.9217 124.3627 148.0629 124.2757 c
148.7999 123.9092 l
149.0176 123.8964 148.9320 124.0413 148.8963 124.1935 c
f*
/GS8 gs
/CS9 cs 0.0902 0.2196 0.5804 0.0000 scn
157.8705 121.8798 m
157.7483 122.0624 l
157.6397 121.9898 157.6466 122.0000 157.5527 121.8920 c
157.3821 121.6970 l
157.6636 121.7625 157.5085 121.7931 157.7483 121.8798 c
157.6888 121.6568 157.6840 121.7520 157.5652 121.5751 c
157.7262 121.5927 157.7548 121.5848 157.9433 121.8067 c
158.0479 121.9297 158.1358 122.0743 158.1758 122.2449 c
158.0576 122.2138 158.0698 122.2571 157.9527 122.1021 c
h
f*
/GS8 gs
/CS9 cs 0.0902 0.2196 0.5804 0.0000 scn
150.7280 116.3993 m
150.7887 116.3993 l
150.7887 116.5459 150.8434 116.8631 150.8751 117.0439 c
150.9214 117.3090 150.9109 117.5122 150.9109 117.7999 c
150.8499 117.7999 l
150.8499 117.1437 150.8386 117.4683 150.7518 117.1670 c
150.6864 116.9393 150.7280 116.6426 150.7280 116.3993 c
f*
/GS8 gs
/CS9 cs 0.0902 0.2196 0.5804 0.0000 scn
152.8645 123.0976 m
152.6820 123.3417 l
152.6737 123.3510 152.6618 123.3646 152.6536 123.3743 c
152.6454 123.3839 152.6332 123.3972 152.6253 123.4069 c
152.0748 123.9540 l
152.0654 123.9619 152.0512 123.9744 152.0422 123.9823 c
151.9486 124.0716 l
152.0167 123.7819 152.1380 123.7300 152.3302 123.5387 c
152.4263 123.4434 152.4796 123.3910 152.5737 123.2946 c
152.7157 123.1489 152.6647 123.1509 152.8645 123.0976 c
f*
/GS8 gs
/CS9 cs 0.0902 0.2196 0.5804 0.0000 scn
156.9546 119.1396 m
157.0175 119.2020 157.1754 119.0520 157.0255 119.1067 c
157.0241 119.1073 156.8523 119.0373 156.9546 119.1396 c
h
156.4631 119.2022 m
156.6065 119.2300 156.5966 119.3224 156.8979 119.0222 c
157.2599 118.7742 l
157.1695 118.9891 l
156.9628 119.4253 157.0674 119.0823 156.7885 119.2737 c
156.7077 119.3289 156.6992 119.3700 156.5884 119.4437 c
h
f*
/GS8 gs
/CS9 cs 0.0902 0.2196 0.5804 0.0000 scn
155.4897 121.5751 m
156.0008 121.5751 156.2777 121.3792 156.4662 121.6361 c
155.9633 121.6361 155.5299 121.8095 155.4897 121.5751 c
f*
/GS8 gs
/CS9 cs 0.0902 0.2196 0.5804 0.0000 scn
153.5970 120.9053 m
153.7047 120.8540 153.7946 120.8353 153.9023 120.7837 c
153.9465 120.8667 154.2626 121.3370 153.7929 121.1443 c
153.6012 121.0654 153.6956 121.0912 153.5970 120.9053 c
f*
/GS8 gs
/CS9 cs 0.0902 0.2196 0.5804 0.0000 scn
158.0536 119.2003 m
158.3388 119.2003 158.2257 119.2195 158.4108 119.1305 c
158.5803 119.0492 158.5718 119.0489 158.7852 119.0169 c
159.5798 119.0177 l
159.4630 119.0177 159.2717 119.0038 159.1651 119.0305 c
159.0007 119.0718 159.1296 119.0843 158.8541 119.1464 c
158.6058 119.2025 158.3649 119.2615 158.0536 119.2615 c
h
f*
/GS8 gs
/CS9 cs 0.0902 0.2196 0.5804 0.0000 scn
146.6986 125.0461 m
147.0095 124.9739 147.0314 124.8253 147.3092 124.8024 c
147.2017 124.9622 147.1683 124.9730 147.0648 125.1677 c
146.6986 125.1677 l
h
f*
/GS8 gs
/CS9 cs 0.0902 0.2196 0.5804 0.0000 scn
155.3675 118.4088 m
155.4636 118.8207 155.3760 118.6294 155.3675 119.0177 c
155.1234 119.0177 l
155.2683 118.5537 l
155.3428 118.3992 155.3199 118.4635 155.3675 118.4088 c
f*
/GS8 gs
/CS9 cs 0.0902 0.2196 0.5804 0.0000 scn
155.7337 116.2168 m
155.8559 116.2168 l
155.8559 116.5992 156.0334 116.6516 155.7947 116.8257 c
155.7003 116.6292 155.7337 116.4937 155.7337 116.2168 c
f*
/GS8 gs
/CS9 cs 0.0902 0.2196 0.5804 0.0000 scn
155.7947 123.2802 m
156.0297 123.3927 156.1416 123.3451 156.2221 123.6455 c
156.1110 123.6195 156.0543 123.6084 155.9514 123.5503 c
155.7916 123.4602 155.8120 123.4851 155.7947 123.2802 c
f*
/GS8 gs
/CS9 cs 0.0902 0.2196 0.5804 0.0000 scn
158.7251 122.3668 m
158.4808 122.4884 l
158.5290 122.3084 158.5057 122.3898 158.6030 122.2449 c
158.8008 122.3773 158.9675 122.5230 159.0304 122.7929 c
158.8232 122.6837 158.9238 122.7875 158.8139 122.5826 c
h
f*
/GS8 gs
/CS9 cs 0.0902 0.2196 0.5804 0.0000 scn
149.0797 122.4278 m
149.2291 122.5369 149.2109 122.5106 149.2628 122.7322 c
149.0049 122.6364 149.3609 122.8263 149.1769 122.6959 c
149.1395 122.6693 149.0984 122.6302 149.0797 122.6103 c
149.0247 122.8450 149.0026 122.9148 148.7744 122.9757 c
148.9941 122.6469 l
149.0012 122.6361 149.0136 122.6234 149.0202 122.6120 c
h
f*
/GS8 gs
/CS9 cs 0.0902 0.2196 0.5804 0.0000 scn
157.0768 121.6361 m
157.3044 121.7565 157.3614 121.7886 157.5043 122.0014 c
157.3325 121.9873 157.3483 121.9983 157.2304 121.9093 c
157.0992 121.8101 157.1173 121.8095 157.0768 121.6361 c
f*
/GS8 gs
/CS9 cs 0.0902 0.2196 0.5804 0.0000 scn
148.5300 119.2615 m
148.6692 119.0693 148.5201 119.1342 148.7988 119.2300 c
149.0672 119.3219 148.9309 119.2433 149.1406 119.3831 c
149.0066 119.5705 148.9586 119.2708 148.5300 119.2615 c
f*
/GS8 gs
/CS9 cs 0.0902 0.2196 0.5804 0.0000 scn
155.6728 120.4792 m
155.5370 120.6814 155.3882 120.8835 155.1234 120.9053 c
155.1379 120.8914 155.1747 120.8523 155.1832 120.8435 c
155.3102 120.7267 l
155.5251 120.5405 155.4718 120.5325 155.6728 120.4792 c
f*
/GS8 gs
/CS9 cs 0.0902 0.2196 0.5804 0.0000 scn
148.4691 122.8538 m
148.6276 122.9598 148.6321 122.9159 148.6522 123.1586 c
148.4765 123.0279 l
148.4427 123.1495 148.5031 123.1010 148.3469 123.2802 c
148.3588 122.7540 148.4206 123.2969 148.4691 122.8538 c
f*
/GS8 gs
/CS9 cs 0.0902 0.2196 0.5804 0.0000 scn
156.7103 119.6875 m
156.6998 119.6972 156.6822 119.7258 156.6774 119.7156 c
156.6726 119.7051 156.6513 119.7380 156.6448 119.7437 c
156.2939 120.0025 l
156.2023 120.0492 156.1935 120.0512 156.1000 120.1139 c
156.1805 119.8925 156.4781 119.7417 156.7103 119.6875 c
f*
/GS8 gs
/CS9 cs 0.0902 0.2196 0.5804 0.0000 scn
146.6376 119.5659 m
146.6388 119.5648 146.7516 119.5050 146.7598 119.5050 c
146.9316 119.5050 146.8726 119.5313 146.9426 119.6266 c
146.7984 119.8233 146.7437 119.7615 146.6376 119.5659 c
f*
/GS8 gs
/CS9 cs 0.0902 0.2196 0.5804 0.0000 scn
151.8877 121.9405 m
152.4983 121.9405 l
152.4983 122.0014 l
152.1746 122.0014 152.1377 122.0043 151.8877 122.0624 c
h
f*
/GS8 gs
/CS9 cs 0.0902 0.2196 0.5804 0.0000 scn
151.2162 123.0976 m
151.1427 123.1977 151.0744 123.2447 150.9437 123.3128 c
150.6059 123.4630 l
150.6594 123.3303 150.6107 123.3785 150.8791 123.2484 c
h
f*
/GS8 gs
/CS9 cs 0.0902 0.2196 0.5804 0.0000 scn
158.4198 118.7133 m
158.4269 118.7294 158.5689 118.6877 158.3810 118.8479 c
158.2954 118.9208 158.2243 118.9312 158.1146 118.9568 c
158.1622 118.8266 158.3087 118.6642 158.4198 118.7133 c
f*
/GS8 gs
/CS9 cs 0.0902 0.2196 0.5804 0.0000 scn
149.5069 122.3059 m
149.6290 122.3059 l
149.6030 122.6174 149.5826 122.3884 149.5069 122.6713 c
149.2662 122.4955 149.4689 122.6537 149.5069 122.3059 c
f*
/GS8 gs
/CS9 cs 0.0902 0.2196 0.5804 0.0000 scn
150.6059 119.8701 m
150.9443 119.9585 l
150.9610 119.9670 151.0112 119.9894 151.0262 119.9988 c
151.1096 120.0501 151.0597 119.9843 151.1552 120.1139 c
150.8108 120.0849 151.1201 120.1212 150.8774 120.0257 c
150.6061 119.9180 150.7708 120.0954 150.6059 119.8701 c
f*
/GS8 gs
/CS9 cs 0.0902 0.2196 0.5804 0.0000 scn
150.1784 120.2355 m
150.6059 120.2355 l
150.5752 120.2896 150.5659 120.3574 150.4837 120.3574 c
150.3196 120.3574 150.2467 120.3276 150.1784 120.2355 c
f*
/GS8 gs
/CS9 cs 0.0902 0.2196 0.5804 0.0000 scn
151.6436 121.2707 m
152.3149 121.2097 l
152.0963 121.4076 152.2630 121.3302 151.7984 121.2897 c
151.7570 121.2863 151.7187 121.2707 151.6436 121.2707 c
f*
/GS8 gs
/CS9 cs 0.0902 0.2196 0.5804 0.0000 scn
155.7337 115.6689 m
155.9925 115.8551 155.7666 115.6405 155.7337 116.0340 c
155.6116 116.0340 l
155.6620 115.5739 155.6833 116.1289 155.7337 115.6689 c
f*
/GS8 gs
/CS9 cs 0.0902 0.2196 0.5804 0.0000 scn
155.3675 125.5331 m
155.4897 125.5331 l
155.4897 125.8376 l
155.3675 125.8376 l
h
f*
/GS8 gs
/CS9 cs 0.0902 0.2196 0.5804 0.0000 scn
149.3847 120.2355 m
149.5321 120.2749 149.4465 120.2230 149.5613 120.3029 c
149.7557 120.4384 149.6194 120.2848 149.6900 120.4792 c
149.3518 120.3891 149.4272 120.3528 149.3847 120.2355 c
f*
/GS8 gs
/CS9 cs 0.0902 0.2196 0.5804 0.0000 scn
155.7337 125.4112 m
155.8366 125.4827 155.8559 125.4200 155.8559 125.5941 c
155.8559 125.7656 155.8295 125.7069 155.7337 125.7766 c
h
f*
/GS8 gs
/CS9 cs 0.0902 0.2196 0.5804 0.0000 scn
153.2917 122.8538 m
153.2718 123.0919 153.3288 123.0389 153.1089 123.0976 c
153.1284 122.8595 153.0717 122.9125 153.2917 122.8538 c
f*
/GS8 gs
/CS9 cs 0.0902 0.2196 0.5804 0.0000 scn
158.9692 123.5846 m
159.1642 123.5435 159.0644 123.5234 159.2135 123.5846 c
159.0761 123.7717 159.2529 123.6830 158.9692 123.7065 c
h
f*
/GS8 gs
/CS9 cs 0.0902 0.2196 0.5804 0.0000 scn
156.1000 114.5724 m
156.1853 115.0495 l
156.1382 115.2573 156.1569 115.1167 156.1000 115.1816 c
h
f*
/GS8 gs
/CS9 cs 0.0902 0.2196 0.5804 0.0000 scn
154.5738 125.7160 m
154.7807 125.8251 154.6804 125.7214 154.7901 125.9263 c
154.6858 125.9697 l
154.6044 125.8773 154.6041 125.8447 154.5738 125.7160 c
f*
/GS8 gs
/CS9 cs 0.0902 0.2196 0.5804 0.0000 scn
152.1930 119.6266 m
152.4129 119.6853 152.3563 119.6323 152.3761 119.8701 c
152.2253 119.7697 152.2426 119.8338 152.1930 119.6266 c
f*
/GS8 gs
/CS9 cs 0.0902 0.2196 0.5804 0.0000 scn
147.4313 125.0461 m
147.7976 125.0461 l
147.7976 125.1068 l
147.3826 125.1068 147.5787 125.2188 147.4313 125.0461 c
f*
/GS8 gs
/CS9 cs 0.0902 0.2196 0.5804 0.0000 scn
152.8645 121.1491 m
152.9867 121.1491 l
152.9867 121.3316 l
152.8645 121.3316 l
h
f*
/GS8 gs
/CS9 cs 0.0902 0.2196 0.5804 0.0000 scn
155.6116 123.7671 m
155.6116 124.0716 l
155.5506 124.0716 l
155.5506 123.7388 155.3754 123.9372 155.6116 123.7671 c
f*
/GS8 gs
/CS9 cs 0.0902 0.2196 0.5804 0.0000 scn
156.1000 115.3644 m
156.0917 115.4628 156.1167 115.4234 156.0773 115.5243 c
155.9996 115.7233 156.0308 115.6082 155.9781 115.6689 c
156.0033 115.3638 156.0518 115.4194 156.1000 115.3644 c
f*
/GS8 gs
/CS9 cs 0.0902 0.2196 0.5804 0.0000 scn
152.5592 125.2287 m
152.6204 125.2287 l
152.6204 125.5949 152.6491 125.4115 152.4983 125.4722 c
152.5411 125.3863 152.5592 125.3713 152.5592 125.2287 c
f*
/GS8 gs
/CS9 cs 0.0902 0.2196 0.5804 0.0000 scn
155.1234 119.3221 m
155.2453 119.3221 l
155.2453 119.5050 l
155.1444 119.4350 155.1277 119.4919 155.1234 119.3221 c
f*
/GS8 gs
/CS9 cs 0.0902 0.2196 0.5804 0.0000 scn
155.1234 116.7041 m
155.1234 116.8866 l
155.0013 116.8866 l
155.0412 116.7197 154.9763 116.7917 155.1234 116.7041 c
f*
/GS8 gs
/CS9 cs 0.0902 0.2196 0.5804 0.0000 scn
152.1930 116.2168 m
152.3279 116.3103 152.2687 116.2267 152.3149 116.3993 c
152.1930 116.3993 l
h
f*
/GS8 gs
/CS9 cs 0.0902 0.2196 0.5804 0.0000 scn
148.4691 119.3831 m
148.2860 119.3831 l
148.4229 119.1940 148.3322 119.1940 148.4691 119.3831 c
f*
/GS8 gs
/CS9 cs 0.0902 0.2196 0.5804 0.0000 scn
155.8559 124.5586 m
156.1754 124.5861 155.9662 124.5008 156.0390 124.6808 c
155.9336 124.6286 155.9169 124.6408 155.8559 124.5586 c
f*
/GS8 gs
/CS9 cs 0.0902 0.2196 0.5804 0.0000 scn
152.4370 116.5212 m
152.4501 116.4518 152.5714 116.3880 152.5192 116.5090 c
152.4974 116.5601 152.4081 116.6794 152.4370 116.5212 c
f*
/GS8 gs
/CS9 cs 0.0902 0.2196 0.5804 0.0000 scn
157.0768 120.0529 m
157.0895 119.9835 157.2111 119.9197 157.1587 120.0404 c
157.1372 120.0915 157.0473 120.2111 157.0768 120.0529 c
f*
/GS8 gs
/CS9 cs 0.0902 0.2196 0.5804 0.0000 scn
152.9867 123.4020 m
152.9991 123.3326 153.1208 123.2688 153.0686 123.3896 c
153.0468 123.4406 152.9572 123.5602 152.9867 123.4020 c
f*
/GS8 gs
/CS9 cs 0.0902 0.2196 0.5804 0.0000 scn
151.6436 122.8538 m
151.5716 123.0469 151.7760 122.9411 151.4605 122.9757 c
h
f*
/GS8 gs
/CS9 cs 0.0902 0.2196 0.5804 0.0000 scn
155.3675 117.5564 m
155.3374 117.3940 155.4894 117.5669 155.4449 117.5786 c
155.3224 117.6109 155.3845 117.6491 155.3675 117.5564 c
f*
/GS8 gs
/CS9 cs 0.0902 0.2196 0.5804 0.0000 scn
158.8473 119.6875 m
158.8473 119.6158 158.9786 119.5503 158.9417 119.6875 c
158.9049 119.8250 159.0970 119.6892 158.9136 119.7057 c
158.8365 119.7125 158.8473 119.8114 158.8473 119.6875 c
f*
/GS8 gs
/CS9 cs 0.0902 0.2196 0.5804 0.0000 scn
155.6116 125.2896 m
155.5804 125.1204 155.7570 125.3188 155.6722 125.3134 c
155.5580 125.3066 155.6348 125.4155 155.6116 125.2896 c
f*
/GS8 gs
/CS9 cs 0.0902 0.2196 0.5804 0.0000 scn
152.3761 125.6550 m
152.3786 125.6346 152.4436 125.6414 152.4489 125.6431 c
152.4640 125.6491 152.5550 125.5025 152.4753 125.6596 c
152.4753 125.6598 152.3614 125.7732 152.3761 125.6550 c
f*
Q
q
/GS8 gs
/CS9 cs 0.0510 0.2980 0.4196 0.0000 scn
133.7788 115.4962 m
133.9974 115.6864 134.1261 115.6601 134.4807 115.8304 c
134.7066 115.9387 134.9580 116.1062 135.2412 116.1062 c
135.2412 116.0450 l
134.9697 116.0450 134.7157 115.8574 134.4855 115.7647 c
134.2103 115.6533 134.0631 115.5626 133.7788 115.4962 c
h
134.2310 115.9588 m
134.3100 115.9985 134.4294 116.0263 134.5102 116.0450 c
134.0226 115.8012 l
h
h
135.5457 116.2894 m
135.7288 116.2894 135.9388 116.4217 136.1551 116.4722 c
136.1441 116.4628 136.1296 116.4492 136.1225 116.4438 c
135.8892 116.3115 l
135.7702 116.2641 135.6729 116.2284 135.5457 116.2284 c
h
h
134.6927 116.4112 m
134.9586 116.5524 135.3974 116.7001 135.7285 116.7775 c
135.5250 116.6003 135.2367 116.5844 134.9419 116.4671 c
h
h
136.8252 116.7775 m
136.7807 116.7389 136.8011 116.7398 136.7223 116.6973 c
136.5803 116.6202 136.6980 116.6825 136.5814 116.6553 c
136.6033 116.7840 136.6818 116.7653 136.8252 116.7775 c
h
137.1909 116.9603 m
137.2555 117.0252 137.4219 116.8637 137.2586 116.9289 c
137.2572 116.9294 137.0886 116.8583 137.1909 116.9603 c
h
133.3525 117.4484 m
133.2459 117.3560 133.2768 117.3657 133.1087 117.3266 c
133.2170 117.4207 133.1836 117.4082 133.3525 117.4484 c
h
135.5457 117.8147 m
135.3767 117.6676 134.9082 117.4989 134.6927 117.4484 c
h
h
138.2873 117.5706 m
138.4588 117.5706 139.1805 117.8751 139.4450 117.9366 c
139.3906 117.8892 139.4572 117.9128 139.3002 117.8376 c
h
h
135.0584 117.8147 m
134.9977 117.7617 135.1131 117.7931 134.9138 117.7152 c
134.8129 117.6761 134.8523 117.7007 134.7540 117.6928 c
134.8325 117.7988 134.8877 117.8005 135.0584 117.8147 c
h
140.0542 118.0587 m
140.0984 118.0970 140.0788 118.0962 140.1568 118.1390 c
140.2744 118.2036 140.6251 118.2764 140.9973 118.4564 c
141.1727 118.5415 141.7603 118.7906 141.9429 118.7906 c
141.9429 118.7297 l
141.7510 118.7297 140.7427 118.2192 140.0542 118.0587 c
h
140.0542 119.4619 m
140.1253 119.5574 140.1613 119.5520 140.2980 119.5841 c
140.1608 119.3967 140.3371 119.4857 140.0542 119.4619 c
h
142.6207 119.8814 m
142.7845 119.9341 142.8636 119.9659 143.0206 120.0302 c
143.1882 120.0986 143.6445 120.2550 143.8316 120.2550 c
143.8316 120.1941 l
143.5774 120.1941 143.2145 120.0260 143.0320 119.9580 c
142.7924 119.8684 142.4923 119.7632 142.2473 119.7060 c
h
h
142.1257 119.8281 m
h
142.4302 118.9738 m
142.5949 119.1991 142.8290 119.0991 143.1618 119.3394 c
143.1723 119.3468 143.1856 119.3590 143.1958 119.3664 c
143.5119 119.5943 144.8960 120.0722 145.2328 120.0722 c
145.2328 120.0112 l
144.9298 120.0112 144.9720 119.9877 144.8833 119.8826 c
144.7322 119.7031 144.1695 119.5642 143.9303 119.4854 c
143.4237 119.3182 142.9421 119.0934 142.4302 118.9738 c
h
144.6744 120.1433 m
144.7809 120.1813 145.3620 120.3392 145.3833 120.4095 c
145.3890 120.4274 145.4054 120.4483 145.4258 120.4483 c
145.4766 120.3772 l
145.3025 120.2851 144.6670 120.0300 144.4408 120.0112 c
h
h
146.3295 120.6822 m
146.3295 120.5603 l
146.5906 120.6859 146.4690 120.6099 146.5512 120.5955 c
146.6340 120.5603 l
146.3329 120.5351 146.0744 120.3052 145.5985 120.1941 c
145.7045 120.2709 l
146.0316 120.5521 145.4933 120.3454 146.0735 120.5433 c
h
h
145.3473 120.5674 m
145.3113 120.5501 145.2779 120.5073 145.2696 120.5232 c
145.2637 120.5348 145.2433 120.4889 145.2226 120.4889 c
145.1718 120.5603 l
h
h
146.9993 121.1091 m
146.7068 120.7089 146.3746 121.0099 146.7145 120.7670 c
146.7213 120.7621 146.7431 120.7522 146.7558 120.7431 c
146.5914 120.7298 146.5900 120.7145 146.4514 120.6822 c
146.6583 120.8784 146.4874 120.7457 146.5055 120.8083 c
146.5475 120.9512 146.8210 121.0677 146.9993 121.1091 c
h
146.6340 121.1091 m
146.7051 121.2049 146.7411 121.1995 146.8777 121.2313 c
146.7405 121.0439 146.9169 121.1329 146.6340 121.1091 c
h
132.8043 117.3266 m
133.1836 117.2186 l
134.0031 116.6984 133.8454 115.9546 133.4741 115.2522 c
133.7936 115.2788 136.3368 116.4115 136.7731 116.5856 c
137.0492 116.6958 137.6498 116.8985 137.8610 117.0825 c
137.6345 117.0298 137.5872 116.9666 137.3128 116.9603 c
139.3841 117.7534 l
139.5839 117.7534 139.4425 117.6321 139.8716 117.8116 c
141.6563 118.5588 143.2636 119.0361 145.1713 119.8899 c
146.1212 120.2808 l
146.4715 120.4166 146.9418 120.5201 147.0606 120.6822 c
146.7930 120.6763 146.8706 120.6411 146.6340 120.6210 c
146.7595 120.7307 146.7258 120.7256 146.9387 120.7431 c
146.8346 120.8112 l
146.7281 120.9288 146.7811 120.7500 146.8168 120.8653 c
147.2270 120.9609 147.1825 121.0703 147.1825 121.4144 c
147.1825 122.0301 146.7564 121.7032 146.1178 121.5043 c
146.0262 121.4759 146.0163 121.4796 145.9406 121.4376 c
145.4922 121.1907 146.0100 121.3364 145.2489 121.2151 c
143.4784 120.6697 l
142.8863 120.5084 142.3301 120.3222 141.6739 120.1581 c
140.1874 119.7873 137.7612 118.9916 136.2770 118.5469 c
135.4524 118.2997 135.4890 118.2640 134.4960 118.0120 c
134.2803 117.9567 132.9415 117.5142 132.8043 117.3266 c
f*
/GS8 gs
/CS9 cs 0.0510 0.2980 0.4196 0.0000 scn
132.4996 117.6928 m
132.5282 117.7214 132.8448 117.6593 132.6093 117.6599 c
132.6093 117.6599 132.6005 117.6610 132.5999 117.6610 c
132.5429 117.6758 132.3913 117.5839 132.4996 117.6928 c
h
132.4386 117.7534 m
132.7433 117.9366 l
132.9046 117.8212 132.6155 117.7722 132.4386 117.7534 c
h
134.0836 118.3637 m
134.0725 118.3544 134.0563 118.3535 134.0510 118.3354 c
134.0459 118.3173 134.0257 118.3119 134.0181 118.3071 c
134.0079 118.3003 133.9588 118.2682 133.9435 118.2600 c
133.2916 118.0587 l
133.4605 118.2056 133.8636 118.3124 134.0836 118.3637 c
h
133.8398 118.0587 m
133.9464 118.1511 133.9155 118.1415 134.0836 118.1806 c
133.9418 117.9867 134.1252 118.0885 133.8398 118.0587 c
h
136.0942 118.8519 m
135.9320 118.7110 134.8903 118.4097 134.6927 118.3637 c
134.8954 118.5401 136.0052 118.8445 136.0942 118.8519 c
h
131.8294 118.6078 m
131.9837 118.7422 131.9306 118.7130 132.1339 118.7297 c
131.9703 118.5874 132.0318 118.6288 131.8294 118.6078 c
h
132.1339 118.8519 m
h
138.1623 119.4712 m
138.0399 119.3528 138.0739 119.3579 137.8610 119.3400 c
h
h
138.8356 119.5841 m
139.0416 119.7632 139.3163 119.8709 139.6015 119.9166 c
139.9462 119.9718 139.5176 119.8069 140.1151 119.9500 c
139.9266 119.7859 139.0827 119.6045 138.8356 119.5841 c
h
139.3231 120.0112 m
139.5023 120.1671 140.1347 120.3163 140.3586 120.3163 c
140.3586 120.2550 l
140.0513 120.2550 139.6389 120.0373 139.3231 120.0112 c
h
142.5912 120.8307 m
142.5781 120.8951 142.4959 120.9263 142.8568 120.9263 c
143.1612 120.8044 l
142.8352 120.8044 141.6645 120.3772 141.4553 120.3772 c
141.4553 120.4381 l
141.7927 120.4381 142.2023 120.7327 142.6740 120.7431 c
h
h
144.1973 121.2922 m
144.3419 121.3620 144.5709 121.4348 144.7455 121.4753 c
144.5142 121.3413 l
144.4269 121.3121 144.3991 121.2922 144.2580 121.2922 c
144.2580 121.2313 l
144.6126 121.2313 144.8442 121.4144 145.1109 121.4144 c
145.1109 121.3534 l
144.8952 121.3534 144.1026 121.0484 143.8926 121.0484 c
143.8926 121.1091 l
144.0570 121.1091 144.0604 121.1386 144.1973 121.1703 c
h
h
145.1563 122.2846 m
145.2489 122.3070 145.3192 122.3297 145.4766 122.3297 c
145.4766 122.2685 l
145.3388 122.2685 145.0026 122.1780 144.8671 122.1466 c
144.9218 122.1942 144.8439 122.2075 145.1563 122.2846 c
h
131.1591 118.9128 m
131.1591 118.7906 l
131.6497 118.6764 131.5406 118.7334 131.8606 118.3966 c
132.2110 118.0276 132.1597 117.9221 132.3777 117.5094 c
133.3525 117.8147 l
133.0894 117.7929 132.9650 117.6987 132.6824 117.6928 c
132.8465 117.8070 133.1271 117.8473 133.3607 117.9295 c
133.4265 117.9524 133.6187 118.0242 133.6805 118.0293 c
134.0881 118.0638 133.4778 117.7858 134.6695 118.2042 c
136.0556 118.6464 l
137.3114 119.0568 136.2294 118.6886 136.8227 119.0962 c
136.8340 119.1042 136.8490 119.1138 136.8612 119.1212 c
136.9848 119.1847 l
137.0650 119.2170 137.0554 119.2167 137.1583 119.2326 c
137.8610 119.3400 l
137.7975 119.2958 137.8791 119.3360 137.7431 119.2751 c
137.4052 119.1234 136.8502 119.0529 136.7033 118.8519 c
139.9805 119.7799 l
141.7037 120.2190 143.2329 120.7225 144.8892 121.2094 c
145.4865 121.3849 145.8717 121.6185 146.4284 121.8036 c
146.5013 121.8277 146.7448 121.9014 146.7867 121.9343 c
146.8689 121.9989 146.8908 122.1199 146.8959 122.2268 c
146.9055 122.4349 146.6674 122.7620 146.3706 122.6789 c
146.0588 122.5925 146.4914 122.7110 146.2632 122.6103 c
146.0928 122.5349 145.8417 122.5817 145.5806 122.5304 c
145.2657 122.4686 144.9768 122.4017 144.6837 122.3303 c
143.5822 122.0621 142.3791 121.7846 141.3204 121.4887 c
139.6494 121.0266 l
139.0808 120.8602 138.5172 120.7454 137.9344 120.6085 c
136.8224 120.3477 135.7123 120.0523 134.5453 119.7927 c
134.2140 119.7193 133.9707 119.6728 133.7046 119.5977 c
133.2009 119.4557 131.5641 118.9128 131.1591 118.9128 c
f*
/GS8 gs
/CS9 cs 0.2902 0.6863 1.0000 0.2118 scn
132.9868 115.5569 m
132.9868 115.6810 132.9761 115.5821 133.0532 115.5753 c
133.2363 115.5586 133.0444 115.6952 133.0812 115.5569 c
133.1181 115.4197 132.9868 115.4854 132.9868 115.5569 c
h
131.8904 115.5569 m
131.6622 115.5039 131.6143 115.4438 131.4638 115.3131 c
131.6920 115.3661 131.7399 115.4262 131.8904 115.5569 c
h
129.8188 117.2656 m
129.8188 117.9516 130.3503 118.0332 130.3506 118.0335 c
130.5711 118.1730 130.3036 117.9746 130.3770 118.0814 c
130.4606 118.1523 l
130.7435 118.1594 130.4240 118.2427 130.4889 118.0587 c
130.6366 118.0930 130.7336 118.1225 130.8546 118.1806 c
130.9156 117.9975 l
130.5626 117.8595 130.9677 118.0627 130.7432 118.0083 c
130.6837 117.9493 l
130.6749 117.9473 130.7049 118.0029 130.4940 117.9377 c
130.0572 117.8033 130.4002 117.7719 130.1236 117.5094 c
130.3435 117.5278 130.4138 117.5856 130.6108 117.6316 c
130.4943 117.5301 130.4104 117.5326 130.3084 117.3798 c
130.5499 117.4484 l
130.4875 117.2149 130.4512 117.2667 130.1842 117.2047 c
130.2900 117.1389 130.4504 117.1962 130.5499 117.2047 c
130.4181 117.0244 130.3676 117.1327 130.4974 116.9535 c
130.6905 116.7364 l
130.8047 116.5836 130.7659 116.5796 130.7758 116.5618 c
130.8107 116.5090 l
131.1545 116.0940 130.6624 116.8617 130.9156 116.2894 c
131.0598 116.3659 131.1642 116.4308 131.3419 116.4722 c
131.2929 116.3367 131.3135 116.3769 131.2089 116.3007 c
130.6959 115.9265 131.0655 116.4906 130.7937 115.9231 c
131.1449 116.0050 131.1015 116.0722 131.1063 116.1264 c
131.0984 116.1672 l
131.3337 116.0580 131.3515 116.2205 131.6466 116.2894 c
131.6483 116.2363 l
131.6560 116.0201 131.6574 115.9914 131.4028 115.9231 c
131.6466 115.8622 l
131.4420 115.7536 131.5329 115.8571 131.4028 115.6791 c
131.6285 115.7318 131.5732 115.7800 131.8294 115.8012 c
131.6429 115.5467 131.6537 115.7145 131.4028 115.4959 c
131.6299 115.5152 131.7251 115.5915 131.8904 115.6791 c
131.9292 115.5824 131.8983 115.5977 132.0673 115.5039 c
132.2402 115.3672 l
132.3391 115.2371 132.3765 115.2967 132.4613 115.2884 c
132.6818 115.2675 132.5429 115.3814 132.6824 115.1912 c
132.4522 115.1374 132.3014 115.0688 132.0120 115.0688 c
131.0202 115.0688 131.2203 115.4347 131.2200 115.4350 c
130.8008 115.2337 130.3801 115.7562 130.1706 116.0926 c
129.9586 116.4339 129.8188 116.7313 129.8188 117.2656 c
h
131.3487 115.4645 m
131.5120 115.3993 131.3456 115.5611 131.2809 115.4959 c
131.1786 115.3939 131.3473 115.4650 131.3487 115.4645 c
h
131.4028 115.6791 m
131.3340 115.6632 131.0851 115.5705 131.0879 115.5470 c
h
h
131.5315 116.0745 m
131.6948 116.0096 131.5284 116.1711 131.4638 116.1062 c
131.3617 116.0039 131.5301 116.0748 131.5315 116.0745 c
h
130.7395 115.8917 m
130.9028 115.8265 130.7367 115.9880 130.6718 115.9231 c
130.5697 115.8211 130.7381 115.8919 130.7395 115.8917 c
h
130.7931 116.2437 m
130.8934 116.4010 130.6740 116.2332 130.6718 116.2284 c
130.6006 116.0739 130.7925 116.2426 130.7931 116.2437 c
h
130.6698 116.4260 m
130.6531 116.5567 130.5142 116.3307 130.6718 116.3503 c
h
h
130.4280 116.5944 m
130.5218 116.6309 130.4269 116.5708 130.5683 116.6366 c
130.6542 116.6766 130.6250 116.6757 130.6718 116.7165 c
130.3886 116.6927 130.5652 116.7820 130.4280 116.5944 c
h
130.4351 116.8070 m
130.5981 116.7418 130.4320 116.9031 130.3671 116.8384 c
130.2650 116.7364 130.4337 116.8072 130.4351 116.8070 c
h
130.3055 116.9759 m
130.4062 117.1332 130.1865 116.9651 130.1842 116.9603 c
130.1131 116.8058 130.3050 116.9748 130.3055 116.9759 c
h
130.1236 117.1434 m
130.1173 117.1375 130.1406 117.1264 130.1417 117.1253 c
h
h
130.3061 117.3875 m
130.1374 117.3472 130.1706 117.3594 130.0626 117.2656 c
130.2307 117.3050 130.1998 117.2951 130.3061 117.3875 c
h
132.2558 115.2522 m
132.2498 115.2459 132.2728 115.2349 132.2739 115.2340 c
h
h
133.1087 116.0450 m
133.1087 116.3117 132.8528 116.2108 133.2306 116.4112 c
133.1408 116.0249 133.1408 116.1873 133.2306 115.8012 c
133.0478 115.8012 l
133.0880 115.9741 133.1087 115.9055 133.1087 116.0450 c
h
132.8043 116.4112 m
132.8888 116.5677 132.8885 116.5759 133.1087 116.5944 c
133.1087 116.4722 l
132.9698 116.4402 132.9687 116.4249 132.8043 116.4112 c
h
132.1948 116.3503 m
132.1948 116.5762 132.2544 116.6258 132.3777 116.7165 c
132.4942 116.4736 132.3913 116.5873 132.4247 116.3789 c
132.4701 116.0943 132.5832 116.2355 132.3777 116.1672 c
132.3777 116.0450 l
132.6926 116.0107 132.4885 116.1164 132.5580 115.9308 c
132.3167 115.8622 l
132.1977 116.0875 132.1948 116.0481 132.1948 116.3503 c
h
132.8043 117.3266 m
132.9415 117.5142 134.3871 117.8422 134.6029 117.8974 c
135.5958 118.1494 135.4601 118.2081 136.2844 118.4553 c
136.9466 118.6537 137.8576 118.9295 138.7273 119.1986 c
139.8073 119.5325 140.9091 119.8877 141.7329 120.0929 c
142.3888 120.2567 143.0362 120.4892 143.6287 120.6502 c
145.1837 121.1304 l
145.1837 121.1304 145.0210 121.0864 146.0058 121.4118 c
146.0815 121.4535 146.0262 121.4759 146.1178 121.5043 c
146.7564 121.7032 147.1825 122.0301 147.1825 121.4144 c
147.1825 121.0703 147.2270 120.9609 146.8168 120.8653 c
146.7811 120.7500 146.7281 120.9288 146.8346 120.8112 c
146.9387 120.7431 l
146.7258 120.7256 146.7595 120.7307 146.6340 120.6210 c
146.8706 120.6411 146.7930 120.6763 147.0606 120.6822 c
146.9418 120.5201 146.4715 120.4166 146.1212 120.2811 c
145.1713 119.8899 l
143.2636 119.0361 141.6563 118.5588 139.8716 117.8116 c
139.4425 117.6321 139.5839 117.7534 139.3841 117.7534 c
137.3128 116.9603 l
137.5872 116.9666 137.6345 117.0298 137.8610 117.0825 c
137.6498 116.8985 137.0492 116.6958 136.7731 116.5856 c
136.3368 116.4115 133.7936 115.2788 133.4741 115.2522 c
133.8454 115.9546 134.0031 116.6984 133.1836 117.2186 c
h
h
137.2586 116.9289 m
137.4219 116.8637 137.2555 117.0249 137.1909 116.9603 c
137.0886 116.8583 137.2572 116.9294 137.2586 116.9289 c
h
144.8833 119.8826 m
144.9720 119.9877 144.9298 120.0112 145.2328 120.0112 c
145.2328 120.0722 l
144.8960 120.0722 143.5119 119.5943 143.1958 119.3664 c
143.1856 119.3590 143.1723 119.3468 143.1618 119.3394 c
142.8290 119.0988 142.5949 119.1991 142.4302 118.9738 c
142.9421 119.0934 143.4237 119.3182 143.9303 119.4854 c
144.1695 119.5639 144.7322 119.7031 144.8833 119.8826 c
h
146.0735 120.5433 m
145.4933 120.3457 146.0316 120.5521 145.7045 120.2712 c
145.5985 120.1941 l
146.0744 120.3052 146.3329 120.5351 146.6340 120.5603 c
146.5512 120.5955 l
146.4690 120.6099 146.5906 120.6859 146.3295 120.5603 c
146.3295 120.6822 l
h
h
146.9993 121.1091 m
146.8210 121.0677 146.5475 120.9509 146.5055 120.8083 c
146.4874 120.7457 146.6583 120.8784 146.4514 120.6822 c
146.5900 120.7145 146.5914 120.7298 146.7558 120.7431 c
146.7431 120.7522 146.7213 120.7621 146.7145 120.7670 c
146.3746 121.0099 146.7068 120.7089 146.9993 121.1091 c
h
133.3525 117.4484 m
133.1836 117.4082 133.2170 117.4207 133.1087 117.3266 c
133.2768 117.3657 133.2459 117.3560 133.3525 117.4484 c
h
131.2906 117.1718 m
131.4405 117.1165 131.2826 117.2673 131.2200 117.2047 c
131.1180 117.1020 131.2892 117.1721 131.2906 117.1718 c
h
131.5857 117.5094 m
131.5222 117.2713 131.5902 117.4207 131.3419 117.2047 c
131.5137 117.2188 131.4037 117.1845 131.5460 117.2443 c
131.5568 117.2489 131.6083 117.2727 131.6157 117.2965 c
131.6214 117.3141 131.6364 117.3365 131.6565 117.3365 c
131.7076 117.2656 l
131.5414 117.1774 131.3957 117.1020 131.1591 117.0825 c
131.1625 117.2333 131.0454 117.3835 131.5857 117.5094 c
h
131.1591 118.9128 m
131.5641 118.9128 133.2009 119.4557 133.7046 119.5977 c
133.9707 119.6728 134.2140 119.7193 134.5453 119.7930 c
135.7123 120.0523 136.8224 120.3474 137.9344 120.6085 c
138.5172 120.7454 139.0808 120.8602 139.6494 121.0266 c
141.3204 121.4887 l
142.3791 121.7846 143.5822 122.0621 144.6837 122.3303 c
144.9768 122.4017 145.2657 122.4686 145.5806 122.5304 c
145.8417 122.5817 146.0928 122.5349 146.2632 122.6103 c
146.4914 122.7110 146.0588 122.5925 146.3706 122.6789 c
146.6674 122.7620 146.9055 122.4349 146.8959 122.2268 c
146.8908 122.1199 146.8689 121.9989 146.7867 121.9340 c
146.7448 121.9017 146.5013 121.8280 146.4284 121.8036 c
145.8717 121.6185 145.4865 121.3849 144.8892 121.2094 c
143.2329 120.7225 141.7037 120.2190 139.9805 119.7799 c
136.7033 118.8519 l
136.8502 119.0529 137.4052 119.1234 137.7431 119.2751 c
137.8791 119.3360 137.7975 119.2958 137.8610 119.3400 c
137.1583 119.2326 l
137.0554 119.2167 137.0650 119.2170 136.9848 119.1847 c
136.8612 119.1212 l
136.8490 119.1138 136.8340 119.1042 136.8227 119.0962 c
136.2294 118.6886 137.3114 119.0568 136.0556 118.6464 c
134.6695 118.2042 l
133.4778 117.7858 134.0881 118.0641 133.6805 118.0293 c
133.6187 118.0242 133.4265 117.9524 133.3607 117.9295 c
133.1271 117.8473 132.8465 117.8070 132.6824 117.6928 c
132.9650 117.6987 133.0894 117.7929 133.3525 117.8147 c
132.3777 117.5094 l
132.1597 117.9221 132.2110 118.0276 131.8606 118.3966 c
131.5406 118.7334 131.6497 118.6764 131.1591 118.7906 c
h
h
132.6093 117.6599 m
132.8448 117.6596 132.5282 117.7214 132.4996 117.6928 c
132.3913 117.5839 132.5429 117.6758 132.5999 117.6610 c
132.6005 117.6610 132.6093 117.6599 132.6093 117.6599 c
h
134.0836 118.1806 m
133.9155 118.1415 133.9464 118.1511 133.8398 118.0587 c
134.1252 118.0885 133.9418 117.9867 134.0836 118.1806 c
h
137.8610 119.3400 m
138.0739 119.3579 138.0399 119.3528 138.1623 119.4712 c
h
h
132.1339 118.8519 m
h
131.2200 117.6928 m
131.3320 117.8456 131.6208 118.0171 131.7076 117.6928 c
131.5273 117.6029 131.6665 117.5885 131.2200 117.6928 c
h
129.7579 117.3875 m
129.7579 116.6304 129.8687 116.1031 130.4416 115.5708 c
131.7495 114.3567 133.9075 115.1654 133.3120 116.4920 c
133.0764 117.0170 132.0837 117.1157 132.0471 116.3421 c
132.0335 116.0467 132.1464 115.8185 132.4386 115.7403 c
132.6444 115.8780 132.7170 115.9727 132.7433 116.2894 c
132.9664 116.1709 133.0189 116.1814 132.9511 115.9104 c
132.7808 115.2298 131.8294 115.5903 131.8294 116.2284 c
131.8294 116.6023 132.1268 117.2047 132.8043 117.2047 c
133.9707 117.2047 134.1856 114.7031 131.8294 114.7031 c
131.4490 114.7031 131.1094 114.7927 130.8180 114.9106 c
129.4053 115.4826 128.8046 117.2293 129.6527 118.2249 c
130.8387 119.6167 132.1948 118.2450 132.1948 117.3266 c
132.1948 117.1820 131.8022 116.6610 131.4794 116.5731 c
130.5774 116.3268 130.4325 117.6928 131.0374 117.6928 c
131.2702 117.6928 131.0596 117.7115 131.2200 117.6316 c
131.1069 117.2069 130.8906 117.5292 131.0374 116.8994 c
132.2935 116.6063 132.1174 118.3637 130.9156 118.3637 c
130.6114 118.3637 130.2755 118.2713 130.0439 118.0774 c
129.8716 117.9332 129.7579 117.6837 129.7579 117.3875 c
h
131.9808 114.5322 m
131.9236 114.5489 132.1030 114.5333 132.2935 114.5619 c
132.8777 114.6495 133.6346 115.0089 134.0314 115.1722 c
139.9445 117.5661 l
140.3065 117.7112 140.7044 117.8586 141.1126 118.0052 c
142.1442 118.3765 143.1935 118.8468 143.9328 119.1776 c
145.8621 119.9906 l
146.8443 120.4673 147.3043 120.2343 147.3043 121.2922 c
147.3043 121.6820 147.2678 121.5788 147.1405 121.8609 c
147.0501 122.0613 146.9460 122.8575 146.4160 122.8575 c
146.3272 122.8575 145.7742 122.7334 145.0225 122.5542 c
143.4308 122.1749 141.0290 121.5451 140.6404 121.4487 c
136.1293 120.3412 l
135.1466 120.1269 133.6864 119.8619 132.7620 119.5605 c
131.7433 119.2280 130.5312 119.0364 130.3690 118.9791 c
128.0302 118.0970 129.0163 114.4040 131.9808 114.5322 c
f*
/GS8 gs
/CS9 cs 0.0510 0.2980 0.4196 0.0000 scn
129.7579 117.3875 m
129.7579 117.6837 129.8716 117.9332 130.0439 118.0774 c
130.2755 118.2713 130.6114 118.3637 130.9156 118.3637 c
132.1174 118.3637 132.2935 116.6063 131.0374 116.8994 c
130.8906 117.5292 131.1069 117.2069 131.2200 117.6316 c
131.0596 117.7115 131.2702 117.6928 131.0374 117.6928 c
130.4325 117.6928 130.5774 116.3268 131.4794 116.5728 c
131.8022 116.6610 132.1948 117.1820 132.1948 117.3266 c
132.1948 118.2450 130.8387 119.6167 129.6527 118.2249 c
128.8046 117.2293 129.4053 115.4826 130.8180 114.9106 c
131.1094 114.7927 131.4490 114.7031 131.8294 114.7031 c
134.1856 114.7031 133.9707 117.2047 132.8043 117.2047 c
132.1268 117.2047 131.8294 116.6023 131.8294 116.2284 c
131.8294 115.5903 132.7808 115.2298 132.9511 115.9104 c
133.0189 116.1814 132.9664 116.1709 132.7433 116.2894 c
132.7170 115.9727 132.6444 115.8780 132.4386 115.7403 c
132.1464 115.8182 132.0335 116.0470 132.0471 116.3424 c
132.0837 117.1157 133.0764 117.0170 133.3120 116.4920 c
133.9075 115.1654 131.7495 114.3567 130.4416 115.5708 c
129.8687 116.1031 129.7579 116.6304 129.7579 117.3875 c
f*
/GS8 gs
/CS9 cs 0.0510 0.2980 0.4196 0.0000 scn
132.2558 115.2522 m
132.2739 115.2340 l
132.2728 115.2349 132.2498 115.2459 132.2558 115.2522 c
h
131.8904 115.5569 m
131.7399 115.4262 131.6920 115.3661 131.4638 115.3131 c
131.6143 115.4438 131.6622 115.5039 131.8904 115.5569 c
h
131.2809 115.4962 m
131.3456 115.5611 131.5120 115.3993 131.3487 115.4645 c
131.3473 115.4650 131.1786 115.3939 131.2809 115.4962 c
h
131.0879 115.5470 m
131.0851 115.5705 131.3340 115.6632 131.4028 115.6791 c
h
h
130.6718 115.9231 m
130.7367 115.9880 130.9028 115.8265 130.7395 115.8917 c
130.7381 115.8919 130.5697 115.8211 130.6718 115.9231 c
h
131.4638 116.1062 m
131.5284 116.1711 131.6948 116.0096 131.5315 116.0745 c
131.5301 116.0748 131.3617 116.0039 131.4638 116.1062 c
h
130.6718 116.2284 m
130.6740 116.2332 130.8934 116.4010 130.7931 116.2437 c
130.7925 116.2426 130.6006 116.0736 130.6718 116.2284 c
h
130.6718 116.3503 m
130.5142 116.3307 130.6531 116.5567 130.6698 116.4260 c
h
h
130.4280 116.5944 m
130.5652 116.7820 130.3886 116.6927 130.6718 116.7165 c
130.6250 116.6757 130.6542 116.6766 130.5683 116.6366 c
130.4269 116.5708 130.5218 116.6309 130.4280 116.5944 c
h
130.3671 116.8384 m
130.4320 116.9031 130.5981 116.7418 130.4351 116.8070 c
130.4337 116.8072 130.2650 116.7364 130.3671 116.8384 c
h
130.1842 116.9603 m
130.1865 116.9651 130.4062 117.1332 130.3055 116.9759 c
130.3050 116.9748 130.1131 116.8058 130.1842 116.9603 c
h
130.1236 117.1434 m
130.1417 117.1253 l
130.1406 117.1264 130.1173 117.1375 130.1236 117.1434 c
h
130.3061 117.3875 m
130.1998 117.2951 130.2307 117.3050 130.0626 117.2656 c
130.1706 117.3594 130.1374 117.3472 130.3061 117.3875 c
h
129.8188 117.2656 m
129.8188 116.7313 129.9586 116.4339 130.1706 116.0926 c
130.3801 115.7562 130.8008 115.2337 131.2200 115.4350 c
131.2203 115.4347 131.0202 115.0688 132.0120 115.0688 c
132.3014 115.0688 132.4522 115.1374 132.6824 115.1912 c
132.5429 115.3814 132.6818 115.2675 132.4613 115.2884 c
132.3765 115.2967 132.3391 115.2371 132.2402 115.3672 c
132.0673 115.5039 l
131.8983 115.5977 131.9292 115.5824 131.8904 115.6791 c
131.7251 115.5917 131.6299 115.5149 131.4028 115.4962 c
131.6537 115.7145 131.6429 115.5467 131.8294 115.8012 c
131.5732 115.7800 131.6285 115.7318 131.4028 115.6791 c
131.5329 115.8571 131.4420 115.7536 131.6466 115.8622 c
131.4028 115.9231 l
131.6574 115.9911 131.6560 116.0201 131.6483 116.2363 c
131.6466 116.2894 l
131.3515 116.2205 131.3337 116.0580 131.0984 116.1672 c
131.1063 116.1264 l
131.1015 116.0722 131.1449 116.0053 130.7937 115.9231 c
131.0655 116.4906 130.6959 115.9265 131.2089 116.3007 c
131.3135 116.3769 131.2929 116.3367 131.3419 116.4722 c
131.1642 116.4308 131.0598 116.3659 130.9156 116.2894 c
130.6624 116.8617 131.1545 116.0940 130.8107 116.5090 c
130.7758 116.5618 l
130.7659 116.5796 130.8047 116.5836 130.6905 116.7364 c
130.4974 116.9535 l
130.3676 117.1327 130.4181 117.0244 130.5499 117.2047 c
130.4504 117.1962 130.2900 117.1389 130.1842 117.2047 c
130.4512 117.2667 130.4875 117.2149 130.5499 117.4484 c
130.3084 117.3801 l
130.4104 117.5326 130.4943 117.5301 130.6108 117.6316 c
130.4138 117.5856 130.3435 117.5278 130.1236 117.5094 c
130.4002 117.7719 130.0572 117.8033 130.4940 117.9377 c
130.7049 118.0029 130.6749 117.9473 130.6837 117.9493 c
130.7432 118.0083 l
130.9677 118.0627 130.5626 117.8595 130.9156 117.9975 c
130.8546 118.1806 l
130.7336 118.1225 130.6366 118.0930 130.4889 118.0587 c
130.4240 118.2427 130.7435 118.1594 130.4606 118.1523 c
130.3770 118.0814 l
130.3036 117.9746 130.5711 118.1730 130.3506 118.0335 c
130.3503 118.0332 129.8188 117.9516 129.8188 117.2656 c
f*
/GS8 gs
/CS9 cs 0.0510 0.2980 0.4196 0.0000 scn
132.1948 116.3503 m
132.1948 116.0481 132.1977 116.0875 132.3167 115.8622 c
132.5580 115.9308 l
132.4885 116.1164 132.6926 116.0107 132.3777 116.0450 c
132.3777 116.1672 l
132.5832 116.2355 132.4701 116.0943 132.4247 116.3789 c
132.3913 116.5873 132.4942 116.4736 132.3777 116.7165 c
132.2544 116.6258 132.1948 116.5762 132.1948 116.3503 c
f*
/GS8 gs
/CS9 cs 0.2902 0.6863 1.0000 0.2118 scn
138.8356 119.5841 m
139.0827 119.6045 139.9266 119.7859 140.1151 119.9500 c
139.5176 119.8069 139.9462 119.9718 139.6015 119.9166 c
139.3163 119.8709 139.0416 119.7632 138.8356 119.5841 c
f*
/GS8 gs
/CS9 cs 0.2902 0.6863 1.0000 0.2118 scn
142.6740 120.7431 m
142.2023 120.7327 141.7927 120.4381 141.4553 120.4381 c
141.4553 120.3772 l
141.6645 120.3772 142.8352 120.8044 143.1612 120.8044 c
142.8568 120.9263 l
142.4959 120.9263 142.5781 120.8951 142.5912 120.8307 c
h
f*
/GS8 gs
/CS9 cs 0.2902 0.6863 1.0000 0.2118 scn
140.0542 118.0587 m
140.7427 118.2192 141.7510 118.7297 141.9429 118.7297 c
141.9429 118.7906 l
141.7603 118.7906 141.1727 118.5415 140.9973 118.4564 c
140.6251 118.2764 140.2744 118.2036 140.1568 118.1390 c
140.0788 118.0962 140.0984 118.0970 140.0542 118.0587 c
f*
/GS8 gs
/CS9 cs 0.0510 0.2980 0.4196 0.0000 scn
131.2200 117.2047 m
131.2826 117.2673 131.4405 117.1168 131.2906 117.1718 c
131.2892 117.1721 131.1180 117.1020 131.2200 117.2047 c
h
131.1591 117.0825 m
131.3957 117.1020 131.5414 117.1774 131.7076 117.2656 c
131.6565 117.3365 l
131.6364 117.3365 131.6214 117.3141 131.6157 117.2965 c
131.6083 117.2727 131.5568 117.2489 131.5460 117.2443 c
131.4037 117.1845 131.5137 117.2188 131.3419 117.2047 c
131.5902 117.4207 131.5222 117.2713 131.5857 117.5094 c
131.0454 117.3835 131.1625 117.2333 131.1591 117.0825 c
f*
/GS8 gs
/CS9 cs 0.2902 0.6863 1.0000 0.2118 scn
144.1973 121.2922 m
144.1973 121.1703 l
144.0604 121.1386 144.0570 121.1091 143.8926 121.1091 c
143.8926 121.0484 l
144.1026 121.0484 144.8952 121.3534 145.1109 121.3534 c
145.1109 121.4144 l
144.8442 121.4144 144.6126 121.2313 144.2580 121.2313 c
144.2580 121.2922 l
144.3991 121.2922 144.4269 121.3121 144.5142 121.3413 c
144.7455 121.4753 l
144.5709 121.4348 144.3419 121.3620 144.1973 121.2922 c
f*
/GS8 gs
/CS9 cs 0.2902 0.6863 1.0000 0.2118 scn
133.7788 115.4962 m
134.0631 115.5626 134.2103 115.6533 134.4855 115.7647 c
134.7157 115.8574 134.9697 116.0450 135.2412 116.0450 c
135.2412 116.1062 l
134.9580 116.1062 134.7066 115.9387 134.4807 115.8304 c
134.1261 115.6601 133.9974 115.6864 133.7788 115.4962 c
f*
/GS8 gs
/CS9 cs 0.2902 0.6863 1.0000 0.2118 scn
142.2473 119.7060 m
142.4923 119.7632 142.7924 119.8684 143.0320 119.9580 c
143.2145 120.0260 143.5774 120.1941 143.8316 120.1941 c
143.8316 120.2550 l
143.6445 120.2550 143.1882 120.0986 143.0206 120.0302 c
142.8636 119.9659 142.7845 119.9341 142.6207 119.8814 c
h
f*
/GS8 gs
/CS9 cs 0.2902 0.6863 1.0000 0.2118 scn
136.0942 118.8519 m
136.0052 118.8445 134.8954 118.5401 134.6927 118.3637 c
134.8903 118.4097 135.9320 118.7110 136.0942 118.8519 c
f*
/GS8 gs
/CS9 cs 0.0510 0.2980 0.4196 0.0000 scn
131.2200 117.6928 m
131.6665 117.5885 131.5273 117.6029 131.7076 117.6928 c
131.6208 118.0171 131.3320 117.8456 131.2200 117.6928 c
f*
/GS8 gs
/CS9 cs 0.2902 0.6863 1.0000 0.2118 scn
139.3231 120.0112 m
139.6389 120.0373 140.0513 120.2550 140.3586 120.2550 c
140.3586 120.3163 l
140.1347 120.3163 139.5023 120.1671 139.3231 120.0112 c
f*
/GS8 gs
/CS9 cs 0.2902 0.6863 1.0000 0.2118 scn
144.4408 120.0112 m
144.6670 120.0300 145.3025 120.2851 145.4766 120.3772 c
145.4258 120.4483 l
145.4054 120.4483 145.3890 120.4274 145.3833 120.4095 c
145.3620 120.3392 144.7809 120.1813 144.6744 120.1433 c
h
f*
/GS8 gs
/CS9 cs 0.0510 0.2980 0.4196 0.0000 scn
133.1087 116.0450 m
133.1087 115.9055 133.0880 115.9744 133.0478 115.8012 c
133.2306 115.8012 l
133.1408 116.1873 133.1408 116.0252 133.2306 116.4112 c
132.8528 116.2111 133.1087 116.3117 133.1087 116.0450 c
f*
/GS8 gs
/CS9 cs 0.2902 0.6863 1.0000 0.2118 scn
134.6927 116.4112 m
134.9419 116.4671 l
135.2367 116.5844 135.5250 116.6003 135.7285 116.7775 c
135.3974 116.7001 134.9586 116.5524 134.6927 116.4112 c
f*
/GS8 gs
/CS9 cs 0.2902 0.6863 1.0000 0.2118 scn
134.0836 118.3637 m
133.8636 118.3124 133.4605 118.2056 133.2916 118.0587 c
133.9435 118.2600 l
133.9588 118.2682 134.0079 118.3003 134.0181 118.3071 c
134.0257 118.3119 134.0459 118.3173 134.0510 118.3354 c
134.0563 118.3535 134.0725 118.3544 134.0836 118.3637 c
f*
/GS8 gs
/CS9 cs 0.2902 0.6863 1.0000 0.2118 scn
144.8671 122.1466 m
145.0026 122.1780 145.3388 122.2685 145.4766 122.2685 c
145.4766 122.3297 l
145.3192 122.3297 145.2489 122.3070 145.1563 122.2846 c
144.8439 122.2075 144.9218 122.1942 144.8671 122.1466 c
f*
/GS8 gs
/CS9 cs 0.0510 0.2980 0.4196 0.0000 scn
132.8043 116.4112 m
132.9687 116.4249 132.9698 116.4402 133.1087 116.4722 c
133.1087 116.5944 l
132.8885 116.5759 132.8888 116.5680 132.8043 116.4112 c
f*
/GS8 gs
/CS9 cs 0.2902 0.6863 1.0000 0.2118 scn
135.5457 116.2894 m
135.5457 116.2284 l
135.6729 116.2284 135.7702 116.2641 135.8892 116.3115 c
136.1225 116.4438 l
136.1296 116.4492 136.1441 116.4628 136.1551 116.4722 c
135.9388 116.4217 135.7288 116.2894 135.5457 116.2894 c
f*
/GS8 gs
/CS9 cs 0.2902 0.6863 1.0000 0.2118 scn
134.6927 117.4484 m
134.9082 117.4989 135.3767 117.6676 135.5457 117.8147 c
h
f*
/GS8 gs
/CS9 cs 0.2902 0.6863 1.0000 0.2118 scn
132.4386 117.7534 m
132.6155 117.7722 132.9046 117.8212 132.7433 117.9366 c
h
f*
/GS8 gs
/CS9 cs 0.2902 0.6863 1.0000 0.2118 scn
138.2873 117.5706 m
139.3002 117.8376 l
139.4572 117.9128 139.3906 117.8892 139.4450 117.9366 c
139.1805 117.8751 138.4588 117.5706 138.2873 117.5706 c
f*
/GS8 gs
/CS9 cs 0.2902 0.6863 1.0000 0.2118 scn
134.7540 117.6928 m
134.8523 117.7007 134.8129 117.6761 134.9138 117.7152 c
135.1131 117.7931 134.9977 117.7617 135.0584 117.8147 c
134.8877 117.8005 134.8325 117.7988 134.7540 117.6928 c
f*
/GS8 gs
/CS9 cs 0.2902 0.6863 1.0000 0.2118 scn
131.8294 118.6078 m
132.0318 118.6288 131.9703 118.5874 132.1339 118.7297 c
131.9306 118.7130 131.9837 118.7422 131.8294 118.6078 c
f*
/GS8 gs
/CS9 cs 0.2902 0.6863 1.0000 0.2118 scn
146.6340 121.1091 m
146.9169 121.1329 146.7405 121.0439 146.8777 121.2313 c
146.7411 121.1995 146.7051 121.2049 146.6340 121.1091 c
f*
/GS8 gs
/CS9 cs 0.2902 0.6863 1.0000 0.2118 scn
140.0542 119.4619 m
140.3371 119.4857 140.1608 119.3967 140.2980 119.5841 c
140.1613 119.5520 140.1253 119.5574 140.0542 119.4619 c
f*
/GS8 gs
/CS9 cs 0.2902 0.6863 1.0000 0.2118 scn
136.5814 116.6553 m
136.6980 116.6825 136.5803 116.6202 136.7223 116.6973 c
136.8011 116.7398 136.7807 116.7389 136.8252 116.7775 c
136.6818 116.7653 136.6033 116.7840 136.5814 116.6553 c
f*
/GS8 gs
/CS9 cs 0.2902 0.6863 1.0000 0.2118 scn
134.0226 115.8012 m
134.5102 116.0450 l
134.4294 116.0263 134.3100 115.9985 134.2310 115.9588 c
h
f*
/GS8 gs
/CS9 cs 0.0510 0.2980 0.4196 0.0000 scn
132.9868 115.5569 m
132.9868 115.4854 133.1181 115.4197 133.0812 115.5569 c
133.0444 115.6949 133.2363 115.5589 133.0532 115.5753 c
132.9761 115.5821 132.9868 115.6810 132.9868 115.5569 c
f*
/GS8 gs
/CS9 cs 0.2902 0.6863 1.0000 0.2118 scn
145.1718 120.5603 m
145.2226 120.4889 l
145.2433 120.4889 145.2637 120.5348 145.2696 120.5232 c
145.2779 120.5073 145.3113 120.5501 145.3473 120.5674 c
h
f*
/GS8 gs
/CS9 cs 0.0000 0.0000 0.0000 1.0000 scn
142.1257 119.8281 m
h
f*
Q
/GS8 gs
0 J
0 j
2.8270 w
22.925585626053735 M
[] 0 d
/CS9 CS 0.2902 0.6863 1.0000 0.2118 SCN
q
144.4552 173.0256 m
168.9233 173.0256 188.7588 159.0299 188.7588 141.7654 c
188.7588 124.5008 168.9233 110.5050 144.4552 110.5050 c
119.9871 110.5050 100.1517 124.5008 100.1517 141.7654 c
100.1517 159.0299 119.9871 173.0256 144.4552 173.0256 c
W*
n
75.91079 0.00000 0.00000 75.91079 144.4553 141.7653 cm
/Sh14 sh
Q
q
0.59620 0.00000 0.00000 0.59578 0.0000 0.0000 cm
242.2953 290.4177 m
283.3356 290.4177 316.6055 266.9261 316.6055 237.9484 c
316.6055 208.9701 283.3356 185.4788 242.2953 185.4788 c
201.2547 185.4788 167.9848 208.9701 167.9848 237.9484 c
167.9848 266.9261 201.2547 290.4177 242.2953 290.4177 c
s
Q
q
/GS8 gs
/CS9 cs 0.0000 1.0000 1.0000 0.0000 scn
99.2415 120.1524 m
104.7821 118.1988 110.6731 118.7082 116.2908 118.9599 c
117.9488 119.0341 119.8505 119.2470 122.1381 119.6223 c
134.7610 121.9178 174.4098 139.9833 163.4683 153.8226 c
159.8613 158.3850 153.7982 160.5705 147.7536 156.3398 c
142.6654 152.7786 139.5502 144.9176 135.1602 139.6483 c
122.2262 124.1240 103.1751 122.4700 99.2415 120.1524 c
f*
/GS8 gs
/CS9 cs 1.0000 0.0000 1.0000 0.2000 scn
170.6992 173.1560 m
170.5139 173.5897 l
170.2613 174.2873 l
170.0260 174.2961 169.5036 173.5608 168.8842 174.0467 c
168.3666 174.4526 168.2762 175.1905 168.8377 175.6395 c
168.8882 175.6797 168.9497 175.7132 169.0135 175.7503 c
169.5351 176.0530 170.2667 175.9768 170.6726 175.4065 c
172.0463 173.4772 172.1089 167.2982 168.4752 163.0891 c
165.0472 159.1189 163.7932 162.4921 158.7334 160.1654 c
159.2728 159.6061 162.1148 158.3586 164.2462 156.1689 c
166.0516 154.3139 166.2313 153.0641 166.9802 150.8049 c
168.4559 152.8713 168.9746 153.4286 169.0699 155.2456 c
169.1260 156.3117 169.0707 157.1984 168.7586 158.5171 c
172.7799 161.4189 174.8696 168.8403 173.7862 173.4361 c
173.2649 175.6485 172.2197 177.4080 170.0887 177.4916 c
168.1705 177.5670 166.7636 176.4213 167.0083 174.4492 c
167.2685 172.3493 169.5986 171.5134 170.6992 173.1560 c
f*
Q
/GS8 gs
/CS9 cs 0.0000 0.0000 0.0000 0.0000 scn
176.4660 149.3566 m
176.5380 149.4026 176.6115 149.4471 176.6863 149.4899 c
177.5169 149.9632 178.4273 150.2076 179.3829 150.2076 c
179.8155 150.2076 180.2622 150.1790 180.6817 150.0701 c
181.1537 149.9479 181.5934 149.7112 181.9976 149.4437 c
182.4276 149.1591 182.8208 148.8240 183.1487 148.4249 c
183.5178 147.9753 183.7797 147.4449 183.9784 146.9015 c
184.2094 146.2700 184.3197 145.6075 184.3197 144.9357 c
184.3197 144.0116 184.1822 143.0566 183.7409 142.2439 c
184.2313 141.6059 184.4235 140.8158 184.4235 140.0026 c
184.4235 139.4359 184.3248 138.8344 184.2180 138.2788 c
184.0544 137.4282 183.7256 136.6362 183.2363 135.9215 c
182.7196 135.1667 182.0429 134.5544 181.1937 134.1975 c
180.4292 133.8766 179.6006 133.7553 178.7754 133.7553 c
178.6550 133.7553 l
178.5356 133.7700 l
177.6214 133.8831 176.7685 134.1918 176.0655 134.7454 c
175.6670 134.3809 175.1321 134.1626 174.5212 134.1626 c
172.5347 134.1626 l
171.9516 134.1626 171.3685 134.2256 170.8515 134.4991 c
170.3534 134.2706 169.7919 134.2142 169.2462 134.2066 c
168.6611 134.1198 l
167.1789 134.1198 l
166.2834 134.2057 l
165.8693 134.2103 165.4441 134.2468 165.0495 134.3721 c
164.7431 134.4694 164.4486 134.6029 164.1694 134.7619 c
163.6129 135.0788 163.1163 135.4833 162.7282 135.9884 c
162.0692 134.9101 161.1720 133.7553 159.8060 133.7553 c
158.9964 133.7553 158.3841 134.1380 157.9059 134.6805 c
157.4087 134.1604 156.7692 133.8197 155.9866 133.8197 c
154.9661 133.8197 154.1520 134.4002 153.5397 135.1672 c
153.4575 135.2701 153.3781 135.3764 153.3008 135.4847 c
153.1086 135.1400 152.8319 134.8430 152.4660 134.6221 c
151.9146 134.2899 151.2604 134.2154 150.6274 134.2066 c
150.0426 134.1198 l
148.5601 134.1198 l
147.6649 134.2057 l
147.2513 134.2103 146.8264 134.2468 146.4321 134.3721 c
146.1838 134.4506 145.9434 134.5530 145.7127 134.6734 c
145.3243 134.3526 144.8206 134.1626 144.2511 134.1626 c
142.2649 134.1626 l
141.6815 134.1626 141.0985 134.2256 140.5814 134.4991 c
140.0837 134.2706 139.5218 134.2142 138.9764 134.2066 c
138.3911 134.1198 l
136.9086 134.1198 l
136.0134 134.2057 l
135.5998 134.2103 135.1752 134.2468 134.7806 134.3721 c
134.4736 134.4691 134.1788 134.6026 133.8996 134.7619 c
133.6397 134.9099 133.3930 135.0768 133.1640 135.2645 c
132.8726 134.9357 132.5426 134.6426 132.1659 134.4107 c
131.5857 134.0535 130.9144 133.8500 130.2480 133.7247 c
130.0689 133.6910 l
128.6728 133.6910 l
128.4854 133.7281 l
127.7138 133.8800 126.9910 134.1754 126.3804 134.6522 c
126.3643 134.6420 126.3484 134.6318 126.3319 134.6221 c
125.7806 134.2899 125.1264 134.2154 124.4934 134.2066 c
123.9083 134.1198 l
122.4261 134.1198 l
121.5306 134.2057 l
121.1168 134.2103 120.6927 134.2468 120.2984 134.3716 c
119.9911 134.4688 119.6963 134.6026 119.4165 134.7619 c
119.3034 134.8265 119.1926 134.8946 119.0846 134.9663 c
118.9301 134.7936 118.7442 134.6417 118.5199 134.5167 c
117.9003 134.1720 117.0916 134.1626 116.3974 134.1626 c
116.2049 134.1626 116.0118 134.1626 115.8194 134.1626 c
115.6816 134.1626 115.5441 134.1575 115.4200 134.1541 c
115.1957 134.1051 114.9667 134.0768 114.7371 134.0768 c
114.0557 134.0768 113.3923 134.2213 112.8427 134.6468 c
112.7645 134.7075 112.6905 134.7715 112.6208 134.8393 c
112.3855 134.6170 112.0975 134.4424 111.7627 134.3336 c
111.2740 134.1743 110.6838 134.1626 110.1713 134.1626 c
109.9834 134.1626 109.7960 134.1626 109.6081 134.1626 c
109.4970 134.1626 109.3859 134.1595 109.2750 134.1516 c
108.9788 134.1094 108.6758 134.0768 108.3776 134.0768 c
107.4084 134.0768 106.5186 134.5093 106.0622 135.3903 c
105.7706 135.9527 105.7127 136.6126 105.7090 137.2382 c
105.5458 140.0057 l
105.5458 140.0632 l
105.5458 140.4300 105.5256 140.8065 105.5106 141.1733 c
105.4882 141.7243 105.4718 142.2765 105.4718 142.8282 c
105.4718 143.2783 105.4718 143.7284 105.4718 144.1786 c
105.4718 144.6497 105.4769 145.1211 105.4877 145.6070 c
105.5032 146.0373 l
105.6053 148.2945 l
105.6042 149.3152 105.5721 151.1974 106.0359 152.0836 c
106.6504 153.2582 107.9408 153.5298 109.1483 153.5298 c
109.5695 153.5298 l
109.7464 153.5703 109.9264 153.5939 110.1118 153.5939 c
110.2453 153.5939 l
110.3664 153.5939 110.4877 153.5939 110.6087 153.5939 c
110.7003 153.5939 110.7913 153.5939 110.8828 153.5939 c
111.6167 153.5939 112.3092 153.3583 112.8404 152.8688 c
112.8960 152.9206 112.9541 152.9697 113.0153 153.0159 c
113.6784 153.5173 114.5276 153.5939 115.3301 153.5939 c
116.3529 153.5939 l
116.9614 153.5939 117.7072 153.5862 118.2773 153.3617 c
119.2056 152.9966 119.6813 152.1513 119.8165 151.2079 c
119.8227 151.1657 l
119.8423 150.9661 l
119.9506 149.7954 l
120.4625 149.9669 121.0076 150.0361 121.5558 150.0361 c
121.6769 150.0361 121.7982 150.0361 121.9192 150.0361 c
122.2699 150.0361 122.6786 149.9607 123.0253 149.9026 c
123.5857 149.8099 124.1430 149.6560 124.6527 149.4020 c
125.1306 149.1636 125.5439 148.8319 125.8926 148.4345 c
126.1647 148.7554 126.4751 149.0474 126.7951 149.3144 c
127.7229 150.0883 129.0169 150.2507 130.1837 150.2507 c
130.5527 150.2507 130.9175 150.1875 131.2662 150.0659 c
131.6435 149.9343 132.0219 149.7129 132.3632 149.5049 c
132.6121 149.3538 132.8482 149.1851 133.0696 148.9992 c
133.2099 149.1222 133.3582 149.2370 133.5141 149.3430 c
134.2610 149.8521 135.1460 150.0361 136.0389 150.0361 c
136.1599 150.0361 136.2807 150.0361 136.4017 150.0361 c
136.7524 150.0361 137.1614 149.9607 137.5087 149.9026 c
138.0342 149.8153 138.5575 149.6744 139.0414 149.4473 c
139.0774 150.4752 l
139.0839 151.3962 139.3231 152.3004 140.0749 152.9048 c
140.7308 153.4326 141.5682 153.5513 142.3834 153.5513 c
143.3483 153.5513 l
144.4961 153.4978 l
144.8073 153.4229 l
146.0407 153.0992 146.4803 151.9611 146.3780 150.8108 c
146.3726 150.7482 l
146.2734 150.1027 l
146.2598 149.8671 l
146.2575 149.8490 l
146.7184 149.9814 147.2031 150.0361 147.6899 150.0361 c
147.8109 150.0361 147.9322 150.0361 148.0533 150.0361 c
148.4039 150.0361 148.8124 149.9607 149.1593 149.9026 c
149.7197 149.8099 150.2768 149.6560 150.7864 149.4020 c
150.9471 149.3218 151.1005 149.2313 151.2465 149.1313 c
151.6499 149.5372 152.1958 149.7668 152.7883 149.8130 c
153.1913 149.8861 l
154.6920 149.8861 l
155.2827 149.8201 l
155.5512 149.8141 155.8140 149.7864 156.0623 149.7246 c
156.3489 149.8317 156.6604 149.8861 156.9821 149.8861 c
157.2486 149.8861 157.5142 149.8592 157.7764 149.8102 c
157.8053 149.8048 157.8370 149.8005 157.8668 149.8005 c
157.9757 149.8005 158.0839 149.8005 158.1928 149.8005 c
158.4128 149.8005 l
158.6441 149.8005 158.8757 149.8005 159.1070 149.8005 c
159.2260 149.8005 l
159.3439 149.7861 l
159.5157 149.7654 159.6781 149.7280 159.8306 149.6769 c
160.2488 149.7886 160.6997 149.8005 161.1255 149.8005 c
161.9014 149.8005 l
162.5859 149.8005 163.2824 149.7345 163.8587 149.3926 c
164.5897 149.8640 165.4458 150.0361 166.3087 150.0361 c
166.4297 150.0361 166.5510 150.0361 166.6721 150.0361 c
167.0227 150.0361 167.4312 149.9607 167.7784 149.9026 c
168.3043 149.8153 168.8278 149.6744 169.3111 149.4473 c
169.3471 150.4749 l
169.3539 151.3956 169.5929 152.2996 170.3441 152.9042 c
171.0006 153.4326 171.8376 153.5513 172.6534 153.5513 c
173.6181 153.5513 l
174.7661 153.4978 l
175.0774 153.4229 l
176.3104 153.0992 176.7501 151.9611 176.6480 150.8108 c
176.6424 150.7482 l
176.5434 150.1027 l
176.5298 149.8671 l
176.4694 149.4082 l
h
f*
/GS8 gs
/CS9 cs 1.0000 0.0000 1.0000 0.2000 scn
107.5031 140.0632 m
107.5031 140.2492 107.4906 140.6455 107.4660 141.2527 c
107.4413 141.8601 107.4288 142.3851 107.4288 142.8282 c
107.4288 143.2712 107.4288 143.7211 107.4288 144.1786 c
107.4288 144.6355 107.4339 145.0930 107.4438 145.5503 c
107.4586 145.9573 l
107.5623 148.2508 l
107.5623 149.9369 107.6315 150.9120 107.7698 151.1762 c
107.9082 151.4407 108.3677 151.5730 109.1483 151.5730 c
109.8454 151.5730 l
109.9638 151.6158 110.0529 151.6371 110.1121 151.6371 c
110.2453 151.6371 l
110.3542 151.6371 110.4752 151.6371 110.6087 151.6371 c
110.7420 151.6371 110.8335 151.6371 110.8828 151.6371 c
111.1893 151.6371 111.4189 151.5478 111.5722 151.3692 c
111.7253 151.1906 111.8786 150.9012 112.0317 150.5013 c
112.1851 150.1010 112.2987 149.7654 112.3727 149.4938 c
112.4467 149.2226 112.5011 148.9867 112.5357 148.7866 c
112.5703 148.5865 112.6100 148.3792 112.6542 148.1649 c
112.6987 147.9506 112.7458 147.8290 112.7951 147.8007 c
112.8543 147.7576 112.8940 147.7721 112.9136 147.8435 c
113.0321 148.3364 l
113.0522 148.4649 113.0743 148.5757 113.0990 148.6721 c
113.1236 148.7650 113.1953 149.0117 113.3141 149.4153 c
113.5809 150.2546 l
113.8277 150.9333 114.0330 151.3298 114.1960 151.4551 c
114.3590 151.5764 114.7371 151.6371 115.3301 151.6371 c
116.3529 151.6371 l
116.9952 151.6371 117.3980 151.6051 117.5610 151.5407 c
117.7240 151.4764 117.8303 151.2729 117.8799 150.9299 c
117.8943 150.7799 l
118.0131 149.4938 l
118.1021 148.3364 l
118.1169 148.0363 l
118.1761 146.5860 l
118.1911 145.7646 l
118.2056 145.1429 l
118.2206 144.3283 l
118.2206 143.6426 l
118.2206 143.1281 l
118.2206 141.9063 l
118.2305 141.7351 118.2155 141.3207 118.1761 140.6633 c
118.1316 140.0204 l
118.0871 139.4203 l
117.9686 138.1986 l
117.9536 137.9843 l
117.8498 137.0197 l
117.7906 136.5625 117.6968 136.2980 117.5683 136.2266 c
117.4399 136.1554 117.0496 136.1197 116.3974 136.1197 c
116.1995 136.1197 116.0070 136.1197 115.8191 136.1197 c
115.6314 136.1197 115.4438 136.1126 115.2558 136.0981 c
115.1867 136.0981 115.1028 136.0874 115.0038 136.0661 c
114.9049 136.0446 114.8162 136.0338 114.7371 136.0338 c
114.4111 136.0338 114.1787 136.0874 114.0403 136.1945 c
113.9020 136.3017 113.8428 136.4196 113.8623 136.5483 c
114.1291 137.9449 l
114.1886 138.2057 114.2529 138.7202 114.3218 139.4955 c
114.4259 140.5882 l
114.4553 141.0420 l
114.5344 142.1708 114.5738 143.2103 114.5738 144.1570 c
114.5146 144.2426 l
114.4653 144.2426 114.4233 144.1998 114.3887 144.1142 c
114.3541 144.0283 114.2872 143.7497 114.1886 143.2783 c
114.0698 142.7426 l
113.9513 142.1209 l
113.7438 141.0491 l
113.7291 140.9851 l
113.6401 140.3419 113.5658 139.9453 113.5066 139.7954 c
113.4473 139.6451 113.3240 139.5703 113.1361 139.5703 c
113.0176 139.5488 l
112.7208 139.5275 l
112.2664 139.5275 111.9895 139.6060 111.8908 139.7631 c
111.7919 139.9204 111.6981 140.3096 111.6094 140.9312 c
111.5203 141.5529 111.4486 141.9707 111.3942 142.1850 c
111.3401 142.3996 111.2930 142.5923 111.2533 142.7638 c
110.8534 144.1355 l
110.7643 143.9640 l
110.7445 143.9354 110.7349 143.8639 110.7349 143.7497 c
110.7349 143.5640 110.7541 143.1853 110.7941 142.6139 c
110.8383 141.9922 l
110.8828 141.2634 l
110.9568 140.3631 l
111.0013 139.9133 l
111.0311 139.5916 l
111.1054 138.7987 l
111.2386 137.6413 l
111.3375 137.0982 111.3868 136.7484 111.3868 136.5911 c
111.3868 136.3768 111.3103 136.2444 111.1569 136.1945 c
111.0039 136.1446 110.6753 136.1197 110.1713 136.1197 c
109.9834 136.1197 109.7957 136.1197 109.6081 136.1197 c
109.4202 136.1197 109.2376 136.1126 109.0596 136.0981 c
108.7730 136.0553 108.5457 136.0338 108.3776 136.0338 c
108.0814 136.0338 107.8886 136.1197 107.7993 136.2909 c
107.7106 136.4624 107.6661 136.7983 107.6661 137.2983 c
h
h
120.3849 136.4624 m
119.9599 136.7053 119.6413 136.9913 119.4287 137.3199 c
119.2161 137.6484 119.0803 138.0022 119.0211 138.3809 c
118.9619 138.7593 118.9321 139.0915 118.9321 139.3775 c
118.9321 139.9062 119.0506 140.5704 119.2904 141.3706 c
119.5277 142.1708 120.1229 142.8282 121.0765 143.3426 c
121.3583 143.4711 l
121.6276 143.5853 121.8203 143.6746 121.9388 143.7389 c
122.0573 143.8033 122.1537 143.9070 122.2231 144.0499 c
122.3218 144.1928 122.3711 144.3713 122.3711 144.5856 c
122.3711 144.8714 122.2994 145.0715 122.1562 145.1857 c
122.0105 145.3000 121.8696 145.3572 121.7313 145.3572 c
121.5312 145.3572 121.3532 145.2858 121.1953 145.1429 c
121.0371 145.0001 120.9135 144.8572 120.8296 144.7143 c
120.7454 144.5715 120.6590 144.3858 120.5702 144.1570 c
120.5405 144.0428 120.4390 143.9855 120.2712 143.9855 c
120.1428 143.9855 120.0192 144.0249 119.8981 144.1035 c
119.7794 144.1820 119.6237 144.3679 119.4313 144.6608 c
119.2360 144.9536 119.1396 145.3428 119.1396 145.8289 c
119.1396 146.2003 119.2187 146.5503 119.3769 146.8789 c
119.5350 147.2077 119.7870 147.4900 120.1329 147.7256 c
120.4787 147.9614 120.9532 148.0793 121.5561 148.0793 c
121.7041 148.0793 121.8251 148.0793 121.9192 148.0793 c
122.0131 148.0793 122.2750 148.0436 122.7047 147.9722 c
123.1347 147.9008 123.4928 147.7933 123.7796 147.6505 c
124.0659 147.5079 124.3230 147.2862 124.5504 146.9860 c
124.7678 146.7289 124.9381 146.4216 125.0617 146.0645 c
125.1853 145.7073 125.2692 145.4179 125.3137 145.1965 c
125.3582 144.9751 125.3803 144.6571 125.3803 144.2426 c
125.4101 143.6210 l
125.4101 143.3639 l
125.4249 143.2996 l
125.4101 142.0778 l
125.4249 141.5208 l
125.4399 140.7705 l
125.4694 139.4631 l
125.4991 138.3058 l
125.5139 138.1343 l
125.5286 137.3199 l
125.5436 136.8448 l
125.5436 136.5695 125.4694 136.3876 125.3211 136.2980 c
125.1729 136.2087 124.8469 136.1622 124.3429 136.1622 c
123.7646 136.0769 l
123.4239 136.0769 l
122.7566 136.0769 l
122.5193 136.0769 l
121.6301 136.1622 l
121.2939 136.1622 121.0470 136.1874 120.8889 136.2376 c
120.7307 136.2875 120.5629 136.3623 120.3849 136.4624 c
h
121.7339 139.7418 m
121.7931 139.2704 121.9167 139.0346 122.1043 139.0346 c
122.2231 139.0346 122.2971 139.1525 122.3269 139.3880 c
122.3563 139.6239 122.3711 139.8917 122.3711 140.1919 c
122.3711 140.3631 122.3663 140.4989 122.3563 140.5990 c
122.3464 140.6991 122.3144 140.7705 122.2600 140.8136 c
122.2055 140.8564 122.1341 140.8635 122.0451 140.8348 c
121.8373 140.7348 121.7339 140.4777 121.7339 140.0632 c
h
h
126.5071 138.0915 m
126.4380 138.3630 126.3883 138.6201 126.3589 138.8631 c
126.3291 139.1060 126.3144 139.3345 126.3144 139.5488 c
126.3144 139.7631 126.3291 139.9490 126.3589 140.1060 c
126.5664 140.7705 l
126.6058 140.9134 126.6749 141.0707 126.7739 141.2422 c
126.8430 141.3420 126.8974 141.3420 126.9369 141.2422 c
127.0704 140.8348 l
127.2631 140.3206 l
127.3320 140.1491 127.4063 139.9989 127.4854 139.8705 c
127.5644 139.7418 127.7300 139.5454 127.9820 139.2809 c
128.2340 139.0167 128.5330 138.8843 128.8789 138.8843 c
129.0467 138.8843 129.2049 138.9594 129.3531 139.1094 c
129.5014 139.2596 129.5756 139.4702 129.5756 139.7418 c
129.5756 139.8705 129.5436 140.0097 129.4792 140.1596 c
129.4149 140.3096 129.3185 140.4561 129.1901 140.5990 c
129.0617 140.7419 128.8542 140.9134 128.5676 141.1135 c
128.1229 141.4137 l
127.9449 141.5421 l
127.8757 141.5707 127.8017 141.6314 127.7226 141.7243 c
127.6435 141.8173 127.4309 142.1065 127.0851 142.5923 c
126.7393 143.0782 126.5664 143.7712 126.5664 144.6712 c
126.5664 145.1001 126.6231 145.5109 126.7367 145.9037 c
126.8504 146.2966 127.0012 146.6325 127.1889 146.9112 c
127.3765 147.1898 127.6634 147.4900 128.0486 147.8112 c
128.4341 148.1329 129.1456 148.2936 130.1834 148.2936 c
130.3316 148.2936 130.4773 148.2687 130.6208 148.2185 c
130.7639 148.1686 131.0060 148.0399 131.3470 147.8327 c
131.6877 147.6258 131.9794 147.3792 132.2215 147.0932 c
132.4636 146.8077 132.5849 146.5217 132.5849 146.2360 c
132.5849 145.9930 132.5106 145.7218 132.3624 145.4216 c
132.2439 145.1642 l
131.9919 144.6712 l
131.7745 144.2426 131.5766 144.0283 131.3989 144.0283 c
131.3002 144.0283 131.2013 144.1176 131.1024 144.2962 c
131.0037 144.4748 130.9022 144.6608 130.7985 144.8535 c
130.6947 145.0466 130.4898 145.1931 130.1834 145.2929 c
130.1142 145.2929 130.0598 145.2929 130.0204 145.2929 c
129.9609 145.2929 129.8769 145.2787 129.7684 145.2501 c
129.6595 145.2214 129.6051 145.0573 129.6051 144.7571 c
129.6051 144.6429 129.6422 144.5034 129.7162 144.3393 c
129.7905 144.1749 129.9461 143.9926 130.1834 143.7925 c
130.7764 143.3639 l
131.0332 143.1782 131.2138 143.0425 131.3172 142.9566 c
131.4210 142.8710 131.6903 142.6102 132.1251 142.1745 c
132.5599 141.7385 132.7774 140.9278 132.7774 139.7418 c
132.7774 139.3560 132.7329 138.9345 132.6441 138.4773 c
132.5055 137.8769 132.2957 137.3734 132.0140 136.9661 c
131.7322 136.5591 131.4408 136.2623 131.1395 136.0769 c
130.8382 135.8909 130.4206 135.7481 129.8869 135.6480 c
129.1011 135.6480 l
128.8641 135.6480 l
128.2119 135.7767 127.7028 136.0338 127.3371 136.4196 c
126.9714 136.8054 126.6948 137.3627 126.5071 138.0915 c
h
134.8676 136.4624 m
134.4427 136.7053 134.1238 136.9913 133.9115 137.3199 c
133.6989 137.6484 133.5631 138.0022 133.5039 138.3809 c
133.4446 138.7593 133.4149 139.0915 133.4149 139.3775 c
133.4149 139.9062 133.5336 140.5704 133.7732 141.3706 c
134.0104 142.1708 134.6057 142.8282 135.5596 143.3426 c
135.8410 143.4711 l
136.1103 143.5853 136.3031 143.6746 136.4216 143.7389 c
136.5403 143.8033 136.6367 143.9070 136.7059 144.0499 c
136.8045 144.1928 136.8541 144.3713 136.8541 144.5856 c
136.8541 144.8714 136.7824 145.0715 136.6390 145.1857 c
136.4933 145.3000 136.3524 145.3572 136.2141 145.3572 c
136.0140 145.3572 135.8359 145.2858 135.6780 145.1429 c
135.5199 145.0001 135.3963 144.8572 135.3124 144.7143 c
135.2282 144.5715 135.1420 144.3858 135.0527 144.1570 c
135.0232 144.0428 134.9220 143.9855 134.7540 143.9855 c
134.6255 143.9855 134.5020 144.0249 134.3809 144.1035 c
134.2624 144.1820 134.1068 144.3679 133.9140 144.6608 c
133.7187 144.9536 133.6224 145.3428 133.6224 145.8289 c
133.6224 146.2003 133.7017 146.5503 133.8596 146.8789 c
134.0178 147.2077 134.2698 147.4900 134.6156 147.7256 c
134.9614 147.9614 135.4360 148.0793 136.0389 148.0793 c
136.1869 148.0793 136.3079 148.0793 136.4017 148.0793 c
136.4958 148.0793 136.7578 148.0436 137.1875 147.9722 c
137.6175 147.9008 137.9755 147.7933 138.2624 147.6505 c
138.5490 147.5079 138.8058 147.2862 139.0331 146.9860 c
139.2506 146.7289 139.4209 146.4216 139.5445 146.0645 c
139.6678 145.7073 139.7520 145.4179 139.7965 145.1965 c
139.8410 144.9751 139.8634 144.6571 139.8634 144.2426 c
139.8929 143.6210 l
139.8929 143.3639 l
139.9079 143.2996 l
139.8929 142.0778 l
139.9079 141.5208 l
139.9226 140.7705 l
139.9521 139.4631 l
139.9819 138.3058 l
139.9966 138.1343 l
140.0114 137.3199 l
140.0264 136.8448 l
140.0264 136.5695 139.9521 136.3876 139.8042 136.2980 c
139.6556 136.2087 139.3296 136.1622 138.8256 136.1622 c
138.2477 136.0769 l
137.9064 136.0769 l
137.2394 136.0769 l
137.0024 136.0769 l
136.1129 136.1622 l
135.7767 136.1622 135.5298 136.1874 135.3716 136.2376 c
135.2134 136.2875 135.0456 136.3623 134.8676 136.4624 c
h
136.2166 139.7418 m
136.2759 139.2704 136.3995 139.0346 136.5871 139.0346 c
136.7059 139.0346 136.7799 139.1525 136.8096 139.3880 c
136.8391 139.6239 136.8541 139.8917 136.8541 140.1919 c
136.8541 140.3631 136.8490 140.4989 136.8391 140.5990 c
136.8292 140.6991 136.7972 140.7705 136.7430 140.8136 c
136.6886 140.8564 136.6166 140.8635 136.5279 140.8348 c
136.3204 140.7348 136.2166 140.4777 136.2166 140.0632 c
h
h
140.9899 142.0673 m
140.9454 143.7140 l
140.9454 145.4000 l
140.9454 147.0932 l
140.9899 148.7650 l
140.9899 149.1724 l
141.0344 150.4369 l
141.0344 150.9228 141.1231 151.2371 141.3011 151.3800 c
141.4789 151.5229 141.8397 151.5943 142.3831 151.5943 c
142.6501 151.5943 l
143.3024 151.5943 l
144.2214 151.5515 l
144.3104 151.5300 l
144.4192 151.5013 144.4586 151.3193 144.4289 150.9834 c
144.3251 150.3082 l
144.3104 150.0511 l
144.2511 149.6010 l
144.1474 148.0363 l
144.1324 147.6505 l
144.0879 146.5648 l
144.0879 146.2360 144.0853 145.9182 144.0805 145.6143 c
144.0757 145.3071 144.0680 145.0216 144.0584 144.7500 c
144.1176 143.5141 l
144.1324 143.1924 l
144.1621 142.2281 l
144.2066 141.4349 l
144.2214 140.9635 l
144.2511 140.3169 l
144.2954 139.6916 l
144.3251 139.1559 l
144.3844 138.4665 l
144.4734 137.4769 l
144.4929 137.2734 144.5153 137.0874 144.5400 136.9162 c
144.5649 136.7447 144.5771 136.6019 144.5771 136.4839 c
144.5771 136.2410 144.4686 136.1197 144.2511 136.1197 c
144.0139 136.1197 l
143.8509 136.1197 l
143.0651 136.1197 l
142.2646 136.1197 l
141.8596 136.1197 141.5925 136.1622 141.4644 136.2481 c
141.3357 136.3337 141.2467 136.5412 141.1974 136.8697 c
141.1824 136.9769 l
141.1529 137.7057 l
141.0786 138.9059 l
141.0786 139.1630 l
141.0639 139.3345 l
141.0344 140.6169 l
141.0344 140.7849 l
h
h
146.5189 136.4624 m
146.0940 136.7053 145.7753 136.9913 145.5630 137.3199 c
145.3504 137.6484 145.2146 138.0022 145.1554 138.3809 c
145.0962 138.7593 145.0661 139.0915 145.0661 139.3775 c
145.0661 139.9062 145.1849 140.5704 145.4247 141.3706 c
145.6620 142.1708 146.2572 142.8282 147.2108 143.3426 c
147.4926 143.4711 l
147.7619 143.5853 147.9546 143.6746 148.0731 143.7389 c
148.1916 143.8033 148.2880 143.9070 148.3574 144.0499 c
148.4561 144.1928 148.5054 144.3713 148.5054 144.5856 c
148.5054 144.8714 148.4337 145.0715 148.2905 145.1857 c
148.1448 145.3000 148.0039 145.3572 147.8653 145.3572 c
147.6655 145.3572 147.4875 145.2858 147.3293 145.1429 c
147.1714 145.0001 147.0478 144.8572 146.9636 144.7143 c
146.8797 144.5715 146.7933 144.3858 146.7043 144.1570 c
146.6748 144.0428 146.5733 143.9855 146.4052 143.9855 c
146.2771 143.9855 146.1532 144.0249 146.0324 144.1035 c
145.9140 144.1820 145.7580 144.3679 145.5656 144.6608 c
145.3703 144.9536 145.2739 145.3428 145.2739 145.8289 c
145.2739 146.2003 145.3530 146.5503 145.5111 146.8789 c
145.6690 147.2077 145.9213 147.4900 146.2671 147.7256 c
146.6130 147.9614 147.0872 148.0793 147.6901 148.0793 c
147.8384 148.0793 147.9594 148.0793 148.0533 148.0793 c
148.1474 148.0793 148.4090 148.0436 148.8387 147.9722 c
149.2688 147.9008 149.6271 147.7933 149.9136 147.6505 c
150.2002 147.5079 150.4573 147.2862 150.6847 146.9860 c
150.9018 146.7289 151.0724 146.4216 151.1960 146.0645 c
151.3193 145.7073 151.4035 145.4179 151.4480 145.1965 c
151.4923 144.9751 151.5146 144.6571 151.5146 144.2426 c
151.5441 143.6210 l
151.5441 143.3639 l
151.5591 143.2996 l
151.5441 142.0778 l
151.5591 141.5208 l
151.5739 140.7705 l
151.6037 139.4631 l
151.6331 138.3058 l
151.6479 138.1343 l
151.6629 137.3199 l
151.6779 136.8448 l
151.6779 136.5695 151.6037 136.3876 151.4554 136.2980 c
151.3071 136.2087 150.9809 136.1622 150.4769 136.1622 c
149.8989 136.0769 l
149.5579 136.0769 l
148.8909 136.0769 l
148.6536 136.0769 l
147.7641 136.1622 l
147.4282 136.1622 147.1813 136.1874 147.0229 136.2376 c
146.8650 136.2875 146.6972 136.3623 146.5189 136.4624 c
h
147.8679 139.7418 m
147.9274 139.2704 148.0510 139.0346 148.2386 139.0346 c
148.3574 139.0346 148.4311 139.1525 148.4612 139.3880 c
148.4906 139.6239 148.5054 139.8917 148.5054 140.1919 c
148.5054 140.3631 148.5006 140.4989 148.4906 140.5990 c
148.4807 140.6991 148.4487 140.7705 148.3943 140.8136 c
148.3398 140.8564 148.2681 140.8635 148.1794 140.8348 c
147.9716 140.7348 147.8679 140.4777 147.8679 140.0632 c
h
h
152.5079 145.3788 m
152.4932 145.8502 l
152.4932 146.7933 l
152.4932 147.2505 152.5226 147.5436 152.5819 147.6720 c
152.6411 147.8007 152.7846 147.8648 153.0119 147.8648 c
153.3677 147.9291 l
153.4416 147.9291 l
154.0052 147.9291 l
154.5831 147.9291 l
155.1611 147.8648 l
155.4775 147.8648 155.6580 147.8327 155.7023 147.7684 c
155.7468 147.7040 155.7692 147.4506 155.7692 147.0076 c
155.7692 146.2788 l
155.6949 145.3788 l
155.7692 144.4357 l
155.7692 144.1355 l
155.7692 143.5354 l
155.8457 142.8710 l
155.8556 142.7712 155.8681 142.6924 155.8828 142.6354 c
155.8976 142.5781 155.9174 142.5101 155.9421 142.4316 c
155.9693 142.3531 156.0260 142.3137 156.1175 142.3137 c
156.1470 142.3137 156.1941 142.3494 156.2533 142.4208 c
156.3151 142.4923 156.3670 142.6459 156.4115 142.8817 c
156.4586 143.1176 156.4807 143.5354 156.4807 144.1355 c
156.5249 145.4859 l
156.5249 145.5931 l
156.4807 147.0932 l
156.4807 147.4078 156.5127 147.6258 156.5770 147.7471 c
156.6411 147.8684 156.7746 147.9291 156.9821 147.9291 c
157.1204 147.9291 157.2639 147.9149 157.4169 147.8863 c
157.5700 147.8577 157.7208 147.8435 157.8665 147.8435 c
158.0148 147.8435 158.1236 147.8435 158.1928 147.8435 c
158.4128 147.8435 l
158.6398 147.8435 158.8697 147.8435 159.1070 147.8435 c
159.3417 147.8149 159.4602 147.6292 159.4602 147.2899 c
159.4602 147.1754 159.4553 147.0648 159.4454 146.9577 c
159.4355 146.8502 159.4057 146.5146 159.3564 145.9468 c
159.3564 144.2820 l
159.3564 143.7426 159.3737 143.3353 159.4083 143.0640 c
159.4429 142.7924 159.4874 142.6068 159.5418 142.5067 c
159.5962 142.4066 159.6677 142.3925 159.7567 142.4639 c
159.8258 142.5209 159.8825 142.6280 159.9270 142.7851 c
159.9718 142.9424 160.0087 143.1924 160.0381 143.5354 c
160.1124 144.4357 l
160.1867 145.3357 l
160.1867 146.4934 l
160.1495 146.7218 160.1274 146.8860 160.1223 146.9860 c
160.1150 147.0861 160.1124 147.1932 160.1124 147.3077 c
160.1124 147.5649 160.1691 147.7185 160.2831 147.7684 c
160.3990 147.8186 160.6782 147.8435 161.1252 147.8435 c
161.9011 147.8435 l
162.4768 147.8435 162.8152 147.7828 162.9215 147.6575 c
163.0253 147.5362 163.0772 147.1470 163.0772 146.4934 c
163.0772 146.3003 l
163.0772 145.5324 l
163.0772 145.3893 163.0723 145.1857 163.0624 144.9215 c
163.0525 144.6571 163.0106 144.1035 162.9363 143.2638 c
162.8623 142.4208 162.7237 141.5636 162.5210 140.6849 c
162.3186 139.8095 162.1037 139.0989 161.8716 138.5558 c
161.6391 138.0163 161.4291 137.6019 161.2414 137.3162 c
160.6190 136.2481 160.1419 135.7123 159.8060 135.7123 c
159.4998 135.7123 159.1441 136.1554 158.7387 137.0412 c
158.3853 137.8344 l
158.0740 138.6916 l
158.0000 138.7987 l
157.9209 138.8273 157.8665 138.8200 157.8370 138.7772 c
157.8073 138.7344 157.7653 138.5952 157.7109 138.3593 c
157.6568 138.1235 157.5751 137.9021 157.4663 137.6949 c
157.3577 137.4877 157.2588 137.2983 157.1700 137.1268 c
157.1403 137.0625 l
156.7868 136.4411 l
156.5399 135.9981 156.2732 135.7767 155.9866 135.7767 c
155.7000 135.7767 155.3936 135.9802 155.0699 136.3876 c
154.7439 136.7946 154.3978 137.3769 154.0321 138.1343 c
153.6664 138.8917 153.3677 139.7526 153.1304 140.7169 c
152.8931 141.6815 152.7205 142.7494 152.6117 143.9212 c
152.5374 144.9286 l
h
h
165.1377 136.4624 m
164.7128 136.7053 164.3939 136.9913 164.1813 137.3199 c
163.9689 137.6484 163.8332 138.0022 163.7736 138.3809 c
163.7144 138.7593 163.6849 139.0915 163.6849 139.3775 c
163.6849 139.9062 163.8034 140.5704 164.0432 141.3706 c
164.2805 142.1708 164.8757 142.8282 165.8293 143.3426 c
166.1111 143.4711 l
166.3804 143.5853 166.5729 143.6746 166.6916 143.7389 c
166.8104 143.8033 166.9068 143.9070 166.9757 144.0499 c
167.0746 144.1928 167.1239 144.3713 167.1239 144.5856 c
167.1239 144.8714 167.0525 145.0715 166.9090 145.1857 c
166.7633 145.3000 166.6225 145.3572 166.4841 145.3572 c
166.2840 145.3572 166.1060 145.2858 165.9478 145.1429 c
165.7899 145.0001 165.6663 144.8572 165.5821 144.7143 c
165.4982 144.5715 165.4118 144.3858 165.3228 144.1570 c
165.2933 144.0428 165.1921 143.9855 165.0240 143.9855 c
164.8953 143.9855 164.7720 144.0249 164.6510 144.1035 c
164.5325 144.1820 164.3769 144.3679 164.1841 144.6608 c
163.9888 144.9536 163.8924 145.3428 163.8924 145.8289 c
163.8924 146.2003 163.9715 146.5503 164.1297 146.8789 c
164.2876 147.2077 164.5398 147.4900 164.8857 147.7256 c
165.2315 147.9614 165.7060 148.0793 166.3087 148.0793 c
166.4569 148.0793 166.5780 148.0793 166.6718 148.0793 c
166.7656 148.0793 167.0275 148.0436 167.4575 147.9722 c
167.8876 147.9008 168.2456 147.7933 168.5322 147.6505 c
168.8190 147.5079 169.0758 147.2862 169.3032 146.9860 c
169.5203 146.7289 169.6910 146.4216 169.8146 146.0645 c
169.9379 145.7073 170.0220 145.4179 170.0666 145.1965 c
170.1111 144.9751 170.1332 144.6571 170.1332 144.2426 c
170.1629 143.6210 l
170.1629 143.3639 l
170.1777 143.2996 l
170.1629 142.0778 l
170.1777 141.5208 l
170.1924 140.7705 l
170.2222 139.4631 l
170.2517 138.3058 l
170.2667 138.1343 l
170.2814 137.3199 l
170.2962 136.8448 l
170.2962 136.5695 170.2222 136.3876 170.0739 136.2980 c
169.9257 136.2087 169.5997 136.1622 169.0954 136.1622 c
168.5174 136.0769 l
168.1764 136.0769 l
167.5094 136.0769 l
167.2724 136.0769 l
166.3829 136.1622 l
166.0467 136.1622 165.7996 136.1874 165.6417 136.2376 c
165.4835 136.2875 165.3154 136.3623 165.1377 136.4624 c
h
166.4867 139.7418 m
166.5459 139.2704 166.6692 139.0346 166.8572 139.0346 c
166.9757 139.0346 167.0499 139.1525 167.0797 139.3880 c
167.1092 139.6239 167.1239 139.8917 167.1239 140.1919 c
167.1239 140.3631 167.1191 140.4989 167.1092 140.5990 c
167.0992 140.6991 167.0672 140.7705 167.0128 140.8136 c
166.9584 140.8564 166.8866 140.8635 166.7979 140.8348 c
166.5904 140.7348 166.4867 140.4777 166.4867 140.0632 c
h
h
171.2599 142.0673 m
171.2154 143.7140 l
171.2154 145.4000 l
171.2154 147.0932 l
171.2599 148.7650 l
171.2599 149.1724 l
171.3044 150.4369 l
171.3044 150.9228 171.3932 151.2371 171.5712 151.3800 c
171.7489 151.5229 172.1098 151.5943 172.6532 151.5943 c
172.9202 151.5943 l
173.5722 151.5943 l
174.4911 151.5515 l
174.5804 151.5300 l
174.6890 151.5013 174.7287 151.3193 174.6989 150.9834 c
174.5952 150.3082 l
174.5804 150.0511 l
174.5212 149.6010 l
174.4174 148.0363 l
174.4024 147.6505 l
174.3579 146.5648 l
174.3579 146.2360 174.3554 145.9182 174.3506 145.6143 c
174.3454 145.3071 174.3381 145.0216 174.3284 144.7500 c
174.3877 143.5141 l
174.4024 143.1924 l
174.4319 142.2281 l
174.4767 141.4349 l
174.4911 140.9635 l
174.5212 140.3169 l
174.5654 139.6916 l
174.5952 139.1559 l
174.6544 138.4665 l
174.7431 137.4769 l
174.7630 137.2734 174.7854 137.0874 174.8100 136.9162 c
174.8347 136.7447 174.8472 136.6019 174.8472 136.4839 c
174.8472 136.2410 174.7383 136.1197 174.5212 136.1197 c
174.2839 136.1197 l
174.1207 136.1197 l
173.3352 136.1197 l
172.5347 136.1197 l
172.1296 136.1197 171.8626 136.1622 171.7342 136.2481 c
171.6058 136.3337 171.5168 136.5412 171.4674 136.8697 c
171.4524 136.9769 l
171.4229 137.7057 l
171.3487 138.9059 l
171.3487 139.1630 l
171.3339 139.3345 l
171.3044 140.6169 l
171.3044 140.7849 l
h
h
180.7914 139.3739 m
181.4536 139.7273 181.8884 140.3240 182.0959 141.1566 c
182.3431 140.9134 182.4664 140.5312 182.4664 140.0026 c
182.4664 139.6916 182.4097 139.2381 182.2961 138.6485 c
182.1824 138.0557 181.9573 137.5163 181.6217 137.0271 c
181.2855 136.5338 180.8904 136.1911 180.4357 136.0018 c
179.9810 135.8087 179.4277 135.7123 178.7754 135.7123 c
177.9650 135.8124 177.3522 136.1126 176.9372 136.6126 c
176.5222 137.1090 176.2183 137.5841 176.0258 138.0342 c
175.8328 138.4843 175.6919 138.9274 175.6032 139.3702 c
175.5142 139.8132 175.4600 140.2277 175.4402 140.6134 c
175.4203 140.9956 175.4104 141.4814 175.4104 142.0673 c
175.4104 142.6031 l
175.4104 142.7890 175.4178 142.9818 175.4325 143.1890 c
175.4476 143.3962 175.5068 143.8211 175.6106 144.4640 c
175.7143 145.1038 175.9465 145.7430 176.3073 146.3788 c
176.6679 147.0146 177.1177 147.4826 177.6563 147.7899 c
178.1949 148.0972 178.7706 148.2508 179.3832 148.2508 c
179.7290 148.2508 179.9983 148.2256 180.1911 148.1757 c
180.3838 148.1258 180.6259 148.0042 180.9176 147.8112 c
181.2090 147.6184 181.4485 147.4112 181.6364 147.1827 c
181.8241 146.9540 181.9922 146.6362 182.1404 146.2289 c
182.2887 145.8252 182.3627 145.3929 182.3627 144.9357 c
182.3627 143.9963 182.1849 143.3140 181.8292 142.8959 c
181.4734 142.4744 181.2362 142.2173 181.1177 142.1243 c
180.9989 142.0316 180.7620 141.8780 180.4059 141.6637 c
179.8427 141.3456 l
179.6944 141.2600 l
179.5859 141.1883 179.4796 141.1169 179.3758 141.0457 c
179.2721 140.9743 179.1411 140.8671 178.9829 140.7240 c
178.8248 140.5811 178.7457 140.3810 178.7457 140.1239 c
178.7457 139.8847 178.8469 139.6596 179.0495 139.4524 c
179.2522 139.2452 179.5414 139.1417 179.9167 139.1417 c
180.0751 139.1417 180.2157 139.1559 180.3393 139.1845 c
180.4629 139.2131 180.6134 139.2775 180.7914 139.3739 c
h
178.3604 143.8569 m
178.4197 143.7282 178.5087 143.6641 178.6272 143.6641 c
178.7261 143.6641 178.8398 143.7282 178.9682 143.8569 c
179.0966 143.9855 179.2250 144.1786 179.3534 144.4357 c
179.4574 144.7571 l
179.4969 144.9428 179.4796 145.1072 179.4053 145.2501 c
179.3313 145.3929 179.2250 145.4502 179.0867 145.4216 c
178.9189 145.4216 178.7457 145.2501 178.5679 144.9071 c
178.3998 144.5355 178.3159 144.2571 178.3159 144.0711 c
178.3159 143.9997 178.3307 143.9283 178.3604 143.8569 c
f
/GS8 gs
/CS9 cs 0.1804 0.2627 0.5490 0.3725 scn
155.8621 133.1563 m
156.7273 133.1563 157.4283 132.4780 157.4283 131.6409 c
157.4283 130.8042 156.7273 130.1255 155.8621 130.1255 c
154.9973 130.1255 154.2960 130.8042 154.2960 131.6409 c
154.2960 132.4780 154.9973 133.1563 155.8621 133.1563 c
f*
/GS8 gs
/CS9 cs 0.1804 0.2627 0.5490 0.3725 scn
157.8260 130.4144 m
158.6631 130.4144 159.3414 129.7358 159.3414 128.8990 c
159.3414 128.0619 158.6631 127.3836 157.8260 127.3836 c
156.9892 127.3836 156.3106 128.0619 156.3106 128.8990 c
156.3106 129.7358 156.9892 130.4144 157.8260 130.4144 c
f*
/GS8 gs
/CS9 cs 0.2745 0.3961 0.8353 0.0392 scn
160.5835 129.0620 m
160.9937 129.0620 161.3262 128.7295 161.3262 128.3196 c
161.3262 127.9094 160.9937 127.5772 160.5835 127.5772 c
160.1736 127.5772 159.8411 127.9094 159.8411 128.3196 c
159.8411 128.7295 160.1736 129.0620 160.5835 129.0620 c
f*
/GS8 gs
/CS9 cs 0.1804 0.2627 0.5490 0.3725 scn
161.5462 127.4987 m
161.9561 127.4987 162.2886 127.1665 162.2886 126.7563 c
162.2886 126.3461 161.9561 126.0139 161.5462 126.0139 c
161.1360 126.0139 160.8035 126.3461 160.8035 126.7563 c
160.8035 127.1665 161.1360 127.4987 161.5462 127.4987 c
f*
/GS8 gs
/CS9 cs 0.2745 0.3961 0.8353 0.0392 scn
160.5138 130.8665 m
160.8678 130.8665 161.1547 130.5887 161.1547 130.2460 c
161.1547 129.9036 160.8678 129.6258 160.5138 129.6258 c
160.1597 129.6258 159.8726 129.9036 159.8726 130.2460 c
159.8726 130.5887 160.1597 130.8665 160.5138 130.8665 c
f*
/GS8 gs
/CS9 cs 0.2745 0.3961 0.8353 0.0392 scn
158.7847 127.7008 m
159.1948 127.7008 159.5273 127.3686 159.5273 126.9584 c
159.5273 126.5485 159.1948 126.2160 158.7847 126.2160 c
158.3748 126.2160 158.0423 126.5485 158.0423 126.9584 c
158.0423 127.3686 158.3748 127.7008 158.7847 127.7008 c
f*
/GS8 gs
/CS9 cs 0.2745 0.3961 0.8353 0.0392 scn
153.3291 129.7213 m
153.7393 129.7213 154.0715 129.3891 154.0715 128.9789 c
154.0715 128.5690 153.7393 128.2365 153.3291 128.2365 c
152.9192 128.2365 152.5867 128.5690 152.5867 128.9789 c
152.5867 129.3891 152.9192 129.7213 153.3291 129.7213 c
f*
/GS8 gs
/CS9 cs 0.2745 0.3961 0.8353 0.0392 scn
148.6159 128.3156 m
149.0258 128.3156 149.3583 127.9831 149.3583 127.5732 c
149.3583 127.1631 149.0258 126.8308 148.6159 126.8308 c
148.2058 126.8308 147.8733 127.1631 147.8733 127.5732 c
147.8733 127.9831 148.2058 128.3156 148.6159 128.3156 c
f*
/GS8 gs
/CS9 cs 0.2745 0.3961 0.8353 0.0392 scn
145.2937 125.6100 m
145.7036 125.6100 146.0361 125.2777 146.0361 124.8676 c
146.0361 124.4577 145.7036 124.1252 145.2937 124.1252 c
144.8836 124.1252 144.5511 124.4577 144.5511 124.8676 c
144.5511 125.2777 144.8836 125.6100 145.2937 125.6100 c
f*
q
/GS8 gs
0 J
0 j
0.2636 w
2.613125929752795 M
[] 0 d
/CS9 CS 0.2902 0.6863 1.0000 0.2118 SCN
/CS9 cs 0.0000 0.0000 0.6000 0.2000 scn
q
0.42825 0.07929 -0.09788 0.34688 0.0000 0.0000 cm
432.2497 245.0557 m
432.2497 245.0557 433.5313 243.9839 433.9517 243.6058 c
434.3723 243.2271 436.2216 241.2516 438.3023 241.3774 c
440.3823 241.5036 441.3285 241.9452 442.0854 242.4495 c
442.8420 242.9541 443.3666 242.8489 443.3666 242.8489 c
443.3666 242.8489 443.5140 243.3954 443.4089 243.4161 c
443.3040 243.4377 442.5052 243.2900 442.4635 243.4377 c
442.4216 243.5845 441.1185 245.3289 439.7312 246.0226 c
438.3442 246.7157 436.2004 246.6530 435.2338 246.1910 c
434.2666 245.7281 433.8884 245.4131 433.3844 245.4131 c
432.8802 245.4123 432.5856 245.4129 432.7540 245.8539 c
432.9215 246.2953 433.0267 246.3588 432.9221 246.3378 c
432.8172 246.3165 432.2497 245.0557 432.2497 245.0557 c
b*
Q
/GS8 gs
0 J
0 j
0.2636 w
2.613125929752795 M
[] 0 d
/CS9 CS 0.2902 0.6863 1.0000 0.2118 SCN
q
0.42825 0.07929 -0.09788 0.34688 0.0000 0.0000 cm
434.1827 244.6775 m
434.1827 244.6775 434.3298 244.1937 436.0533 243.1851 c
437.7767 242.1768 440.6562 242.4288 441.2021 242.7650 c
441.7489 243.1009 441.7699 242.8070 441.7699 242.8070 c
S
Q
/GS8 gs
0 J
0 j
0.2636 w
2.613125929752795 M
[] 0 d
/CS9 CS 0.2902 0.6863 1.0000 0.2118 SCN
q
0.42825 0.07929 -0.09788 0.34688 0.0000 0.0000 cm
436.2216 244.0259 m
436.2216 244.0259 436.2846 243.4584 438.1974 243.3538 c
440.1099 243.2483 441.0763 243.6265 441.0763 243.6265 c
S
Q
Q
q
/GS8 gs
0 J
0 j
0.2636 w
2.613125929752795 M
[] 0 d
/CS9 CS 0.2902 0.6863 1.0000 0.2118 SCN
/CS9 cs 0.0000 0.0000 0.6000 0.2000 scn
q
0.40544 -0.15906 0.10027 0.34620 0.0000 0.0000 cm
278.7746 484.2122 m
278.7746 484.2122 280.0565 483.1398 280.4771 482.7623 c
280.8972 482.3838 282.7463 480.4078 284.8272 480.5345 c
286.9075 480.6601 287.8534 481.1012 288.6103 481.6060 c
289.3671 482.1109 289.8924 482.0051 289.8924 482.0051 c
289.8924 482.0051 290.0398 482.5519 289.9344 482.5732 c
289.8295 482.5936 289.0301 482.4468 288.9884 482.5936 c
288.9465 482.7407 287.6431 484.4852 286.2564 485.1785 c
284.8697 485.8727 282.7256 485.8098 281.7590 485.3475 c
280.7918 484.8843 280.4139 484.5691 279.9094 484.5691 c
279.4051 484.5691 279.1106 484.5696 279.2792 485.0107 c
279.4467 485.4521 279.5522 485.5153 279.4470 485.4937 c
279.3424 485.4728 278.7746 484.2122 278.7746 484.2122 c
b*
Q
/GS8 gs
0 J
0 j
0.2636 w
2.613125929752795 M
[] 0 d
/CS9 CS 0.2902 0.6863 1.0000 0.2118 SCN
q
0.40544 -0.15906 0.10027 0.34620 0.0000 0.0000 cm
280.7084 483.8340 m
280.7084 483.8340 280.8553 483.3505 282.5785 482.3416 c
284.3019 481.3330 287.1808 481.5856 287.7276 481.9218 c
288.2744 482.2574 288.2954 481.9635 288.2954 481.9635 c
S
Q
/GS8 gs
0 J
0 j
0.2636 w
2.613125929752795 M
[] 0 d
/CS9 CS 0.2902 0.6863 1.0000 0.2118 SCN
q
0.40544 -0.15906 0.10027 0.34620 0.0000 0.0000 cm
282.7468 483.1821 m
282.7468 483.1821 282.8095 482.6149 284.7223 482.5103 c
286.6348 482.4048 287.6012 482.7827 287.6012 482.7827 c
S
Q
Q
q
/GS8 gs
0 J
0 j
0.2636 w
2.613125929752795 M
[] 0 d
/CS9 CS 0.2902 0.6863 1.0000 0.2118 SCN
/CS9 cs 0.0000 0.0000 0.6000 0.2000 scn
q
-0.38838 -0.19708 0.19193 -0.30508 0.0000 0.0000 cm
-470.9716 -94.1760 m
-470.9716 -94.1760 -469.6900 -95.2483 -469.2694 -95.6259 c
-468.8493 -96.0043 -466.9997 -97.9804 -464.9190 -97.8537 c
-462.8381 -97.7281 -461.8925 -97.2873 -461.1359 -96.7827 c
-460.3791 -96.2773 -459.8538 -96.3828 -459.8538 -96.3828 c
-459.8538 -96.3828 -459.7064 -95.8365 -459.8118 -95.8150 c
-459.9170 -95.7946 -460.7161 -95.9417 -460.7578 -95.7940 c
-460.7997 -95.6472 -462.1025 -93.9030 -463.4895 -93.2097 c
-464.8768 -92.5160 -467.0203 -92.5781 -467.9872 -93.0416 c
-468.9541 -93.5039 -469.3326 -93.8188 -469.8371 -93.8191 c
-470.3411 -93.8186 -470.6354 -93.8191 -470.4670 -93.3778 c
-470.2992 -92.9361 -470.1943 -92.8729 -470.2989 -92.8945 c
-470.4041 -92.9149 -470.9716 -94.1760 -470.9716 -94.1760 c
b*
Q
/GS8 gs
0 J
0 j
0.2636 w
2.613125929752795 M
[] 0 d
/CS9 CS 0.2902 0.6863 1.0000 0.2118 SCN
q
-0.38838 -0.19708 0.19193 -0.30508 0.0000 0.0000 cm
-469.0378 -94.5547 m
-469.0378 -94.5547 -468.8912 -95.0377 -467.1680 -96.0469 c
-465.4443 -97.0554 -462.5649 -96.8029 -462.0186 -96.4670 c
-461.4721 -96.1308 -461.4511 -96.4247 -461.4511 -96.4247 c
S
Q
/GS8 gs
0 J
0 j
0.2636 w
2.613125929752795 M
[] 0 d
/CS9 CS 0.2902 0.6863 1.0000 0.2118 SCN
q
-0.38838 -0.19708 0.19193 -0.30508 0.0000 0.0000 cm
-466.9994 -95.2061 m
-466.9994 -95.2061 -466.9364 -95.7728 -465.0239 -95.8785 c
-463.1114 -95.9831 -462.1445 -95.6052 -462.1445 -95.6052 c
S
Q
Q
q
/GS8 gs
/CS9 cs 0.2902 0.6863 1.0000 0.2118 scn
170.4997 122.9043 m
170.7435 122.9043 l
170.8475 122.4573 170.8330 122.5967 170.7435 122.4162 c
170.5175 122.4768 170.6649 122.4780 170.4387 122.5383 c
170.4430 122.7243 170.4662 122.7609 170.4997 122.9043 c
h
169.8902 122.9652 m
170.0456 122.8612 170.0804 122.8609 170.1340 122.6602 c
169.9693 122.6741 169.9682 122.6889 169.8293 122.7212 c
169.8412 122.8629 169.8426 122.8774 169.8902 122.9652 c
h
170.7435 123.2705 m
171.2466 123.1532 171.0944 122.7824 171.6576 122.7824 c
171.7345 122.9683 171.6817 122.7966 171.6576 123.0874 c
171.8566 122.9539 171.7982 122.9102 172.0843 122.8433 c
172.0497 122.4255 171.4640 122.4088 171.1701 122.4771 c
171.1701 123.0129 171.0198 122.7971 170.8291 123.0511 c
170.7503 123.1563 170.7681 123.2152 170.7435 123.2705 c
h
169.0370 123.8196 m
169.2147 123.7720 169.1365 123.8383 169.2102 123.6878 c
169.3692 123.3618 169.4375 123.2793 169.4636 122.9652 c
168.9732 123.0060 169.2468 123.3496 169.0370 123.8196 c
h
172.2671 127.2971 m
172.2209 127.4706 172.1752 127.5041 172.0378 127.6172 c
171.8223 127.7938 171.8042 127.6744 171.7795 127.9684 c
172.1707 127.9684 172.3150 127.9777 172.8034 127.4681 c
172.9301 127.3360 173.0268 127.1914 173.0531 126.9859 c
173.0786 126.7858 173.1169 126.4124 173.1203 126.2599 c
172.6410 126.2999 173.1186 126.3966 172.6937 126.4431 c
172.7538 126.2180 172.8357 126.2055 173.1203 126.1990 c
173.1881 125.9090 173.5872 125.0016 173.5356 124.7332 c
173.5036 124.5651 173.5486 124.6422 173.4253 124.5515 c
173.3624 124.7868 173.3970 124.5883 173.3584 124.7224 c
173.3298 124.8766 l
173.3278 124.8866 173.3255 124.9047 173.3236 124.9146 c
173.2218 125.3307 l
173.2156 125.3455 173.1909 125.3880 173.1835 125.4039 c
173.0307 125.7327 173.1577 125.6873 172.8765 125.7109 c
172.9434 125.5847 172.9947 125.4322 173.0486 125.2681 c
173.1657 124.9121 173.0886 125.1459 173.0594 124.7958 c
172.8184 124.8520 172.8317 124.8803 172.7586 125.1051 c
172.6838 125.3339 172.7589 125.2483 172.6937 125.5277 c
172.5109 125.5277 l
172.5831 125.2675 l
172.5857 125.2596 172.5919 125.2434 172.5942 125.2361 c
172.7546 124.6124 l
172.6214 124.4305 172.6486 124.5461 172.5355 124.4015 c
172.5282 124.3919 172.5197 124.3809 172.5109 124.3687 c
172.6390 124.1770 172.7379 124.0098 173.0594 124.0027 c
173.0594 124.2465 l
173.2422 124.2465 l
173.2490 123.9409 173.3108 124.0537 173.2382 123.8244 c
173.1203 123.4528 172.7912 122.9428 172.3280 122.9043 c
172.3280 123.4534 l
171.5825 123.9534 172.2572 123.9239 171.6576 124.0634 c
171.8444 123.7844 171.9329 123.6257 171.9624 123.2705 c
171.6069 123.3000 171.6344 123.5897 171.2310 123.6974 c
171.2752 123.5069 171.3138 123.5038 171.2310 123.3315 c
170.7440 123.4616 171.0332 123.8601 170.4997 124.0027 c
170.5915 123.6577 170.7117 123.8967 170.7435 123.5146 c
170.2341 123.5259 170.5785 123.7215 170.1340 123.7584 c
170.2284 123.4043 170.4064 123.5979 170.4387 123.2093 c
170.0640 123.2408 170.2582 123.3765 169.9713 123.4672 c
169.6337 123.5738 169.8369 123.2306 169.5246 123.6974 c
169.7613 123.6779 169.6833 123.6424 169.9512 123.6362 c
169.8137 123.8423 169.6490 124.0339 169.5855 124.3077 c
168.9900 124.3077 169.3463 124.3247 169.0370 124.5515 c
168.7757 124.3037 168.8411 123.8026 168.9151 123.4534 c
168.1129 123.5203 169.0356 124.5101 168.4276 124.9177 c
168.4171 124.8582 l
168.3541 124.4248 168.3334 124.4679 168.4276 124.0634 c
168.0996 124.0909 168.0863 124.2765 167.8575 124.7134 c
167.5791 125.2437 167.9970 125.4098 168.2915 125.3917 c
168.2918 125.3917 170.1811 124.8069 170.2196 125.7800 c
170.2242 125.8991 170.0955 126.2580 170.0555 126.4904 c
170.0297 126.7174 l
169.9713 127.5831 170.5249 127.8465 171.3529 127.8465 c
171.3674 127.8201 171.3648 127.7133 171.4538 127.6404 c
171.5791 127.5378 171.6489 127.5851 171.7211 127.5718 c
171.9686 127.5259 172.0009 127.3683 172.2671 127.2971 c
h
172.5211 124.4803 m
h
171.3192 128.3168 m
171.3348 128.3176 171.4414 128.3315 171.4748 128.3346 c
171.4252 128.1481 171.5420 128.1926 171.0482 128.1515 c
171.0536 128.3391 171.0995 128.3049 171.2373 128.3159 c
h
h
161.6014 132.4831 m
161.6014 132.9562 161.6190 133.2079 161.7843 133.5206 c
161.9847 133.4670 162.1962 133.2386 162.4235 133.1232 c
162.6922 132.9866 162.8374 132.9831 163.0896 132.8139 c
163.6875 132.4134 163.5449 132.6713 164.3522 132.0644 c
164.5957 131.8810 164.8783 131.8394 165.5980 131.2980 c
166.7032 130.4524 l
167.0848 130.1675 168.7473 129.0302 169.1056 128.8905 c
170.0184 128.5342 170.3024 129.3049 171.4586 129.1130 c
171.8544 129.0472 171.9944 129.1003 171.9014 128.7006 c
171.2667 128.7006 171.2409 128.6779 170.7701 128.4908 c
169.8143 128.1104 169.5909 128.2550 169.7125 127.0593 c
169.7340 126.8473 169.7460 126.7030 169.7712 126.4459 c
169.8151 125.9923 169.9781 126.2903 169.8293 125.6499 c
169.6629 125.5700 169.3276 125.4742 169.1178 125.4917 c
168.7620 125.5215 168.7056 125.6440 168.4191 125.7026 c
168.0591 125.7761 167.8144 125.8228 167.7708 126.1860 c
167.7226 126.5845 167.7679 126.4836 167.8791 126.5649 c
167.8856 126.2767 167.8170 126.3257 168.0616 126.2599 c
168.1228 126.9312 l
168.3757 126.9312 168.3397 126.9085 168.4885 126.9921 c
168.5823 126.8144 168.6651 126.7152 168.6713 126.4431 c
168.3884 126.4195 168.4698 126.3943 168.3666 126.1990 c
168.5894 126.2585 168.4942 126.2633 168.6818 126.3934 c
168.9854 126.1276 l
169.2198 126.3212 l
169.2136 126.3951 169.1671 126.6622 169.1425 126.7316 c
169.0835 126.8980 169.0778 126.8402 168.9761 126.9921 c
169.2439 127.4990 169.2896 127.4204 169.0980 127.6021 c
168.9367 127.5372 168.9843 127.7277 168.9761 127.3584 c
168.6132 127.3884 168.8905 127.4689 168.5571 127.4703 c
168.4120 127.4706 168.3734 127.4193 168.1228 127.4193 c
167.7963 127.4193 168.1605 127.9553 167.5743 127.9684 c
167.5993 127.6676 167.5919 127.8729 167.6996 127.6668 c
167.8748 127.3323 167.8791 127.0361 167.8791 126.6262 c
167.6764 126.6803 167.7328 126.7994 167.6991 126.9408 c
167.6707 127.0604 167.7076 126.9037 167.6588 127.0721 c
167.4632 127.7512 167.3830 127.6104 166.9910 128.4214 c
166.8297 128.7547 166.7049 129.0382 166.4674 129.3007 c
166.4161 129.4937 l
166.5264 129.3979 166.4340 129.4775 166.5607 129.3945 c
166.9363 129.1479 166.7546 129.2258 166.8776 128.9792 c
167.0216 128.6906 167.2401 128.7490 167.2693 128.3953 c
167.4524 128.6396 l
167.6174 128.5520 167.7129 128.4752 167.9400 128.4565 c
167.8796 128.6827 167.8592 128.6158 167.7084 128.7780 c
167.4726 129.0314 167.6750 128.8227 167.5743 129.0665 c
167.3053 128.9948 167.3683 128.8559 167.1004 129.1377 c
166.9518 129.2936 166.9365 129.3849 166.7684 129.5413 c
165.9637 130.2610 l
165.7647 130.4158 165.7162 130.4963 165.5464 130.6363 c
165.3951 130.7608 165.2596 130.8195 165.0815 130.9031 c
164.6997 131.0820 164.8372 131.1171 164.6405 131.2064 c
164.3641 131.3317 164.5435 131.0871 164.5877 130.8969 c
164.3661 131.0457 164.1606 131.1820 163.9264 131.3328 c
163.4448 131.6438 163.8802 131.6387 163.4958 131.9391 c
163.0809 132.2637 162.6321 132.6540 162.0890 132.6660 c
162.4054 132.0676 162.5454 132.3343 162.7770 132.2572 c
162.9848 132.1886 163.3173 131.8226 163.3689 131.6290 c
163.0672 131.7889 162.8623 132.0055 162.5168 132.1183 c
h
h
160.9311 133.5206 m
161.1249 133.6552 161.0235 133.6808 161.2967 133.7034 c
161.3843 133.3273 161.4781 133.0449 161.2967 132.6660 c
160.8656 132.7816 160.9311 133.1609 160.9311 133.5206 c
h
160.6263 133.0934 m
160.6263 132.2782 161.1020 132.0814 161.6715 131.8822 c
161.8041 131.8357 161.9144 131.8184 162.0454 131.7685 c
162.1959 131.7112 162.2599 131.6602 162.4195 131.5939 c
163.0009 131.3518 163.8255 130.7704 164.3805 130.3843 c
164.7655 130.1168 165.8563 129.3052 166.1009 128.9339 c
166.5363 128.3323 l
166.6585 128.1365 166.8002 127.8720 166.9045 127.6639 c
167.0278 127.4173 167.1463 127.1894 167.2146 126.8762 c
167.5276 125.4413 167.5627 126.1879 167.0927 124.9118 c
167.0301 124.7417 166.9918 124.6958 166.9414 124.5138 c
166.5196 122.9967 167.7070 123.7584 167.8791 123.7584 c
168.1761 123.7584 168.3425 123.1577 169.0390 122.7231 c
169.1527 122.6520 169.2626 122.6041 169.3908 122.5264 c
170.2261 122.0202 170.9923 122.0199 171.8904 122.2447 c
172.2705 122.3396 172.1183 122.3011 172.3927 122.4734 c
172.9225 122.8065 172.6475 122.4476 173.2167 123.1741 c
173.6861 123.7734 173.9735 124.6895 173.9735 125.4668 c
173.9735 125.9535 173.5637 127.0142 173.3666 127.3000 c
173.2062 127.5327 172.9763 127.7376 172.7552 127.9077 c
172.1061 128.4075 172.3280 128.1949 172.3280 128.7615 c
172.3280 129.4931 171.2324 129.4325 170.7435 129.4325 c
170.1958 129.2488 l
169.1552 128.9245 169.1963 129.2618 168.4060 129.6550 c
168.0602 129.8273 166.7866 130.8013 166.4963 131.0383 c
166.1026 131.3603 163.9369 132.7164 163.4389 132.9194 c
163.1900 133.0209 161.4260 134.1303 161.2967 134.1303 c
160.8466 134.1303 160.6263 133.5651 160.6263 133.0934 c
f*
/GS8 gs
/CS9 cs 0.0902 0.2196 0.5804 0.0000 scn
170.2559 123.8805 m
170.0453 123.9369 170.0685 123.9137 170.0121 124.1243 c
170.2227 124.0682 170.1995 124.0914 170.2559 123.8805 c
h
172.6197 123.9282 m
172.8927 123.6861 172.7263 123.9418 172.8264 123.6410 c
172.8765 123.3924 l
172.7870 123.3502 172.9843 123.2918 172.7535 123.3890 c
172.5534 123.4729 172.5372 123.7105 172.4604 123.8301 c
172.3697 123.9718 171.9967 124.1838 172.1285 124.3154 c
172.2124 124.3996 172.2736 124.2771 172.3737 124.1731 c
172.4669 124.0767 172.5211 124.0157 172.6197 123.9282 c
h
172.5211 124.4803 m
h
172.3280 124.8568 m
172.0227 124.9384 172.3025 124.7624 171.9624 125.4059 c
172.1974 125.3863 172.2291 125.3750 172.2410 125.1848 c
172.2552 124.9622 172.2044 125.0906 172.3280 124.8568 c
h
170.4387 126.6871 m
170.3860 126.6021 170.3871 126.7730 170.3976 126.5289 c
170.3985 126.5136 170.4339 126.4025 170.4370 126.3787 c
170.1848 126.5134 l
170.3880 126.7583 l
h
h
170.6825 126.9921 m
170.6006 126.9516 170.7151 126.9054 170.6094 126.9890 c
170.4824 127.0896 170.5932 126.9921 170.5606 127.1143 c
170.6805 127.0820 170.6020 127.1336 170.6856 127.0653 c
170.7953 126.9754 170.7103 127.0548 170.6825 126.9921 c
h
173.0486 125.2681 m
172.9947 125.4322 172.9434 125.5847 172.8765 125.7109 c
173.1577 125.6873 173.0307 125.7327 173.1835 125.4039 c
173.1909 125.3880 173.2156 125.3455 173.2218 125.3307 c
173.3236 124.9146 l
173.3255 124.9047 173.3278 124.8866 173.3298 124.8766 c
173.3584 124.7224 l
173.3970 124.5883 173.3624 124.7868 173.4253 124.5515 c
173.5486 124.6422 173.5036 124.5648 173.5356 124.7332 c
173.5872 125.0016 173.1881 125.9090 173.1203 126.1990 c
172.8357 126.2055 172.7538 126.2180 172.6937 126.4431 c
173.1186 126.3966 172.6410 126.2999 173.1203 126.2599 c
173.1169 126.4124 173.0786 126.7858 173.0531 126.9859 c
173.0268 127.1914 172.9301 127.3360 172.8034 127.4681 c
172.3150 127.9777 172.1707 127.9684 171.7795 127.9684 c
171.8042 127.6744 171.8223 127.7938 172.0378 127.6172 c
172.1752 127.5041 172.2209 127.4706 172.2671 127.2971 c
172.0009 127.3683 171.9686 127.5259 171.7211 127.5718 c
171.6489 127.5851 171.5791 127.5378 171.4538 127.6404 c
171.3648 127.7133 171.3674 127.8201 171.3529 127.8465 c
170.5249 127.8465 169.9713 127.5831 170.0297 126.7174 c
170.0555 126.4904 l
170.0955 126.2580 170.2242 125.8991 170.2196 125.7800 c
170.1811 124.8069 168.2918 125.3917 168.2915 125.3917 c
167.9970 125.4098 167.5791 125.2437 167.8575 124.7134 c
168.0863 124.2765 168.0996 124.0909 168.4276 124.0634 c
168.3334 124.4679 168.3541 124.4248 168.4171 124.8582 c
168.4276 124.9177 l
169.0356 124.5101 168.1129 123.5203 168.9151 123.4534 c
168.8411 123.8026 168.7757 124.3037 169.0370 124.5515 c
169.3463 124.3247 168.9900 124.3077 169.5855 124.3077 c
169.6490 124.0339 169.8137 123.8423 169.9512 123.6362 c
169.6833 123.6424 169.7613 123.6779 169.5246 123.6974 c
169.8369 123.2306 169.6337 123.5738 169.9713 123.4672 c
170.2582 123.3765 170.0640 123.2408 170.4387 123.2093 c
170.4064 123.5979 170.2284 123.4043 170.1340 123.7584 c
170.5785 123.7215 170.2341 123.5259 170.7435 123.5146 c
170.7117 123.8967 170.5915 123.6577 170.4997 124.0027 c
171.0332 123.8601 170.7440 123.4616 171.2310 123.3315 c
171.3138 123.5038 171.2752 123.5069 171.2310 123.6974 c
171.6344 123.5897 171.6069 123.3000 171.9624 123.2705 c
171.9329 123.6257 171.8444 123.7844 171.6576 124.0634 c
172.2572 123.9236 171.5825 123.9534 172.3280 123.4534 c
172.3280 122.9043 l
172.7912 122.9428 173.1203 123.4528 173.2382 123.8244 c
173.3108 124.0537 173.2490 123.9409 173.2422 124.2465 c
173.0594 124.2465 l
173.0594 124.0027 l
172.8111 124.0084 172.6954 124.1093 172.5968 124.2431 c
172.5676 124.2825 172.4100 124.4358 172.5109 124.3687 c
172.5233 124.3857 172.5344 124.4001 172.5443 124.4126 c
172.6472 124.5402 172.6248 124.4353 172.7546 124.6124 c
172.5942 125.2361 l
172.5919 125.2434 172.5857 125.2596 172.5831 125.2675 c
172.5109 125.5277 l
172.6937 125.5277 l
172.7589 125.2483 172.6838 125.3339 172.7586 125.1051 c
172.8317 124.8803 172.8184 124.8520 173.0594 124.7958 c
173.0886 125.1459 173.1657 124.9121 173.0486 125.2681 c
f*
/GS8 gs
/CS9 cs 0.2745 0.3961 0.8353 0.0392 scn
168.2447 128.5174 m
168.4431 128.4644 168.4964 128.4111 168.5494 128.2124 c
168.2966 128.2714 168.2671 128.2484 168.2447 128.5174 c
h
161.6014 132.4831 m
162.5168 132.1183 l
162.8623 132.0055 163.0672 131.7889 163.3689 131.6290 c
163.3173 131.8226 162.9848 132.1886 162.7770 132.2572 c
162.5454 132.3343 162.4054 132.0676 162.0890 132.6660 c
162.6321 132.6540 163.0809 132.2637 163.4958 131.9391 c
163.8802 131.6387 163.4448 131.6438 163.9264 131.3328 c
164.1606 131.1820 164.3661 131.0457 164.5877 130.8969 c
164.5435 131.0871 164.3641 131.3317 164.6405 131.2064 c
164.8372 131.1171 164.6997 131.0820 165.0815 130.9031 c
165.2596 130.8195 165.3951 130.7608 165.5464 130.6363 c
165.7162 130.4963 165.7647 130.4158 165.9637 130.2610 c
166.7684 129.5413 l
166.9365 129.3849 166.9518 129.2936 167.1004 129.1377 c
167.3683 128.8559 167.3053 128.9948 167.5743 129.0665 c
167.6750 128.8227 167.4726 129.0314 167.7084 128.7780 c
167.8592 128.6158 167.8796 128.6827 167.9400 128.4565 c
167.7129 128.4752 167.6174 128.5520 167.4524 128.6396 c
167.2693 128.3953 l
167.2401 128.7490 167.0216 128.6906 166.8776 128.9792 c
166.7546 129.2258 166.9363 129.1479 166.5607 129.3945 c
166.4340 129.4775 166.5264 129.3979 166.4161 129.4937 c
166.4674 129.3007 l
166.7049 129.0382 166.8297 128.7547 166.9910 128.4214 c
167.3830 127.6104 167.4632 127.7512 167.6588 127.0721 c
167.7076 126.9037 167.6707 127.0604 167.6991 126.9408 c
167.7328 126.7994 167.6764 126.6803 167.8791 126.6262 c
167.8791 127.0361 167.8748 127.3323 167.6996 127.6668 c
167.5919 127.8729 167.5993 127.6676 167.5743 127.9684 c
168.1605 127.9553 167.7963 127.4193 168.1228 127.4193 c
168.3734 127.4193 168.4120 127.4706 168.5571 127.4703 c
168.8905 127.4689 168.6132 127.3884 168.9761 127.3584 c
168.9843 127.7277 168.9367 127.5372 169.0980 127.6021 c
169.2896 127.4204 169.2439 127.4990 168.9761 126.9921 c
169.0778 126.8402 169.0835 126.8980 169.1425 126.7316 c
169.1671 126.6622 169.2136 126.3951 169.2198 126.3212 c
168.9854 126.1276 l
168.6818 126.3934 l
168.4942 126.2633 168.5894 126.2585 168.3666 126.1990 c
168.4698 126.3943 168.3884 126.4195 168.6713 126.4431 c
168.6651 126.7152 168.5823 126.8144 168.4885 126.9921 c
168.3397 126.9085 168.3757 126.9312 168.1228 126.9312 c
168.0616 126.2599 l
167.8170 126.3257 167.8856 126.2767 167.8791 126.5649 c
167.7679 126.4836 167.7226 126.5845 167.7708 126.1860 c
167.8144 125.8228 168.0591 125.7761 168.4191 125.7026 c
168.7056 125.6440 168.7620 125.5215 169.1178 125.4917 c
169.3276 125.4742 169.6629 125.5700 169.8293 125.6499 c
169.9781 126.2903 169.8151 125.9923 169.7712 126.4459 c
169.7460 126.7030 169.7340 126.8473 169.7125 127.0593 c
169.5909 128.2550 169.8143 128.1104 170.7701 128.4908 c
171.2409 128.6779 171.2667 128.7006 171.9014 128.7006 c
171.9944 129.1003 171.8544 129.0472 171.4586 129.1130 c
170.3024 129.3049 170.0184 128.5342 169.1056 128.8905 c
168.7473 129.0302 167.0848 130.1675 166.7032 130.4524 c
165.5980 131.2980 l
164.8783 131.8394 164.5957 131.8810 164.3522 132.0644 c
163.5449 132.6713 163.6875 132.4134 163.0896 132.8139 c
162.8374 132.9831 162.6922 132.9866 162.4235 133.1232 c
162.1962 133.2386 161.9847 133.4670 161.7843 133.5206 c
161.6190 133.2079 161.6014 132.9562 161.6014 132.4831 c
f*
/GS8 gs
/CS9 cs 0.0902 0.2196 0.5804 0.0000 scn
170.7435 123.2705 m
170.7681 123.2152 170.7503 123.1563 170.8291 123.0511 c
171.0198 122.7971 171.1701 123.0129 171.1701 122.4771 c
171.4640 122.4088 172.0497 122.4255 172.0843 122.8433 c
171.7982 122.9102 171.8566 122.9539 171.6576 123.0874 c
171.6817 122.7966 171.7345 122.9683 171.6576 122.7824 c
171.0944 122.7824 171.2466 123.1532 170.7435 123.2705 c
f*
/GS8 gs
/CS9 cs 0.0902 0.2196 0.5804 0.0000 scn
160.9311 133.5206 m
160.9311 133.1609 160.8656 132.7816 161.2967 132.6660 c
161.4781 133.0449 161.3843 133.3273 161.2967 133.7034 c
161.0235 133.6808 161.1249 133.6552 160.9311 133.5206 c
f*
/GS8 gs
/CS9 cs 0.0784 0.5608 1.0000 0.3843 scn
172.8765 123.3924 m
172.8264 123.6410 l
172.7263 123.9418 172.8927 123.6861 172.6197 123.9282 c
172.5211 124.0157 172.4669 124.0770 172.3737 124.1731 c
172.2736 124.2771 172.2124 124.3996 172.1285 124.3154 c
171.9967 124.1838 172.3697 123.9718 172.4604 123.8301 c
172.5372 123.7105 172.5534 123.4729 172.7535 123.3890 c
172.9843 123.2918 172.7870 123.3502 172.8765 123.3924 c
f*
/GS8 gs
/CS9 cs 0.0902 0.2196 0.5804 0.0000 scn
169.0370 123.8196 m
169.2468 123.3496 168.9732 123.0060 169.4636 122.9652 c
169.4375 123.2793 169.3692 123.3618 169.2102 123.6878 c
169.1365 123.8383 169.2147 123.7720 169.0370 123.8196 c
f*
/GS8 gs
/CS9 cs 0.0902 0.2196 0.5804 0.0000 scn
170.4387 122.5383 m
170.6649 122.4780 170.5175 122.4768 170.7435 122.4162 c
170.8330 122.5967 170.8475 122.4573 170.7435 122.9043 c
170.4997 122.9043 l
170.4662 122.7609 170.4430 122.7243 170.4387 122.5383 c
f*
/GS8 gs
/CS9 cs 0.0784 0.5608 1.0000 0.3843 scn
172.3280 124.8568 m
172.2044 125.0906 172.2552 124.9622 172.2410 125.1848 c
172.2291 125.3750 172.1974 125.3863 171.9624 125.4059 c
172.3025 124.7624 172.0227 124.9384 172.3280 124.8568 c
f*
/GS8 gs
/CS9 cs 0.2745 0.3961 0.8353 0.0392 scn
171.0482 128.1515 m
171.5420 128.1926 171.4252 128.1481 171.4748 128.3346 c
171.4414 128.3315 171.3348 128.3176 171.3192 128.3168 c
171.2373 128.3159 l
171.0995 128.3049 171.0536 128.3391 171.0482 128.1515 c
f*
/GS8 gs
/CS9 cs 0.0902 0.2196 0.5804 0.0000 scn
170.1340 122.6602 m
170.0804 122.8609 170.0456 122.8612 169.8902 122.9652 c
169.8426 122.8774 169.8412 122.8629 169.8293 122.7212 c
169.9682 122.6889 169.9693 122.6741 170.1340 122.6602 c
f*
/GS8 gs
/CS9 cs 0.0784 0.5608 1.0000 0.3843 scn
168.5494 128.2124 m
168.4964 128.4111 168.4431 128.4644 168.2447 128.5174 c
168.2671 128.2484 168.2966 128.2714 168.5494 128.2124 c
f*
/GS8 gs
/CS9 cs 0.0784 0.5608 1.0000 0.3843 scn
170.1848 126.5134 m
170.4370 126.3787 l
170.4339 126.4025 170.3985 126.5136 170.3976 126.5289 c
170.3871 126.7730 170.3860 126.6021 170.4387 126.6871 c
170.3880 126.7583 l
h
f*
/GS8 gs
/CS9 cs 0.0784 0.5608 1.0000 0.3843 scn
170.2559 123.8805 m
170.1995 124.0914 170.2227 124.0682 170.0121 124.1243 c
170.0685 123.9140 170.0453 123.9369 170.2559 123.8805 c
f*
/GS8 gs
/CS9 cs 0.0784 0.5608 1.0000 0.3843 scn
170.6825 126.9921 m
170.7103 127.0548 170.7953 126.9754 170.6856 127.0653 c
170.6020 127.1336 170.6805 127.0820 170.5606 127.1143 c
170.5932 126.9921 170.4824 127.0896 170.6094 126.9890 c
170.7151 126.9054 170.6006 126.9516 170.6825 126.9921 c
f*
Q
q
/GS8 gs
/CS9 cs 0.0784 0.5608 1.0000 0.3843 scn
154.8547 116.3750 m
153.9794 117.6477 153.8413 117.5284 153.8413 119.5659 c
153.8867 119.4894 l
154.0562 119.1319 154.0111 118.5789 154.1109 118.1296 c
154.3873 116.8818 155.6113 116.1859 155.9169 114.8771 c
h
h
156.1000 115.1816 m
156.1569 115.1167 156.1382 115.2573 156.1853 115.0495 c
156.1000 114.5724 l
h
h
156.0773 115.5243 m
156.1167 115.4234 156.0917 115.4628 156.1000 115.3644 c
156.0518 115.4194 156.0033 115.3638 155.9781 115.6689 c
156.0308 115.6082 155.9996 115.7233 156.0773 115.5243 c
h
155.7337 115.6689 m
155.6833 116.1289 155.6620 115.5739 155.6116 116.0340 c
155.7337 116.0340 l
155.7666 115.6405 155.9925 115.8551 155.7337 115.6689 c
h
151.0940 115.7295 m
151.1478 115.9299 151.2502 115.9288 151.5169 116.1601 c
152.4197 117.2081 l
152.4824 117.2778 152.4713 117.2676 152.5323 117.3396 c
152.8345 117.6962 153.1244 118.2413 153.2585 118.6858 c
153.4575 119.4001 l
153.5749 119.9066 153.5970 120.0387 153.5970 120.6009 c
153.9122 120.2394 153.5842 118.9636 153.4674 118.6597 c
153.1809 117.9128 152.6754 117.0550 152.0535 116.5385 c
h
h
152.3149 116.3993 m
152.2687 116.2267 152.3279 116.3103 152.1930 116.2168 c
152.1930 116.3993 l
h
h
152.4370 116.5212 m
152.4081 116.6794 152.4974 116.5601 152.5192 116.5090 c
152.5714 116.3880 152.4501 116.4518 152.4370 116.5212 c
h
155.7337 116.2168 m
155.7337 116.4937 155.7003 116.6292 155.7947 116.8257 c
156.0334 116.6516 155.8559 116.5992 155.8559 116.2168 c
h
h
155.1234 116.7041 m
154.9763 116.7917 155.0412 116.7197 155.0013 116.8866 c
155.1234 116.8866 l
h
h
151.1198 117.4697 m
151.1858 117.7115 151.2162 117.5227 151.2162 117.8609 c
151.2774 117.8609 l
151.2774 117.5363 151.4361 117.1587 151.3383 116.9476 c
151.4265 116.9059 151.2286 116.8775 151.5214 116.9476 c
151.3823 116.6581 151.5223 116.8070 151.2927 116.6278 c
151.1410 116.5093 151.1955 116.5297 151.0951 116.3373 c
150.9721 116.1558 l
h
h
150.7280 116.3993 m
150.7280 116.6426 150.6864 116.9393 150.7518 117.1670 c
150.8386 117.4683 150.8499 117.1437 150.8499 117.7999 c
150.9109 117.7999 l
150.9109 117.5122 150.9214 117.3090 150.8751 117.0439 c
150.8434 116.8631 150.7887 116.5459 150.7887 116.3993 c
h
h
158.4198 118.7133 m
158.3087 118.6642 158.1622 118.8266 158.1146 118.9568 c
158.2243 118.9312 158.2954 118.9208 158.3810 118.8479 c
158.5689 118.6877 158.4269 118.7294 158.4198 118.7133 c
h
158.0536 119.2615 m
158.3649 119.2615 158.6058 119.2025 158.8541 119.1464 c
159.1296 119.0843 159.0007 119.0718 159.1651 119.0305 c
159.2717 119.0038 159.4630 119.0177 159.5798 119.0177 c
158.7852 119.0169 l
158.5718 119.0489 158.5803 119.0492 158.4108 119.1305 c
158.2257 119.2195 158.3388 119.2003 158.0536 119.2003 c
h
h
148.5300 119.2615 m
148.9586 119.2708 149.0066 119.5705 149.1406 119.3831 c
148.9309 119.2433 149.0672 119.3219 148.7988 119.2300 c
148.5201 119.1342 148.6692 119.0693 148.5300 119.2615 c
h
156.7885 119.2737 m
157.0674 119.0823 156.9628 119.4253 157.1695 118.9891 c
157.2599 118.7742 l
156.8979 119.0222 l
156.5966 119.3224 156.6065 119.2300 156.4631 119.2022 c
156.5884 119.4437 l
156.6992 119.3700 156.7077 119.3289 156.7885 119.2737 c
h
157.0255 119.1067 m
157.1754 119.0520 157.0175 119.2020 156.9546 119.1396 c
156.8523 119.0373 157.0241 119.1073 157.0255 119.1067 c
h
150.9721 117.9218 m
150.9721 118.3927 151.2147 119.2178 151.6436 119.4437 c
151.6136 119.0869 151.0330 118.5299 151.0330 117.9218 c
h
h
148.4691 119.3831 m
148.3322 119.1940 148.4229 119.1940 148.2860 119.3831 c
h
h
146.7598 119.5050 m
146.7516 119.5050 146.6388 119.5648 146.6376 119.5659 c
146.7437 119.7615 146.7984 119.8233 146.9426 119.6266 c
146.8726 119.5313 146.9316 119.5050 146.7598 119.5050 c
h
158.8473 119.6875 m
158.8473 119.8114 158.8365 119.7125 158.9136 119.7057 c
159.0970 119.6892 158.9049 119.8250 158.9417 119.6875 c
158.9786 119.5503 158.8473 119.6158 158.8473 119.6875 c
h
155.4284 121.0881 m
155.8247 121.3248 156.1380 121.1528 156.7854 120.9798 c
157.0986 120.8962 157.4583 120.7508 157.6888 120.6026 c
157.9175 120.4551 158.7334 119.9616 158.4887 119.5605 c
158.3807 119.3837 158.2600 119.4437 157.9927 119.4437 c
158.0760 119.4866 l
158.2574 119.5824 158.2362 119.5546 158.2886 119.6694 c
158.3586 119.8701 l
158.1083 119.8035 158.0170 119.6493 157.8093 119.6266 c
157.8949 119.7428 158.1477 119.8701 157.8093 119.8701 c
157.6913 119.8701 157.6108 119.7873 157.4430 119.7485 c
157.5723 120.0677 157.2905 119.4897 157.5312 119.8514 c
157.5626 119.8981 157.7492 119.9920 157.4430 119.9920 c
157.2077 119.9920 157.2154 119.6697 156.7981 119.8919 c
156.5538 120.0220 156.6363 120.0589 156.5578 120.1380 c
156.3695 120.3265 156.6079 120.1246 156.3250 120.2230 c
155.9775 120.3440 156.1380 120.5167 155.8939 120.6998 c
155.6600 120.8752 155.5157 120.7630 155.4284 121.0881 c
h
156.7103 119.6875 m
156.4781 119.7417 156.1805 119.8925 156.1000 120.1139 c
156.1935 120.0512 156.2023 120.0492 156.2939 120.0025 c
156.6448 119.7437 l
156.6513 119.7380 156.6726 119.7051 156.6774 119.7156 c
156.6822 119.7258 156.6998 119.6972 156.7103 119.6875 c
h
152.1930 119.6266 m
152.2426 119.8338 152.2253 119.7697 152.3761 119.8701 c
152.3563 119.6323 152.4129 119.6853 152.1930 119.6266 c
h
151.7958 118.2470 m
151.9169 118.3190 151.8369 118.3158 151.8800 118.4922 c
151.9398 118.6563 l
152.0374 118.9086 152.1122 119.0446 152.2823 119.2374 c
152.5431 119.5328 152.4869 119.2853 152.6182 119.5067 c
152.8523 119.9018 152.5921 120.1139 153.2917 120.1139 c
153.3098 119.3020 153.1602 119.4168 152.9921 118.7688 c
152.8342 118.1594 152.2871 117.1911 151.7046 117.1911 c
151.4112 117.1911 151.5685 117.8881 151.5824 117.9828 c
151.7658 117.6780 l
151.7658 117.9842 151.7587 117.9941 151.7046 118.2263 c
h
h
151.9486 118.5307 m
151.9424 118.5248 151.9656 118.5137 151.9671 118.5126 c
h
h
147.5532 119.6266 m
147.9725 119.6266 147.8426 119.7283 148.2857 119.7488 c
148.5884 119.7626 148.6933 119.8525 148.9567 119.8709 c
149.4337 119.9038 150.0523 119.8701 150.5446 119.8701 c
150.5089 119.8392 150.5747 119.8157 150.4043 119.7754 c
148.2463 119.6039 l
148.1233 119.5787 148.0071 119.5390 147.9325 119.5407 c
147.8514 119.5427 147.6816 119.5659 147.5532 119.5659 c
h
h
150.6059 119.8701 m
150.7708 120.0954 150.6061 119.9180 150.8774 120.0257 c
151.1201 120.1212 150.8108 120.0849 151.1552 120.1139 c
151.0597 119.9843 151.1096 120.0501 151.0262 119.9988 c
151.0112 119.9894 150.9610 119.9670 150.9443 119.9585 c
h
h
156.7103 121.2707 m
157.3345 121.2707 157.7015 121.1278 158.1262 120.9169 c
158.1299 120.9149 158.2699 120.8390 158.2841 120.8307 c
158.2954 120.8239 158.3104 120.8146 158.3218 120.8075 c
158.4332 120.7361 l
158.4439 120.7287 158.4587 120.7185 158.4694 120.7114 c
158.7379 120.5337 158.9868 120.2958 159.2135 120.2355 c
159.1401 120.4376 159.2235 120.2854 159.0466 120.4345 c
158.4439 120.9436 158.0525 121.0601 157.7483 121.2707 c
158.4230 121.2707 159.3771 120.3282 159.9324 119.8568 c
160.6385 119.2822 l
160.6757 119.2544 160.7380 119.2039 160.7411 119.2020 c
160.8500 119.1277 l
160.8562 119.1237 160.9512 119.0585 160.9571 119.0520 c
161.0705 118.9281 161.0243 119.0832 161.0450 118.8351 c
160.8540 118.8193 160.8282 118.7742 160.6175 118.7742 c
159.6410 118.8958 l
160.0121 118.8958 160.0860 118.9568 160.4344 118.9568 c
160.6618 118.9568 160.4843 118.8054 160.8007 118.9568 c
160.6629 119.1444 160.5634 119.1141 160.3556 119.2436 c
160.0087 119.4605 159.4902 120.0997 159.4298 120.1467 c
159.2946 120.2519 159.4922 120.2051 159.2135 120.2355 c
159.2853 120.0376 159.5313 119.8443 159.6878 119.6734 c
159.7833 119.5685 159.8570 119.4979 159.9630 119.4001 c
160.1084 119.2657 160.1436 119.2677 160.1901 119.1396 c
159.6917 119.1506 160.1042 119.3221 159.5798 119.2003 c
159.5752 119.2082 159.5733 119.2229 159.5716 119.2263 c
159.4576 119.3831 l
159.3924 119.2218 159.5832 119.2697 159.2135 119.2615 c
159.1458 119.5826 l
159.0667 119.9622 159.1430 119.7723 158.8467 120.0523 c
158.8377 120.0611 158.8252 120.0742 158.8164 120.0830 c
158.3308 120.5121 l
158.1718 120.6763 157.1057 121.2097 156.7103 121.2097 c
h
h
154.2076 120.2355 m
154.2076 120.4722 154.2008 120.2374 154.2926 120.4591 c
154.3329 120.5563 154.3141 120.5572 154.3751 120.6278 c
154.4596 120.7259 154.5500 120.7460 154.5849 120.5935 c
154.6486 120.3137 154.4267 120.5320 154.5826 120.3038 c
154.6750 120.1689 154.6430 120.2715 154.8791 120.1139 c
154.8238 120.3500 154.8218 120.3265 154.8791 120.4180 c
154.9454 120.1711 154.9894 120.2383 155.1410 120.0095 c
155.4452 119.2776 l
155.5614 118.8984 155.7952 117.9249 155.6807 117.5485 c
155.6396 117.4130 155.6028 117.2421 155.3292 117.2806 c
155.2822 117.2871 155.2034 117.3331 155.1719 117.3543 c
155.0628 117.4280 154.9344 117.5332 154.9440 117.6681 c
154.9505 117.7517 l
154.9500 117.7583 154.9491 117.7761 154.9480 117.7826 c
154.8995 118.0380 154.6350 118.1738 154.5358 118.3708 c
154.3918 118.6560 154.2076 119.8826 154.2076 120.2355 c
h
155.4897 117.8609 m
155.4897 118.1710 155.4443 118.1285 155.6116 118.2872 c
155.3675 118.2872 l
155.3675 117.8609 l
h
h
156.0504 119.3947 m
156.2151 118.9826 156.3775 117.5703 156.1000 117.2520 c
156.1000 118.4142 156.0779 118.9140 155.6155 119.6915 c
155.5705 119.7669 155.5546 119.8089 155.5002 119.8809 c
154.6350 120.9053 l
155.1163 120.7936 155.7439 119.9849 155.9699 119.5577 c
156.0314 119.4364 l
156.0373 119.4233 156.0450 119.4080 156.0504 119.3947 c
h
155.6728 120.4792 m
155.4718 120.5325 155.5251 120.5405 155.3102 120.7267 c
155.1832 120.8435 l
155.1747 120.8523 155.1379 120.8914 155.1234 120.9053 c
155.3882 120.8835 155.5370 120.6814 155.6728 120.4792 c
h
152.0711 119.8701 m
152.1445 120.1861 152.3684 120.3199 152.5745 120.5249 c
153.0366 120.9858 153.0709 121.2114 153.2917 121.0272 c
153.1366 120.7959 153.1429 120.9115 152.9694 120.7397 c
152.7554 120.5274 152.6355 120.2477 152.0711 119.8701 c
h
153.5970 120.9053 m
153.6956 121.0912 153.6012 121.0654 153.7929 121.1443 c
154.2626 121.3370 153.9465 120.8667 153.9023 120.7837 c
153.7946 120.8353 153.7047 120.8540 153.5970 120.9053 c
h
152.9867 121.1491 m
152.8645 121.1491 l
152.8645 121.3316 l
152.9867 121.3316 l
h
h
147.4923 119.9310 m
147.5844 120.2757 148.2602 120.7069 148.5828 120.8529 c
148.9306 121.0096 149.5936 121.3821 150.0562 121.3926 c
150.0562 121.2097 l
149.6424 121.2004 149.7280 121.1289 149.6146 121.0238 c
149.5568 120.9779 l
149.5437 120.9685 149.4986 120.9427 149.4836 120.9334 c
148.6721 120.4087 149.0374 120.8200 148.8963 120.4792 c
148.7344 120.5566 148.8308 120.5348 148.5910 120.5402 c
148.5607 120.1734 148.5986 120.4288 148.3699 120.2615 c
148.3668 120.2596 148.3563 120.2499 148.3540 120.2479 c
148.3469 120.2420 148.3359 120.2238 148.3311 120.2185 c
148.2423 120.1569 l
148.2324 120.1535 148.2106 120.1445 148.1984 120.1402 c
h
h
149.0797 120.3574 m
149.2557 120.4044 149.4601 120.5838 149.7498 120.7239 c
150.5928 121.1312 151.1266 121.5142 152.0711 121.5142 c
152.8707 121.5142 152.3520 121.4966 152.7423 121.3926 c
152.6199 121.1610 152.5771 121.1258 152.3690 120.9733 c
151.5844 120.3968 151.7715 120.7548 151.3040 120.5785 c
151.0974 120.5005 150.9769 120.4390 150.7280 120.4180 c
151.0330 120.2355 l
150.4865 120.2355 150.4698 119.9769 149.5242 120.1303 c
149.2571 120.1734 149.4028 120.1209 149.0797 120.1139 c
h
h
149.5678 121.4532 m
149.8975 121.7656 149.9800 121.7529 150.5812 121.9042 c
150.6903 121.9317 150.7853 121.9757 150.8624 121.9893 c
151.8267 121.9405 l
151.3899 121.9405 150.9897 121.8396 150.6178 121.7458 c
h
h
156.4662 121.6361 m
156.2777 121.3792 156.0008 121.5751 155.4897 121.5751 c
155.5299 121.8095 155.9633 121.6361 156.4662 121.6361 c
h
157.9527 122.1021 m
158.0698 122.2571 158.0576 122.2138 158.1758 122.2449 c
158.1358 122.0743 158.0479 121.9297 157.9433 121.8067 c
157.7548 121.5848 157.7262 121.5927 157.5652 121.5751 c
157.6840 121.7520 157.6888 121.6568 157.7483 121.8798 c
157.5085 121.7931 157.6636 121.7625 157.3821 121.6970 c
157.5527 121.8920 l
157.6466 122.0000 157.6397 121.9898 157.7483 122.0624 c
157.8705 121.8798 l
h
h
157.0768 121.6361 m
157.1173 121.8095 157.0992 121.8101 157.2304 121.9093 c
157.3483 121.9983 157.3325 121.9873 157.5043 122.0014 c
157.3614 121.7886 157.3044 121.7565 157.0768 121.6361 c
h
151.8877 121.9405 m
151.8877 122.0624 l
152.1377 122.0043 152.1746 122.0014 152.4983 122.0014 c
152.4983 121.9405 l
h
h
158.8139 122.5826 m
158.9238 122.7875 158.8232 122.6837 159.0304 122.7929 c
158.9675 122.5230 158.8008 122.3773 158.6030 122.2449 c
158.5057 122.3898 158.5290 122.3084 158.4808 122.4884 c
158.7251 122.3668 l
h
h
149.5069 122.6713 m
149.5826 122.3884 149.6030 122.6174 149.6290 122.3059 c
149.5069 122.3059 l
149.4689 122.6537 149.2662 122.4955 149.5069 122.6713 c
h
153.4751 121.2097 m
153.3249 121.2097 153.1786 121.3396 153.0873 121.4320 c
152.7554 121.7693 152.8767 122.1919 152.8645 122.7322 c
153.0553 122.7297 l
152.9867 122.4884 l
153.4156 122.5882 153.1950 122.8028 153.7373 122.6954 c
154.1151 122.6203 154.1463 122.5083 154.2946 122.2072 c
154.4151 121.9637 154.3975 121.6185 154.2064 121.4549 c
h
h
149.0202 122.6120 m
149.0136 122.6234 149.0012 122.6361 148.9941 122.6469 c
148.7744 122.9757 l
149.0026 122.9148 149.0247 122.8450 149.0797 122.6103 c
149.0984 122.6302 149.1395 122.6693 149.1769 122.6959 c
149.3609 122.8263 149.0049 122.6364 149.2628 122.7322 c
149.2109 122.5106 149.2291 122.5369 149.0797 122.4278 c
h
h
149.5678 124.5586 m
149.6426 124.9963 151.6360 123.6569 152.0405 123.2501 c
152.0495 123.2410 152.0620 123.2280 152.0711 123.2192 c
151.8160 123.2694 l
151.3349 123.6484 150.1438 124.5112 149.5678 124.5586 c
h
154.7572 122.0014 m
155.2552 122.0014 155.4077 122.1123 155.9174 122.1225 c
156.3690 122.1318 157.0691 122.3067 157.5332 122.4598 c
158.8473 122.9757 l
158.5346 122.5103 157.8197 122.2676 157.2687 122.1752 c
157.0757 122.1429 156.9611 122.1426 156.7182 122.1157 c
156.1249 122.0502 155.2252 121.6772 154.7572 122.0014 c
h
153.1089 123.0976 m
153.3288 123.0389 153.2718 123.0919 153.2917 122.8538 c
153.0717 122.9125 153.1284 122.8595 153.1089 123.0976 c
h
148.4691 122.8538 m
148.4206 123.2969 148.3588 122.7540 148.3469 123.2802 c
148.5031 123.1010 148.4427 123.1495 148.4765 123.0279 c
148.6522 123.1586 l
148.6321 122.9159 148.6276 122.9598 148.4691 122.8538 c
h
157.6426 124.3602 m
157.6570 124.3670 157.7089 124.3908 157.7268 124.3979 c
159.1807 124.9498 160.1065 124.5660 160.8619 124.7417 c
160.7987 124.5053 160.6173 124.4106 160.4690 124.2201 c
159.7141 123.2527 159.7028 123.4655 158.9692 122.9757 c
159.0403 123.1713 159.8097 123.8159 160.0070 124.0109 c
160.1651 124.1589 l
160.2595 124.2414 160.6249 124.5586 160.2513 124.5586 c
159.5798 124.5586 l
158.9114 124.5586 158.8487 124.3763 158.3586 124.3763 c
158.3586 124.3151 l
159.2113 124.3151 158.8507 124.4373 159.2135 124.4373 c
160.0070 124.4373 l
160.4767 124.4373 159.6498 123.7147 159.2745 123.7065 c
159.3380 123.8635 159.2787 123.7156 159.3590 123.8049 c
159.6393 124.1178 159.1651 123.5415 159.4196 123.8664 c
159.5551 124.0396 159.5137 123.9678 159.5188 124.1935 c
159.1087 123.9973 159.0704 124.0792 158.8473 124.1325 c
158.8065 124.0174 158.7929 124.1898 158.9692 123.9500 c
158.7010 123.9559 158.7793 123.9911 158.5420 124.0109 c
158.4986 123.8888 158.5182 124.0620 158.6030 123.8281 c
158.2588 123.9083 157.6505 123.8978 157.4184 123.8462 c
156.5249 123.6481 157.0802 123.6900 156.3443 123.7065 c
156.6496 123.9500 l
156.2219 123.9500 156.3551 123.8984 156.1612 123.8281 c
156.2950 124.0274 156.3055 124.0024 156.5617 124.1053 c
156.8231 124.2102 156.8069 124.2729 156.9546 124.0716 c
156.7412 124.0540 156.7755 124.0591 156.6496 123.9500 c
156.9801 123.9500 156.9920 123.9780 157.3132 124.0795 c
157.3285 124.0843 157.3447 124.0889 157.3600 124.0940 c
157.8484 124.2561 157.7041 124.1935 158.3586 124.1935 c
157.5652 124.3151 l
h
h
149.2628 122.9757 m
148.5964 123.4208 148.3671 123.4358 147.8083 124.1433 c
147.6760 124.3111 147.5461 124.4486 147.4313 124.6198 c
147.5955 124.5762 147.7250 124.4177 147.8364 124.2933 c
148.2330 123.8491 148.2874 123.7431 148.8231 123.3899 c
149.2021 123.0982 l
149.2500 123.0364 149.2248 123.0806 149.2628 122.9757 c
h
156.2221 123.1586 m
156.3591 123.1265 156.3625 123.0976 156.5274 123.0976 c
156.8390 123.0976 156.6060 123.1594 156.5257 123.2714 c
156.4662 123.3411 l
156.7945 123.3139 156.6737 123.2192 157.1380 123.2192 c
156.7715 123.3411 l
156.9138 123.5350 156.8608 123.4307 157.1556 123.5061 c
157.7611 123.6609 158.3586 123.5058 158.3586 123.1586 c
158.3586 122.8686 158.3198 123.0233 158.1146 123.0976 c
158.0610 122.8963 158.1242 123.0369 157.9737 122.8728 c
157.8821 122.7813 l
157.6488 122.5517 157.7336 122.6517 157.5272 122.5874 c
157.3299 122.5256 157.3209 122.3657 156.9546 122.6103 c
156.8673 122.3997 157.0416 122.4397 156.6618 122.3586 c
155.5146 122.1140 156.3695 122.3668 155.3675 122.3668 c
155.4299 122.0720 155.4157 122.2809 155.3675 122.1843 c
155.1319 122.1843 154.8255 122.1143 154.8927 122.4017 c
154.9239 122.5355 154.9894 122.5573 155.1212 122.6727 c
155.1365 122.6860 155.7468 123.2388 155.8193 122.8039 c
155.8426 122.6645 155.7780 122.7186 155.7947 122.6713 c
155.9633 122.7161 156.2332 122.8765 156.2434 123.0616 c
h
h
152.9867 123.4020 m
152.9572 123.5602 153.0468 123.4406 153.0686 123.3896 c
153.1208 123.2688 152.9991 123.3326 152.9867 123.4020 c
h
155.7947 123.2802 m
155.8120 123.4851 155.7916 123.4602 155.9514 123.5503 c
156.0543 123.6084 156.1110 123.6195 156.2221 123.6455 c
156.1416 123.3451 156.0297 123.3927 155.7947 123.2802 c
h
158.9692 123.5846 m
158.9692 123.7065 l
159.2529 123.6830 159.0761 123.7717 159.2135 123.5846 c
159.0644 123.5234 159.1642 123.5435 158.9692 123.5846 c
h
150.5248 122.8175 m
150.6067 122.8912 l
150.6271 122.9406 150.6889 122.9071 150.5795 122.9437 c
150.2745 123.0463 150.5611 122.9394 150.3337 122.8929 c
150.0877 122.8422 149.1284 123.3020 149.0797 123.8890 c
149.2551 123.9817 149.4207 124.0716 149.6900 124.0716 c
150.2422 124.0716 151.3318 123.4089 151.8012 123.0721 c
152.0683 122.8802 152.1626 122.8365 152.3149 122.5494 c
152.0490 122.4400 150.9265 122.6052 150.7887 122.6713 c
150.7090 122.9278 150.8085 122.6004 150.9109 122.8538 c
150.6739 122.8343 150.7518 122.7991 150.4837 122.7929 c
150.4967 122.8022 150.5180 122.8122 150.5248 122.8175 c
h
155.6116 123.7671 m
155.3754 123.9372 155.5506 123.7388 155.5506 124.0716 c
155.6116 124.0716 l
h
h
152.6536 123.3743 m
152.6618 123.3646 152.6737 123.3510 152.6820 123.3417 c
152.8645 123.0976 l
152.6647 123.1509 152.7157 123.1489 152.5737 123.2946 c
152.4796 123.3910 152.4263 123.4434 152.3302 123.5387 c
152.1380 123.7300 152.0167 123.7819 151.9486 124.0716 c
152.0422 123.9823 l
152.0512 123.9744 152.0654 123.9619 152.0748 123.9540 c
152.6253 123.4069 l
152.6332 123.3972 152.6454 123.3839 152.6536 123.3743 c
h
155.4800 124.4469 m
155.4863 124.4594 155.4925 124.4761 155.4990 124.4886 c
155.7448 124.9132 l
156.0163 125.4569 155.9100 125.6380 156.1000 125.7766 c
156.1000 125.4356 156.0200 125.2664 155.9069 124.9948 c
155.8565 124.8625 l
155.7371 124.5458 155.5313 124.3083 155.3063 124.0716 c
h
h
148.8963 124.1935 m
148.9320 124.0413 149.0176 123.8964 148.7999 123.9092 c
148.0629 124.2757 l
147.9217 124.3627 147.8988 124.4083 147.8585 124.5586 c
148.2585 124.5501 147.9977 124.4894 148.3084 124.2771 c
148.4456 124.1833 148.6477 124.0872 148.8260 124.0747 c
h
h
156.0390 124.6808 m
155.9662 124.5008 156.1754 124.5861 155.8559 124.5586 c
155.9169 124.6408 155.9336 124.6286 156.0390 124.6808 c
h
148.1094 124.6374 m
147.9688 124.6380 148.0748 124.5966 147.8996 124.6567 c
147.5597 124.8089 l
147.5515 124.8131 147.5308 124.8174 147.5252 124.8352 c
147.5195 124.8528 147.5031 124.8540 147.4923 124.8633 c
147.8367 124.8633 148.1000 124.8795 148.3608 124.8163 c
148.4269 124.8001 148.7174 124.7377 148.7540 124.7216 c
148.8756 124.6674 148.8611 124.6008 149.0185 124.5586 c
149.0105 124.2060 149.0647 124.4112 148.6522 124.3151 c
148.6230 124.3809 148.5819 124.3023 148.7132 124.4979 c
148.5272 124.4940 148.4906 124.4704 148.3469 124.4373 c
148.4096 124.7318 148.3951 124.5229 148.3469 124.6198 c
h
h
150.9721 125.1677 m
151.0367 125.0932 150.9642 125.2032 151.0520 125.0651 c
152.0099 123.5846 l
151.7190 123.6620 151.5796 123.8502 151.4341 124.0455 c
151.2238 124.3276 150.9721 124.8015 150.9721 125.1677 c
h
155.3063 125.4112 m
155.1711 124.8321 155.2958 124.9838 155.3261 124.8812 c
155.4075 124.6034 155.2731 124.7085 155.2453 124.3763 c
155.0268 124.3582 154.9919 124.3511 154.8950 124.1751 c
154.6656 123.7586 154.9783 123.8465 154.6651 123.4346 c
154.2824 123.0075 l
153.9125 122.8487 154.1316 123.2909 154.1429 123.4012 c
154.1747 123.7082 154.0908 123.6736 154.2076 124.0109 c
154.2419 124.0982 l
154.2739 124.2122 154.2685 124.1870 154.2685 124.3151 c
154.1047 124.1955 154.2399 124.2935 154.0854 124.0716 c
154.0854 124.6130 154.3020 124.5926 154.3297 124.9243 c
154.4321 124.9605 154.4536 124.8454 154.4695 124.8851 c
154.4749 124.8990 154.4975 124.8687 154.5129 124.8633 c
154.4766 125.2993 154.4513 124.8344 154.7572 125.2896 c
154.6523 125.2891 l
154.5653 125.2879 154.6651 125.2494 154.5738 125.2896 c
155.0123 126.1168 155.6116 126.2679 155.6116 125.8985 c
155.6116 125.2406 155.6019 125.6060 155.5410 125.4209 c
155.3882 124.9569 155.6192 125.1692 155.3675 124.9852 c
h
h
155.2207 124.8633 m
155.2808 124.8732 155.1844 125.0192 155.1844 124.8633 c
155.1844 124.6932 155.2198 124.8633 155.2207 124.8633 c
h
147.4313 125.0461 m
147.5787 125.2188 147.3826 125.1068 147.7976 125.1068 c
147.7976 125.0461 l
h
h
146.6986 125.0461 m
146.6986 125.1677 l
147.0648 125.1677 l
147.1683 124.9730 147.2017 124.9622 147.3092 124.8024 c
147.0314 124.8253 147.0095 124.9739 146.6986 125.0461 c
h
155.6722 125.3134 m
155.7570 125.3188 155.5804 125.1204 155.6116 125.2896 c
155.6348 125.4155 155.5580 125.3066 155.6722 125.3134 c
h
155.7337 125.7766 m
155.8295 125.7069 155.8559 125.7656 155.8559 125.5941 c
155.8559 125.4200 155.8366 125.4827 155.7337 125.4112 c
h
h
154.5738 125.7160 m
154.6041 125.8447 154.6044 125.8773 154.6858 125.9697 c
154.7901 125.9263 l
154.6804 125.7214 154.7807 125.8251 154.5738 125.7160 c
h
152.2542 125.9595 m
152.3503 125.7763 152.1422 125.9391 152.3761 125.7766 c
152.3761 125.9595 l
h
h
151.8267 126.1420 m
151.8267 126.3095 151.9245 126.3660 152.0099 126.4465 c
152.3333 126.3603 152.2250 126.2616 152.4591 125.9203 c
152.4733 125.8994 152.5190 125.8379 152.5348 125.8135 c
152.6284 125.6712 152.4903 125.8843 152.5810 125.7378 c
152.5881 125.7265 152.5966 125.7109 152.6040 125.6995 c
152.8299 125.3347 152.8934 125.4648 152.9836 125.1646 c
153.2684 124.2150 152.9867 124.3284 152.9867 123.8890 c
152.9867 123.7062 153.1397 123.9758 152.9867 123.6455 c
152.8296 123.6872 152.8308 123.7941 152.6786 123.8533 c
152.4557 123.9401 152.7965 123.7711 152.5371 123.8848 c
152.4300 123.9321 152.4883 123.9009 152.4107 123.9800 c
152.1023 124.2952 152.2451 124.2709 152.2542 124.6808 c
151.9897 124.6249 152.1357 124.5302 152.0050 124.8534 c
151.9549 124.9773 151.9160 125.0858 151.8959 125.2366 c
151.8511 125.5711 151.8267 125.7761 151.8267 126.1420 c
h
151.3383 125.3503 m
151.2643 125.6666 151.2119 125.5473 151.2136 126.0179 c
151.2162 128.3343 l
151.3797 128.2479 151.3973 128.2499 151.5464 128.1155 c
151.8344 127.8556 152.4971 126.9986 152.6613 126.6701 c
152.7358 126.5202 152.7571 126.4470 152.8339 126.2942 c
152.9175 126.1278 152.9467 126.1089 152.9867 125.9595 c
152.6783 126.0706 153.0230 126.0397 152.3894 126.6423 c
152.2145 126.8087 152.2896 126.5477 152.2542 126.8728 c
151.9013 126.9113 152.2522 126.7741 151.8114 127.3448 c
151.5903 127.6311 151.7522 127.7130 151.4605 127.9083 c
151.2743 127.5775 151.5433 127.0803 151.5161 126.8493 c
151.4982 126.6976 151.4974 126.9635 151.4823 126.6948 c
151.4733 126.5355 151.5161 126.5604 151.5214 126.3249 c
151.2459 126.5261 151.4543 126.4876 151.3383 126.4465 c
151.3383 125.7990 151.3993 126.3234 151.3993 125.7160 c
151.3993 125.4898 151.6133 125.5516 151.3383 125.3503 c
h
156.1000 127.2991 m
156.4631 127.2025 156.2511 127.0242 156.2219 126.6299 c
156.2119 126.4955 156.2321 126.3370 156.2224 126.2027 c
156.2043 125.9442 156.1612 126.0791 156.1612 125.8376 c
156.1000 125.8376 l
h
h
151.6436 126.9337 m
h
153.3529 125.1068 m
153.1658 125.3211 153.2497 126.0300 152.7681 126.7767 c
152.6434 126.9700 152.6012 127.0440 152.4983 127.2382 c
152.7032 127.1642 152.7545 127.0389 152.8889 126.8362 c
153.0839 126.5437 153.1749 126.4241 153.2307 126.0814 c
153.3152 125.5632 153.3529 126.0700 153.3529 125.1068 c
h
155.0013 126.1420 m
154.8831 126.3966 155.0494 126.3540 155.3196 126.7381 c
155.5223 127.0264 155.7655 127.4817 156.0390 127.6642 c
155.9169 126.2030 l
155.7105 126.4992 155.8559 126.4201 155.8559 126.8118 c
155.8559 127.2801 155.8726 127.1418 155.7337 127.2382 c
155.7091 126.9408 155.5835 126.8158 155.4120 126.6454 c
155.0384 126.2747 155.3723 126.2409 155.0013 126.1420 c
h
151.0614 126.3458 m
151.0498 126.1610 151.0330 125.9909 151.0330 125.7766 c
150.9721 125.7766 l
150.9721 126.0488 150.9970 126.3487 150.9579 126.6151 c
150.9327 126.7843 150.8652 127.1701 150.8505 127.3606 c
150.8309 127.6126 150.8502 127.9525 150.8513 128.2136 c
150.8525 128.5693 150.7887 128.6359 150.7887 128.9432 c
150.9721 128.9432 l
150.9721 128.3842 151.0940 128.1013 151.0940 127.5426 c
h
h
151.4140 128.7145 m
151.0353 129.0475 150.6926 129.4963 150.4837 129.5521 c
150.4919 129.2479 150.5387 129.3211 150.5869 129.1071 c
150.8204 128.0659 150.6059 126.8666 150.6059 125.8376 c
150.6059 125.3466 151.0243 124.5872 151.0330 124.1935 c
150.8414 124.2445 150.6396 124.4032 150.4811 124.4957 c
150.2819 124.6119 150.1472 124.6635 149.9219 124.7289 c
148.6604 125.1153 l
148.3778 125.2131 147.6473 125.3543 147.2499 125.3526 c
146.1915 125.3480 146.0271 125.7420 146.0271 125.3503 c
146.0271 125.1476 146.3683 125.0694 146.5523 124.9611 c
147.3231 124.5067 147.0515 123.8842 148.6369 122.4731 c
149.2132 121.9603 149.5154 122.0363 149.8122 121.8798 c
149.6361 121.6403 148.2851 121.1349 147.7006 120.6978 c
147.2508 120.3619 147.3106 120.2749 146.8091 119.9426 c
146.1872 119.5305 146.1963 119.6498 145.9525 119.5183 c
145.7787 119.4248 145.8357 119.5189 145.7830 119.3221 c
146.0993 119.1708 146.1249 119.3221 146.4545 119.3221 c
146.7369 119.3221 147.3287 119.0937 147.6000 119.0035 c
149.2869 118.4434 148.8008 118.9689 149.9326 119.0191 c
150.5954 119.0489 150.6889 119.0151 151.1552 119.2615 c
150.7949 118.0984 l
150.7382 117.8870 150.7056 117.6738 150.6529 117.4482 c
150.6044 117.2401 150.6200 117.0507 150.5815 116.7888 c
150.3414 115.0787 l
150.2838 114.8666 150.2872 115.0274 150.2169 114.8230 c
150.0265 114.2700 150.7280 114.8992 150.9352 115.0359 c
151.1141 115.1535 151.1955 115.2170 151.3638 115.3386 c
152.0116 115.8055 152.7622 116.1797 153.0853 116.6661 c
153.4876 117.4218 l
153.5564 117.5754 153.5479 117.4946 153.5970 117.6780 c
153.8135 117.5199 153.6514 117.6874 153.7512 117.4056 c
153.9096 116.9586 154.1557 116.5224 154.4601 116.1643 c
154.5917 116.0101 154.5052 116.1071 154.6444 115.9826 c
154.7226 115.9123 154.7552 115.8843 154.8340 115.8063 c
155.4829 115.1631 155.4358 115.1150 155.9327 114.5886 c
156.2808 114.2198 156.0433 114.2932 156.3443 114.2683 c
156.4240 114.4287 156.4053 114.2181 156.4053 114.4508 c
156.4053 114.7433 156.3282 114.9446 156.2927 115.1909 c
156.0912 116.5873 156.3443 116.8897 156.3443 117.5564 c
156.3443 118.7133 l
156.6839 118.7133 156.9552 118.5511 157.2741 118.4839 c
158.9970 118.1222 159.2442 118.5545 160.0679 118.5917 c
160.3304 118.6038 160.6490 118.6033 160.8208 118.6325 c
161.2531 118.7056 161.1646 118.7674 161.4722 118.7742 c
161.4438 119.1141 161.3373 118.9706 161.0470 119.1416 c
160.9316 119.2093 160.9140 119.2442 160.7975 119.3187 c
159.9497 119.8613 159.3298 120.6621 158.4544 121.1837 c
158.2143 121.3268 158.2047 121.2894 158.0536 121.5142 c
158.4221 121.6001 158.7617 121.9867 158.9689 122.2455 c
159.1475 122.4680 159.1492 122.3836 159.3607 122.7073 c
159.8902 123.5186 160.0418 123.3666 160.5223 123.9843 c
161.2891 124.8633 l
161.1068 124.9506 160.2740 124.8630 159.8851 124.8633 c
158.1585 124.8656 156.6099 124.1751 156.1000 124.1325 c
156.1669 124.4191 156.2630 124.6842 156.3599 124.9696 c
156.7103 126.0037 156.5274 126.9125 156.5274 127.9687 c
156.5274 128.7643 156.7315 128.6175 156.6496 129.0039 c
156.2803 128.8089 156.4478 128.8585 156.2219 128.5778 c
154.2427 126.3506 l
153.9802 126.0162 153.6789 125.5266 153.4751 125.4722 c
153.4751 126.7288 152.3041 127.9315 151.4140 128.7145 c
f*
/GS8 gs
/CS9 cs 0.0902 0.2196 0.5804 0.0000 scn
155.4449 117.5786 m
155.4894 117.5669 155.3374 117.3940 155.3675 117.5564 c
155.3845 117.6491 155.3224 117.6109 155.4449 117.5786 c
h
155.4897 117.8609 m
155.3675 117.8609 l
155.3675 118.2872 l
155.6116 118.2872 l
155.4443 118.1285 155.4897 118.1710 155.4897 117.8609 c
h
155.3675 119.0177 m
155.3760 118.6294 155.4636 118.8207 155.3675 118.4088 c
155.3199 118.4635 155.3428 118.3992 155.2683 118.5537 c
155.1234 119.0177 l
h
h
155.2453 119.5050 m
155.2453 119.3221 l
155.1234 119.3221 l
155.1277 119.4919 155.1444 119.4350 155.2453 119.5050 c
h
154.2076 120.2355 m
154.2076 119.8826 154.3918 118.6560 154.5358 118.3708 c
154.6350 118.1738 154.8995 118.0380 154.9480 117.7826 c
154.9491 117.7761 154.9500 117.7583 154.9505 117.7517 c
154.9440 117.6681 l
154.9344 117.5332 155.0628 117.4280 155.1719 117.3543 c
155.2034 117.3331 155.2822 117.2871 155.3292 117.2806 c
155.6028 117.2421 155.6396 117.4130 155.6807 117.5485 c
155.7952 117.9249 155.5614 118.8984 155.4452 119.2776 c
155.1410 120.0095 l
154.9894 120.2383 154.9454 120.1711 154.8791 120.4180 c
154.8218 120.3265 154.8238 120.3500 154.8791 120.1139 c
154.6430 120.2715 154.6750 120.1689 154.5826 120.3038 c
154.4267 120.5320 154.6486 120.3137 154.5849 120.5935 c
154.5500 120.7460 154.4596 120.7259 154.3751 120.6278 c
154.3141 120.5572 154.3329 120.5563 154.2926 120.4591 c
154.2008 120.2374 154.2076 120.4722 154.2076 120.2355 c
f*
/GS8 gs
/CS9 cs 0.0902 0.2196 0.5804 0.0000 scn
150.4837 120.3574 m
150.5659 120.3574 150.5752 120.2896 150.6059 120.2355 c
150.1784 120.2355 l
150.2467 120.3276 150.3196 120.3574 150.4837 120.3574 c
h
149.3847 120.2355 m
149.4272 120.3528 149.3518 120.3891 149.6900 120.4792 c
149.6194 120.2848 149.7557 120.4384 149.5613 120.3029 c
149.4465 120.2230 149.5321 120.2749 149.3847 120.2355 c
h
151.7984 121.2897 m
152.2630 121.3302 152.0963 121.4076 152.3149 121.2097 c
151.6436 121.2707 l
151.7187 121.2707 151.7570 121.2863 151.7984 121.2897 c
h
149.0797 120.3574 m
149.0797 120.1139 l
149.4028 120.1209 149.2571 120.1734 149.5242 120.1303 c
150.4698 119.9769 150.4865 120.2355 151.0330 120.2355 c
150.7280 120.4180 l
150.9769 120.4390 151.0974 120.5005 151.3040 120.5785 c
151.7715 120.7548 151.5844 120.3968 152.3690 120.9733 c
152.5771 121.1258 152.6199 121.1610 152.7423 121.3926 c
152.3520 121.4966 152.8707 121.5142 152.0711 121.5142 c
151.1266 121.5142 150.5928 121.1312 149.7498 120.7239 c
149.4601 120.5838 149.2557 120.4044 149.0797 120.3574 c
f*
/GS8 gs
/CS9 cs 0.0902 0.2196 0.5804 0.0000 scn
156.7715 123.3411 m
157.1380 123.2192 l
156.6737 123.2192 156.7945 123.3139 156.4662 123.3411 c
156.5257 123.2714 l
156.6060 123.1594 156.8390 123.0976 156.5274 123.0976 c
156.3625 123.0976 156.3591 123.1265 156.2221 123.1586 c
156.2434 123.0616 l
156.2332 122.8765 155.9633 122.7161 155.7947 122.6713 c
155.7780 122.7186 155.8426 122.6645 155.8193 122.8039 c
155.7468 123.2388 155.1365 122.6860 155.1212 122.6727 c
154.9894 122.5573 154.9239 122.5355 154.8927 122.4017 c
154.8255 122.1143 155.1319 122.1843 155.3675 122.1843 c
155.4157 122.2809 155.4299 122.0720 155.3675 122.3668 c
156.3695 122.3668 155.5146 122.1140 156.6618 122.3586 c
157.0416 122.4397 156.8673 122.3997 156.9546 122.6103 c
157.3209 122.3657 157.3299 122.5256 157.5272 122.5874 c
157.7336 122.6517 157.6488 122.5517 157.8821 122.7813 c
157.9737 122.8728 l
158.1242 123.0369 158.0610 122.8963 158.1146 123.0976 c
158.3198 123.0233 158.3586 122.8686 158.3586 123.1586 c
158.3586 123.5058 157.7611 123.6609 157.1556 123.5061 c
156.8608 123.4307 156.9138 123.5350 156.7715 123.3411 c
f*
/GS8 gs
/CS9 cs 0.0902 0.2196 0.5804 0.0000 scn
151.4605 122.9757 m
151.7760 122.9411 151.5716 123.0469 151.6436 122.8538 c
h
h
150.8791 123.2484 m
150.6107 123.3785 150.6594 123.3303 150.6059 123.4630 c
150.9437 123.3128 l
151.0744 123.2447 151.1427 123.1977 151.2162 123.0976 c
h
h
149.0797 123.8890 m
149.1284 123.3020 150.0877 122.8422 150.3337 122.8929 c
150.5611 122.9394 150.2745 123.0463 150.5795 122.9437 c
150.6889 122.9071 150.6271 122.9406 150.6067 122.8912 c
150.5248 122.8175 l
150.5180 122.8122 150.4967 122.8022 150.4837 122.7929 c
150.7518 122.7991 150.6739 122.8343 150.9109 122.8538 c
150.8085 122.6004 150.7090 122.9278 150.7887 122.6713 c
150.9265 122.6052 152.0490 122.4400 152.3149 122.5494 c
152.1626 122.8365 152.0683 122.8802 151.8012 123.0721 c
151.3318 123.4089 150.2422 124.0716 149.6900 124.0716 c
149.4207 124.0716 149.2551 123.9817 149.0797 123.8890 c
f*
/GS8 gs
/CS9 cs 0.0902 0.2196 0.5804 0.0000 scn
157.5652 124.3151 m
158.3586 124.1935 l
157.7041 124.1935 157.8484 124.2561 157.3600 124.0940 c
157.3447 124.0889 157.3285 124.0843 157.3132 124.0795 c
156.9920 123.9780 156.9801 123.9500 156.6496 123.9500 c
156.7755 124.0591 156.7412 124.0540 156.9546 124.0716 c
156.8069 124.2729 156.8231 124.2102 156.5617 124.1053 c
156.3055 124.0024 156.2950 124.0274 156.1612 123.8281 c
156.3551 123.8984 156.2219 123.9500 156.6496 123.9500 c
156.3443 123.7065 l
157.0802 123.6900 156.5249 123.6481 157.4184 123.8462 c
157.6505 123.8978 158.2588 123.9083 158.6030 123.8281 c
158.5182 124.0620 158.4986 123.8888 158.5420 124.0109 c
158.7793 123.9911 158.7010 123.9559 158.9692 123.9500 c
158.7929 124.1898 158.8065 124.0174 158.8473 124.1325 c
159.0704 124.0792 159.1087 123.9973 159.5188 124.1935 c
159.5137 123.9678 159.5551 124.0396 159.4196 123.8664 c
159.1651 123.5415 159.6393 124.1178 159.3590 123.8049 c
159.2787 123.7156 159.3380 123.8635 159.2745 123.7065 c
159.6498 123.7147 160.4767 124.4373 160.0070 124.4373 c
159.2135 124.4373 l
158.8507 124.4373 159.2113 124.3151 158.3586 124.3151 c
158.3586 124.3763 l
158.8487 124.3763 158.9114 124.5586 159.5798 124.5586 c
160.2513 124.5586 l
160.6249 124.5586 160.2595 124.2414 160.1651 124.1589 c
160.0070 124.0109 l
159.8097 123.8159 159.0403 123.1713 158.9692 122.9757 c
159.7028 123.4655 159.7141 123.2527 160.4690 124.2201 c
160.6173 124.4106 160.7987 124.5053 160.8619 124.7417 c
160.1065 124.5660 159.1807 124.9498 157.7268 124.3979 c
157.7089 124.3908 157.6570 124.3670 157.6426 124.3602 c
h
f*
/GS8 gs
/CS9 cs 0.0902 0.2196 0.5804 0.0000 scn
151.9486 118.5307 m
151.9671 118.5126 l
151.9656 118.5137 151.9424 118.5248 151.9486 118.5307 c
h
151.7046 118.2263 m
151.7587 117.9941 151.7658 117.9842 151.7658 117.6780 c
151.5824 117.9828 l
151.5685 117.8881 151.4112 117.1911 151.7046 117.1911 c
152.2871 117.1911 152.8342 118.1594 152.9921 118.7688 c
153.1602 119.4168 153.3098 119.3020 153.2917 120.1139 c
152.5921 120.1139 152.8523 119.9018 152.6182 119.5067 c
152.4869 119.2853 152.5431 119.5328 152.2823 119.2374 c
152.1122 119.0446 152.0374 118.9086 151.9398 118.6563 c
151.8800 118.4922 l
151.8369 118.3158 151.9169 118.3190 151.7958 118.2470 c
h
f*
/GS8 gs
/CS9 cs 0.0902 0.2196 0.5804 0.0000 scn
157.0768 120.0529 m
157.0473 120.2111 157.1372 120.0915 157.1587 120.0404 c
157.2111 119.9197 157.0895 119.9835 157.0768 120.0529 c
h
155.4284 121.0881 m
155.5157 120.7630 155.6600 120.8752 155.8939 120.6998 c
156.1380 120.5167 155.9775 120.3440 156.3250 120.2230 c
156.6079 120.1246 156.3695 120.3265 156.5578 120.1380 c
156.6363 120.0589 156.5538 120.0220 156.7981 119.8919 c
157.2154 119.6697 157.2077 119.9920 157.4430 119.9920 c
157.7492 119.9920 157.5626 119.8981 157.5312 119.8514 c
157.2905 119.4897 157.5723 120.0677 157.4430 119.7485 c
157.6108 119.7873 157.6913 119.8701 157.8093 119.8701 c
158.1477 119.8701 157.8949 119.7428 157.8093 119.6266 c
158.0170 119.6493 158.1083 119.8035 158.3586 119.8701 c
158.2886 119.6694 l
158.2362 119.5546 158.2574 119.5824 158.0760 119.4866 c
157.9927 119.4437 l
158.2600 119.4437 158.3807 119.3837 158.4887 119.5605 c
158.7334 119.9616 157.9175 120.4551 157.6888 120.6026 c
157.4583 120.7508 157.0986 120.8962 156.7854 120.9798 c
156.1380 121.1528 155.8247 121.3248 155.4284 121.0881 c
f*
/GS8 gs
/CS9 cs 0.0902 0.2196 0.5804 0.0000 scn
155.1844 124.8633 m
155.1844 125.0192 155.2808 124.8732 155.2207 124.8633 c
155.2198 124.8633 155.1844 124.6932 155.1844 124.8633 c
h
155.3675 125.8376 m
155.4897 125.8376 l
155.4897 125.5331 l
155.3675 125.5331 l
h
h
154.5738 125.2896 m
154.6651 125.2494 154.5653 125.2879 154.6523 125.2891 c
154.7572 125.2896 l
154.4513 124.8344 154.4766 125.2993 154.5129 124.8633 c
154.4975 124.8687 154.4749 124.8990 154.4695 124.8851 c
154.4536 124.8454 154.4321 124.9605 154.3297 124.9243 c
154.3020 124.5926 154.0854 124.6130 154.0854 124.0716 c
154.2399 124.2935 154.1047 124.1955 154.2685 124.3151 c
154.2685 124.1870 154.2739 124.2122 154.2419 124.0982 c
154.2076 124.0109 l
154.0908 123.6736 154.1747 123.7082 154.1429 123.4012 c
154.1316 123.2909 153.9125 122.8487 154.2824 123.0075 c
154.6651 123.4346 l
154.9783 123.8465 154.6656 123.7586 154.8950 124.1751 c
154.9919 124.3511 155.0268 124.3582 155.2453 124.3763 c
155.2731 124.7085 155.4075 124.6034 155.3261 124.8812 c
155.2958 124.9838 155.1711 124.8321 155.3063 125.4112 c
155.3675 124.9852 l
155.6192 125.1692 155.3882 124.9569 155.5410 125.4209 c
155.6019 125.6060 155.6116 125.2406 155.6116 125.8985 c
155.6116 126.2679 155.0123 126.1168 154.5738 125.2896 c
f*
/GS8 gs
/CS9 cs 0.0902 0.2196 0.5804 0.0000 scn
156.7103 121.2097 m
157.1057 121.2097 158.1718 120.6763 158.3308 120.5121 c
158.8164 120.0830 l
158.8252 120.0742 158.8377 120.0611 158.8467 120.0523 c
159.1430 119.7723 159.0667 119.9622 159.1458 119.5826 c
159.2135 119.2615 l
159.5832 119.2697 159.3924 119.2218 159.4576 119.3831 c
159.5716 119.2263 l
159.5733 119.2229 159.5752 119.2082 159.5798 119.2003 c
160.1042 119.3221 159.6917 119.1506 160.1901 119.1396 c
160.1436 119.2677 160.1084 119.2657 159.9630 119.4001 c
159.8570 119.4979 159.7833 119.5685 159.6878 119.6734 c
159.5313 119.8443 159.2853 120.0376 159.2135 120.2355 c
159.4922 120.2051 159.2946 120.2519 159.4298 120.1467 c
159.4902 120.0997 160.0087 119.4605 160.3556 119.2436 c
160.5634 119.1141 160.6629 119.1444 160.8007 118.9568 c
160.4843 118.8054 160.6618 118.9568 160.4344 118.9568 c
160.0860 118.9568 160.0121 118.8958 159.6410 118.8958 c
160.6175 118.7742 l
160.8282 118.7742 160.8540 118.8193 161.0450 118.8351 c
161.0243 119.0832 161.0705 118.9281 160.9571 119.0520 c
160.9512 119.0585 160.8562 119.1237 160.8500 119.1277 c
160.7411 119.2020 l
160.7380 119.2039 160.6757 119.2544 160.6385 119.2822 c
159.9324 119.8568 l
159.3771 120.3282 158.4230 121.2707 157.7483 121.2707 c
158.0525 121.0601 158.4439 120.9436 159.0466 120.4345 c
159.2235 120.2854 159.1401 120.4376 159.2135 120.2355 c
158.9868 120.2958 158.7379 120.5337 158.4694 120.7114 c
158.4587 120.7185 158.4439 120.7287 158.4332 120.7361 c
158.3218 120.8075 l
158.3104 120.8146 158.2954 120.8239 158.2841 120.8307 c
158.2699 120.8390 158.1299 120.9149 158.1262 120.9169 c
157.7015 121.1278 157.3345 121.2707 156.7103 121.2707 c
h
f*
/GS8 gs
/CS9 cs 0.0902 0.2196 0.5804 0.0000 scn
152.5592 125.2287 m
152.5592 125.3713 152.5411 125.3863 152.4983 125.4722 c
152.6491 125.4115 152.6204 125.5949 152.6204 125.2287 c
h
h
152.3761 125.6550 m
152.4753 125.6598 l
152.4753 125.6596 l
152.5550 125.5025 152.4640 125.6491 152.4489 125.6431 c
152.4436 125.6414 152.3786 125.6346 152.3761 125.6550 c
h
152.2542 125.9595 m
152.3761 125.6550 l
152.2542 125.9595 m
152.3761 125.9595 l
152.3761 125.7766 l
152.1422 125.9391 152.3503 125.7763 152.2542 125.9595 c
h
151.8267 126.1420 m
151.8267 125.7761 151.8511 125.5711 151.8959 125.2366 c
151.9160 125.0858 151.9549 124.9773 152.0050 124.8534 c
152.1357 124.5302 151.9897 124.6249 152.2542 124.6808 c
152.2451 124.2709 152.1023 124.2952 152.4107 123.9800 c
152.4883 123.9009 152.4300 123.9321 152.5371 123.8848 c
152.7965 123.7711 152.4557 123.9401 152.6786 123.8533 c
152.8308 123.7941 152.8296 123.6872 152.9867 123.6455 c
153.1397 123.9758 152.9867 123.7062 152.9867 123.8890 c
152.9867 124.3284 153.2684 124.2150 152.9836 125.1646 c
152.8934 125.4648 152.8299 125.3347 152.6040 125.6995 c
152.5966 125.7109 152.5881 125.7265 152.5810 125.7378 c
152.4903 125.8843 152.6284 125.6712 152.5348 125.8135 c
152.5190 125.8379 152.4733 125.8994 152.4591 125.9203 c
152.2250 126.2616 152.3333 126.3603 152.0099 126.4465 c
151.9245 126.3660 151.8267 126.3095 151.8267 126.1420 c
f*
/GS8 gs
/CS9 cs 0.0902 0.2196 0.5804 0.0000 scn
151.3383 125.3503 m
151.6133 125.5516 151.3993 125.4898 151.3993 125.7160 c
151.3993 126.3234 151.3383 125.7990 151.3383 126.4465 c
151.4543 126.4876 151.2459 126.5261 151.5214 126.3249 c
151.5161 126.5604 151.4733 126.5355 151.4823 126.6948 c
151.4974 126.9635 151.4982 126.6976 151.5161 126.8493 c
151.5433 127.0803 151.2743 127.5775 151.4605 127.9083 c
151.7522 127.7130 151.5903 127.6311 151.8114 127.3448 c
152.2522 126.7741 151.9013 126.9113 152.2542 126.8728 c
152.2896 126.5477 152.2145 126.8087 152.3894 126.6423 c
153.0230 126.0397 152.6783 126.0706 152.9867 125.9595 c
152.9467 126.1089 152.9175 126.1278 152.8339 126.2942 c
152.7571 126.4470 152.7358 126.5202 152.6613 126.6701 c
152.4971 126.9986 151.8344 127.8556 151.5464 128.1155 c
151.3973 128.2499 151.3797 128.2479 151.2162 128.3343 c
151.2136 126.0179 l
151.2119 125.5473 151.2643 125.6666 151.3383 125.3503 c
h
151.6436 126.9337 m
h
f*
/GS8 gs
/CS9 cs 0.0902 0.2196 0.5804 0.0000 scn
153.1089 122.0624 m
153.1089 122.4632 154.1395 122.7855 154.1123 121.8696 c
154.1098 121.7784 153.8254 121.1085 153.2781 121.5615 c
153.0751 121.7296 153.1089 121.7214 153.1089 122.0624 c
h
153.4751 121.2097 m
154.2064 121.4549 l
154.3975 121.6185 154.4151 121.9637 154.2946 122.2072 c
154.1463 122.5083 154.1151 122.6203 153.7373 122.6954 c
153.1950 122.8028 153.4156 122.5882 152.9867 122.4884 c
153.0553 122.7297 l
152.8645 122.7322 l
152.8767 122.1919 152.7554 121.7693 153.0873 121.4320 c
153.1786 121.3396 153.3249 121.2097 153.4751 121.2097 c
f*
/GS8 gs
/CS9 cs 0.0902 0.2196 0.5804 0.0000 scn
155.9169 114.8771 m
155.6113 116.1859 154.3873 116.8818 154.1109 118.1296 c
154.0111 118.5789 154.0562 119.1319 153.8867 119.4894 c
153.8413 119.5659 l
153.8413 117.5284 153.9794 117.6477 154.8547 116.3750 c
h
f*
/GS8 gs
/CS9 cs 0.0902 0.2196 0.5804 0.0000 scn
151.0940 115.7295 m
152.0535 116.5385 l
152.6754 117.0550 153.1809 117.9128 153.4674 118.6597 c
153.5842 118.9636 153.9122 120.2394 153.5970 120.6009 c
153.5970 120.0387 153.5749 119.9066 153.4575 119.4001 c
153.2585 118.6858 l
153.1244 118.2413 152.8345 117.6962 152.5323 117.3396 c
152.4713 117.2676 152.4824 117.2778 152.4197 117.2081 c
151.5169 116.1601 l
151.2502 115.9288 151.1478 115.9299 151.0940 115.7295 c
f*
/GS8 gs
/CS9 cs 0.0902 0.2196 0.5804 0.0000 scn
147.4923 119.9310 m
148.1984 120.1402 l
148.2106 120.1445 148.2324 120.1535 148.2423 120.1569 c
148.3311 120.2185 l
148.3359 120.2238 148.3469 120.2420 148.3540 120.2479 c
148.3563 120.2499 148.3668 120.2596 148.3699 120.2615 c
148.5986 120.4288 148.5607 120.1734 148.5910 120.5402 c
148.8308 120.5348 148.7344 120.5566 148.8963 120.4792 c
149.0374 120.8200 148.6721 120.4087 149.4836 120.9334 c
149.4986 120.9427 149.5437 120.9685 149.5568 120.9779 c
149.6146 121.0238 l
149.7280 121.1289 149.6424 121.2004 150.0562 121.2097 c
150.0562 121.3926 l
149.5936 121.3821 148.9306 121.0096 148.5828 120.8529 c
148.2602 120.7069 147.5844 120.2757 147.4923 119.9310 c
f*
/GS8 gs
/CS9 cs 0.0902 0.2196 0.5804 0.0000 scn
153.1089 122.0624 m
153.1089 121.7214 153.0751 121.7296 153.2781 121.5615 c
153.8254 121.1085 154.1098 121.7784 154.1123 121.8696 c
154.1395 122.7855 153.1089 122.4632 153.1089 122.0624 c
f*
/GS8 gs
/CS9 cs 0.0902 0.2196 0.5804 0.0000 scn
156.1000 117.2520 m
156.3775 117.5703 156.2151 118.9826 156.0504 119.3947 c
156.0450 119.4080 156.0373 119.4233 156.0314 119.4364 c
155.9699 119.5577 l
155.7439 119.9849 155.1163 120.7936 154.6350 120.9053 c
155.5002 119.8809 l
155.5546 119.8089 155.5705 119.7669 155.6155 119.6915 c
156.0779 118.9140 156.1000 118.4142 156.1000 117.2520 c
f*
/GS8 gs
/CS9 cs 0.0902 0.2196 0.5804 0.0000 scn
154.7572 122.0014 m
155.2252 121.6772 156.1249 122.0502 156.7182 122.1157 c
156.9611 122.1426 157.0757 122.1429 157.2687 122.1752 c
157.8197 122.2676 158.5346 122.5103 158.8473 122.9757 c
157.5332 122.4598 l
157.0691 122.3067 156.3690 122.1318 155.9174 122.1225 c
155.4077 122.1123 155.2552 122.0014 154.7572 122.0014 c
f*
/GS8 gs
/CS9 cs 0.0902 0.2196 0.5804 0.0000 scn
150.9721 125.7766 m
151.0330 125.7766 l
151.0330 125.9909 151.0498 126.1610 151.0614 126.3458 c
151.0940 127.5426 l
151.0940 128.1013 150.9721 128.3842 150.9721 128.9432 c
150.7887 128.9432 l
150.7887 128.6359 150.8525 128.5693 150.8513 128.2136 c
150.8502 127.9525 150.8309 127.6126 150.8505 127.3606 c
150.8652 127.1701 150.9327 126.7843 150.9579 126.6151 c
150.9970 126.3487 150.9721 126.0488 150.9721 125.7766 c
f*
/GS8 gs
/CS9 cs 0.0902 0.2196 0.5804 0.0000 scn
147.5532 119.6266 m
147.5532 119.5659 l
147.6816 119.5659 147.8514 119.5427 147.9325 119.5407 c
148.0071 119.5390 148.1233 119.5787 148.2463 119.6039 c
150.4043 119.7754 l
150.5747 119.8157 150.5089 119.8392 150.5446 119.8701 c
150.0523 119.8701 149.4337 119.9038 148.9567 119.8709 c
148.6933 119.8525 148.5884 119.7626 148.2857 119.7488 c
147.8426 119.7283 147.9725 119.6266 147.5532 119.6266 c
f*
/GS8 gs
/CS9 cs 0.0902 0.2196 0.5804 0.0000 scn
155.0013 126.1420 m
155.3723 126.2409 155.0384 126.2747 155.4120 126.6454 c
155.5835 126.8158 155.7091 126.9408 155.7337 127.2382 c
155.8726 127.1418 155.8559 127.2801 155.8559 126.8118 c
155.8559 126.4201 155.7105 126.4992 155.9169 126.2030 c
156.0390 127.6642 l
155.7655 127.4817 155.5223 127.0264 155.3196 126.7381 c
155.0494 126.3540 154.8831 126.3966 155.0013 126.1420 c
f*
/GS8 gs
/CS9 cs 0.0902 0.2196 0.5804 0.0000 scn
149.5678 124.5586 m
150.1438 124.5112 151.3349 123.6484 151.8160 123.2694 c
152.0711 123.2192 l
152.0620 123.2280 152.0495 123.2410 152.0405 123.2501 c
151.6360 123.6569 149.6426 124.9963 149.5678 124.5586 c
f*
/GS8 gs
/CS9 cs 0.0902 0.2196 0.5804 0.0000 scn
150.9721 116.1558 m
151.0951 116.3373 l
151.1955 116.5297 151.1410 116.5093 151.2927 116.6278 c
151.5223 116.8070 151.3823 116.6581 151.5214 116.9476 c
151.2286 116.8775 151.4265 116.9059 151.3383 116.9476 c
151.4361 117.1587 151.2774 117.5363 151.2774 117.8609 c
151.2162 117.8609 l
151.2162 117.5227 151.1858 117.7115 151.1198 117.4697 c
h
f*
/GS8 gs
/CS9 cs 0.0902 0.2196 0.5804 0.0000 scn
148.3469 124.6198 m
148.3951 124.5229 148.4096 124.7318 148.3469 124.4373 c
148.4906 124.4704 148.5272 124.4940 148.7132 124.4979 c
148.5819 124.3023 148.6230 124.3809 148.6522 124.3151 c
149.0647 124.4112 149.0105 124.2060 149.0185 124.5586 c
148.8611 124.6008 148.8756 124.6674 148.7540 124.7216 c
148.7174 124.7377 148.4269 124.8001 148.3608 124.8163 c
148.1000 124.8795 147.8367 124.8633 147.4923 124.8633 c
147.5031 124.8540 147.5195 124.8528 147.5252 124.8352 c
147.5308 124.8174 147.5515 124.8131 147.5597 124.8089 c
147.8996 124.6567 l
148.0748 124.5966 147.9688 124.6380 148.1094 124.6374 c
h
f*
/GS8 gs
/CS9 cs 0.0902 0.2196 0.5804 0.0000 scn
152.0099 123.5846 m
151.0520 125.0651 l
150.9642 125.2032 151.0367 125.0932 150.9721 125.1677 c
150.9721 124.8015 151.2238 124.3276 151.4341 124.0455 c
151.5796 123.8502 151.7190 123.6620 152.0099 123.5846 c
f*
/GS8 gs
/CS9 cs 0.0902 0.2196 0.5804 0.0000 scn
153.3529 125.1068 m
153.3529 126.0700 153.3152 125.5632 153.2307 126.0814 c
153.1749 126.4241 153.0839 126.5437 152.8889 126.8362 c
152.7545 127.0389 152.7032 127.1642 152.4983 127.2382 c
152.6012 127.0440 152.6434 126.9700 152.7681 126.7767 c
153.2497 126.0300 153.1658 125.3211 153.3529 125.1068 c
f*
/GS8 gs
/CS9 cs 0.0902 0.2196 0.5804 0.0000 scn
149.5678 121.4532 m
150.6178 121.7458 l
150.9897 121.8396 151.3899 121.9405 151.8267 121.9405 c
150.8624 121.9893 l
150.7853 121.9757 150.6903 121.9317 150.5812 121.9042 c
149.9800 121.7529 149.8975 121.7656 149.5678 121.4532 c
f*
/GS8 gs
/CS9 cs 0.0902 0.2196 0.5804 0.0000 scn
149.2628 122.9757 m
149.2248 123.0806 149.2500 123.0364 149.2021 123.0982 c
148.8231 123.3899 l
148.2874 123.7431 148.2330 123.8491 147.8364 124.2933 c
147.7250 124.4177 147.5955 124.5762 147.4313 124.6198 c
147.5461 124.4486 147.6760 124.3111 147.8083 124.1433 c
148.3671 123.4358 148.5964 123.4208 149.2628 122.9757 c
f*
/GS8 gs
/CS9 cs 0.0902 0.2196 0.5804 0.0000 scn
152.0711 119.8701 m
152.6355 120.2477 152.7554 120.5274 152.9694 120.7397 c
153.1429 120.9115 153.1366 120.7959 153.2917 121.0272 c
153.0709 121.2114 153.0366 120.9858 152.5745 120.5249 c
152.3684 120.3199 152.1445 120.1861 152.0711 119.8701 c
f*
/GS8 gs
/CS9 cs 0.0902 0.2196 0.5804 0.0000 scn
150.9721 117.9218 m
151.0330 117.9218 l
151.0330 118.5299 151.6136 119.0869 151.6436 119.4437 c
151.2147 119.2178 150.9721 118.3927 150.9721 117.9218 c
f*
/GS8 gs
/CS9 cs 0.0902 0.2196 0.5804 0.0000 scn
155.3063 124.0716 m
155.5313 124.3083 155.7371 124.5458 155.8565 124.8625 c
155.9069 124.9948 l
156.0200 125.2664 156.1000 125.4356 156.1000 125.7766 c
155.9100 125.6380 156.0163 125.4569 155.7448 124.9132 c
155.4990 124.4886 l
155.4925 124.4761 155.4863 124.4594 155.4800 124.4469 c
h
f*
/GS8 gs
/CS9 cs 0.0902 0.2196 0.5804 0.0000 scn
156.1000 125.8376 m
156.1612 125.8376 l
156.1612 126.0791 156.2043 125.9442 156.2224 126.2027 c
156.2321 126.3370 156.2119 126.4955 156.2219 126.6299 c
156.2511 127.0242 156.4631 127.2025 156.1000 127.2991 c
h
f*
/GS8 gs
/CS9 cs 0.0902 0.2196 0.5804 0.0000 scn
148.8963 124.1935 m
148.8260 124.0747 l
148.6477 124.0872 148.4456 124.1833 148.3084 124.2771 c
147.9977 124.4894 148.2585 124.5501 147.8585 124.5586 c
147.8988 124.4083 147.9217 124.3627 148.0629 124.2757 c
148.7999 123.9092 l
149.0176 123.8964 148.9320 124.0413 148.8963 124.1935 c
f*
/GS8 gs
/CS9 cs 0.0902 0.2196 0.5804 0.0000 scn
157.8705 121.8798 m
157.7483 122.0624 l
157.6397 121.9898 157.6466 122.0000 157.5527 121.8920 c
157.3821 121.6970 l
157.6636 121.7625 157.5085 121.7931 157.7483 121.8798 c
157.6888 121.6568 157.6840 121.7520 157.5652 121.5751 c
157.7262 121.5927 157.7548 121.5848 157.9433 121.8067 c
158.0479 121.9297 158.1358 122.0743 158.1758 122.2449 c
158.0576 122.2138 158.0698 122.2571 157.9527 122.1021 c
h
f*
/GS8 gs
/CS9 cs 0.0902 0.2196 0.5804 0.0000 scn
150.7280 116.3993 m
150.7887 116.3993 l
150.7887 116.5459 150.8434 116.8631 150.8751 117.0439 c
150.9214 117.3090 150.9109 117.5122 150.9109 117.7999 c
150.8499 117.7999 l
150.8499 117.1437 150.8386 117.4683 150.7518 117.1670 c
150.6864 116.9393 150.7280 116.6426 150.7280 116.3993 c
f*
/GS8 gs
/CS9 cs 0.0902 0.2196 0.5804 0.0000 scn
152.8645 123.0976 m
152.6820 123.3417 l
152.6737 123.3510 152.6618 123.3646 152.6536 123.3743 c
152.6454 123.3839 152.6332 123.3972 152.6253 123.4069 c
152.0748 123.9540 l
152.0654 123.9619 152.0512 123.9744 152.0422 123.9823 c
151.9486 124.0716 l
152.0167 123.7819 152.1380 123.7300 152.3302 123.5387 c
152.4263 123.4434 152.4796 123.3910 152.5737 123.2946 c
152.7157 123.1489 152.6647 123.1509 152.8645 123.0976 c
f*
/GS8 gs
/CS9 cs 0.0902 0.2196 0.5804 0.0000 scn
156.9546 119.1396 m
157.0175 119.2020 157.1754 119.0520 157.0255 119.1067 c
157.0241 119.1073 156.8523 119.0373 156.9546 119.1396 c
h
156.4631 119.2022 m
156.6065 119.2300 156.5966 119.3224 156.8979 119.0222 c
157.2599 118.7742 l
157.1695 118.9891 l
156.9628 119.4253 157.0674 119.0823 156.7885 119.2737 c
156.7077 119.3289 156.6992 119.3700 156.5884 119.4437 c
h
f*
/GS8 gs
/CS9 cs 0.0902 0.2196 0.5804 0.0000 scn
155.4897 121.5751 m
156.0008 121.5751 156.2777 121.3792 156.4662 121.6361 c
155.9633 121.6361 155.5299 121.8095 155.4897 121.5751 c
f*
/GS8 gs
/CS9 cs 0.0902 0.2196 0.5804 0.0000 scn
153.5970 120.9053 m
153.7047 120.8540 153.7946 120.8353 153.9023 120.7837 c
153.9465 120.8667 154.2626 121.3370 153.7929 121.1443 c
153.6012 121.0654 153.6956 121.0912 153.5970 120.9053 c
f*
/GS8 gs
/CS9 cs 0.0902 0.2196 0.5804 0.0000 scn
158.0536 119.2003 m
158.3388 119.2003 158.2257 119.2195 158.4108 119.1305 c
158.5803 119.0492 158.5718 119.0489 158.7852 119.0169 c
159.5798 119.0177 l
159.4630 119.0177 159.2717 119.0038 159.1651 119.0305 c
159.0007 119.0718 159.1296 119.0843 158.8541 119.1464 c
158.6058 119.2025 158.3649 119.2615 158.0536 119.2615 c
h
f*
/GS8 gs
/CS9 cs 0.0902 0.2196 0.5804 0.0000 scn
146.6986 125.0461 m
147.0095 124.9739 147.0314 124.8253 147.3092 124.8024 c
147.2017 124.9622 147.1683 124.9730 147.0648 125.1677 c
146.6986 125.1677 l
h
f*
/GS8 gs
/CS9 cs 0.0902 0.2196 0.5804 0.0000 scn
155.3675 118.4088 m
155.4636 118.8207 155.3760 118.6294 155.3675 119.0177 c
155.1234 119.0177 l
155.2683 118.5537 l
155.3428 118.3992 155.3199 118.4635 155.3675 118.4088 c
f*
/GS8 gs
/CS9 cs 0.0902 0.2196 0.5804 0.0000 scn
155.7337 116.2168 m
155.8559 116.2168 l
155.8559 116.5992 156.0334 116.6516 155.7947 116.8257 c
155.7003 116.6292 155.7337 116.4937 155.7337 116.2168 c
f*
/GS8 gs
/CS9 cs 0.0902 0.2196 0.5804 0.0000 scn
155.7947 123.2802 m
156.0297 123.3927 156.1416 123.3451 156.2221 123.6455 c
156.1110 123.6195 156.0543 123.6084 155.9514 123.5503 c
155.7916 123.4602 155.8120 123.4851 155.7947 123.2802 c
f*
/GS8 gs
/CS9 cs 0.0902 0.2196 0.5804 0.0000 scn
158.7251 122.3668 m
158.4808 122.4884 l
158.5290 122.3084 158.5057 122.3898 158.6030 122.2449 c
158.8008 122.3773 158.9675 122.5230 159.0304 122.7929 c
158.8232 122.6837 158.9238 122.7875 158.8139 122.5826 c
h
f*
/GS8 gs
/CS9 cs 0.0902 0.2196 0.5804 0.0000 scn
149.0797 122.4278 m
149.2291 122.5369 149.2109 122.5106 149.2628 122.7322 c
149.0049 122.6364 149.3609 122.8263 149.1769 122.6959 c
149.1395 122.6693 149.0984 122.6302 149.0797 122.6103 c
149.0247 122.8450 149.0026 122.9148 148.7744 122.9757 c
148.9941 122.6469 l
149.0012 122.6361 149.0136 122.6234 149.0202 122.6120 c
h
f*
/GS8 gs
/CS9 cs 0.0902 0.2196 0.5804 0.0000 scn
157.0768 121.6361 m
157.3044 121.7565 157.3614 121.7886 157.5043 122.0014 c
157.3325 121.9873 157.3483 121.9983 157.2304 121.9093 c
157.0992 121.8101 157.1173 121.8095 157.0768 121.6361 c
f*
/GS8 gs
/CS9 cs 0.0902 0.2196 0.5804 0.0000 scn
148.5300 119.2615 m
148.6692 119.0693 148.5201 119.1342 148.7988 119.2300 c
149.0672 119.3219 148.9309 119.2433 149.1406 119.3831 c
149.0066 119.5705 148.9586 119.2708 148.5300 119.2615 c
f*
/GS8 gs
/CS9 cs 0.0902 0.2196 0.5804 0.0000 scn
155.6728 120.4792 m
155.5370 120.6814 155.3882 120.8835 155.1234 120.9053 c
155.1379 120.8914 155.1747 120.8523 155.1832 120.8435 c
155.3102 120.7267 l
155.5251 120.5405 155.4718 120.5325 155.6728 120.4792 c
f*
/GS8 gs
/CS9 cs 0.0902 0.2196 0.5804 0.0000 scn
148.4691 122.8538 m
148.6276 122.9598 148.6321 122.9159 148.6522 123.1586 c
148.4765 123.0279 l
148.4427 123.1495 148.5031 123.1010 148.3469 123.2802 c
148.3588 122.7540 148.4206 123.2969 148.4691 122.8538 c
f*
/GS8 gs
/CS9 cs 0.0902 0.2196 0.5804 0.0000 scn
156.7103 119.6875 m
156.6998 119.6972 156.6822 119.7258 156.6774 119.7156 c
156.6726 119.7051 156.6513 119.7380 156.6448 119.7437 c
156.2939 120.0025 l
156.2023 120.0492 156.1935 120.0512 156.1000 120.1139 c
156.1805 119.8925 156.4781 119.7417 156.7103 119.6875 c
f*
/GS8 gs
/CS9 cs 0.0902 0.2196 0.5804 0.0000 scn
146.6376 119.5659 m
146.6388 119.5648 146.7516 119.5050 146.7598 119.5050 c
146.9316 119.5050 146.8726 119.5313 146.9426 119.6266 c
146.7984 119.8233 146.7437 119.7615 146.6376 119.5659 c
f*
/GS8 gs
/CS9 cs 0.0902 0.2196 0.5804 0.0000 scn
151.8877 121.9405 m
152.4983 121.9405 l
152.4983 122.0014 l
152.1746 122.0014 152.1377 122.0043 151.8877 122.0624 c
h
f*
/GS8 gs
/CS9 cs 0.0902 0.2196 0.5804 0.0000 scn
151.2162 123.0976 m
151.1427 123.1977 151.0744 123.2447 150.9437 123.3128 c
150.6059 123.4630 l
150.6594 123.3303 150.6107 123.3785 150.8791 123.2484 c
h
f*
/GS8 gs
/CS9 cs 0.0902 0.2196 0.5804 0.0000 scn
158.4198 118.7133 m
158.4269 118.7294 158.5689 118.6877 158.3810 118.8479 c
158.2954 118.9208 158.2243 118.9312 158.1146 118.9568 c
158.1622 118.8266 158.3087 118.6642 158.4198 118.7133 c
f*
/GS8 gs
/CS9 cs 0.0902 0.2196 0.5804 0.0000 scn
149.5069 122.3059 m
149.6290 122.3059 l
149.6030 122.6174 149.5826 122.3884 149.5069 122.6713 c
149.2662 122.4955 149.4689 122.6537 149.5069 122.3059 c
f*
/GS8 gs
/CS9 cs 0.0902 0.2196 0.5804 0.0000 scn
150.6059 119.8701 m
150.9443 119.9585 l
150.9610 119.9670 151.0112 119.9894 151.0262 119.9988 c
151.1096 120.0501 151.0597 119.9843 151.1552 120.1139 c
150.8108 120.0849 151.1201 120.1212 150.8774 120.0257 c
150.6061 119.9180 150.7708 120.0954 150.6059 119.8701 c
f*
/GS8 gs
/CS9 cs 0.0902 0.2196 0.5804 0.0000 scn
150.1784 120.2355 m
150.6059 120.2355 l
150.5752 120.2896 150.5659 120.3574 150.4837 120.3574 c
150.3196 120.3574 150.2467 120.3276 150.1784 120.2355 c
f*
/GS8 gs
/CS9 cs 0.0902 0.2196 0.5804 0.0000 scn
151.6436 121.2707 m
152.3149 121.2097 l
152.0963 121.4076 152.2630 121.3302 151.7984 121.2897 c
151.7570 121.2863 151.7187 121.2707 151.6436 121.2707 c
f*
/GS8 gs
/CS9 cs 0.0902 0.2196 0.5804 0.0000 scn
155.7337 115.6689 m
155.9925 115.8551 155.7666 115.6405 155.7337 116.0340 c
155.6116 116.0340 l
155.6620 115.5739 155.6833 116.1289 155.7337 115.6689 c
f*
/GS8 gs
/CS9 cs 0.0902 0.2196 0.5804 0.0000 scn
155.3675 125.5331 m
155.4897 125.5331 l
155.4897 125.8376 l
155.3675 125.8376 l
h
f*
/GS8 gs
/CS9 cs 0.0902 0.2196 0.5804 0.0000 scn
149.3847 120.2355 m
149.5321 120.2749 149.4465 120.2230 149.5613 120.3029 c
149.7557 120.4384 149.6194 120.2848 149.6900 120.4792 c
149.3518 120.3891 149.4272 120.3528 149.3847 120.2355 c
f*
/GS8 gs
/CS9 cs 0.0902 0.2196 0.5804 0.0000 scn
155.7337 125.4112 m
155.8366 125.4827 155.8559 125.4200 155.8559 125.5941 c
155.8559 125.7656 155.8295 125.7069 155.7337 125.7766 c
h
f*
/GS8 gs
/CS9 cs 0.0902 0.2196 0.5804 0.0000 scn
153.2917 122.8538 m
153.2718 123.0919 153.3288 123.0389 153.1089 123.0976 c
153.1284 122.8595 153.0717 122.9125 153.2917 122.8538 c
f*
/GS8 gs
/CS9 cs 0.0902 0.2196 0.5804 0.0000 scn
158.9692 123.5846 m
159.1642 123.5435 159.0644 123.5234 159.2135 123.5846 c
159.0761 123.7717 159.2529 123.6830 158.9692 123.7065 c
h
f*
/GS8 gs
/CS9 cs 0.0902 0.2196 0.5804 0.0000 scn
156.1000 114.5724 m
156.1853 115.0495 l
156.1382 115.2573 156.1569 115.1167 156.1000 115.1816 c
h
f*
/GS8 gs
/CS9 cs 0.0902 0.2196 0.5804 0.0000 scn
154.5738 125.7160 m
154.7807 125.8251 154.6804 125.7214 154.7901 125.9263 c
154.6858 125.9697 l
154.6044 125.8773 154.6041 125.8447 154.5738 125.7160 c
f*
/GS8 gs
/CS9 cs 0.0902 0.2196 0.5804 0.0000 scn
152.1930 119.6266 m
152.4129 119.6853 152.3563 119.6323 152.3761 119.8701 c
152.2253 119.7697 152.2426 119.8338 152.1930 119.6266 c
f*
/GS8 gs
/CS9 cs 0.0902 0.2196 0.5804 0.0000 scn
147.4313 125.0461 m
147.7976 125.0461 l
147.7976 125.1068 l
147.3826 125.1068 147.5787 125.2188 147.4313 125.0461 c
f*
/GS8 gs
/CS9 cs 0.0902 0.2196 0.5804 0.0000 scn
152.8645 121.1491 m
152.9867 121.1491 l
152.9867 121.3316 l
152.8645 121.3316 l
h
f*
/GS8 gs
/CS9 cs 0.0902 0.2196 0.5804 0.0000 scn
155.6116 123.7671 m
155.6116 124.0716 l
155.5506 124.0716 l
155.5506 123.7388 155.3754 123.9372 155.6116 123.7671 c
f*
/GS8 gs
/CS9 cs 0.0902 0.2196 0.5804 0.0000 scn
156.1000 115.3644 m
156.0917 115.4628 156.1167 115.4234 156.0773 115.5243 c
155.9996 115.7233 156.0308 115.6082 155.9781 115.6689 c
156.0033 115.3638 156.0518 115.4194 156.1000 115.3644 c
f*
/GS8 gs
/CS9 cs 0.0902 0.2196 0.5804 0.0000 scn
152.5592 125.2287 m
152.6204 125.2287 l
152.6204 125.5949 152.6491 125.4115 152.4983 125.4722 c
152.5411 125.3863 152.5592 125.3713 152.5592 125.2287 c
f*
/GS8 gs
/CS9 cs 0.0902 0.2196 0.5804 0.0000 scn
155.1234 119.3221 m
155.2453 119.3221 l
155.2453 119.5050 l
155.1444 119.4350 155.1277 119.4919 155.1234 119.3221 c
f*
/GS8 gs
/CS9 cs 0.0902 0.2196 0.5804 0.0000 scn
155.1234 116.7041 m
155.1234 116.8866 l
155.0013 116.8866 l
155.0412 116.7197 154.9763 116.7917 155.1234 116.7041 c
f*
/GS8 gs
/CS9 cs 0.0902 0.2196 0.5804 0.0000 scn
152.1930 116.2168 m
152.3279 116.3103 152.2687 116.2267 152.3149 116.3993 c
152.1930 116.3993 l
h
f*
/GS8 gs
/CS9 cs 0.0902 0.2196 0.5804 0.0000 scn
148.4691 119.3831 m
148.2860 119.3831 l
148.4229 119.1940 148.3322 119.1940 148.4691 119.3831 c
f*
/GS8 gs
/CS9 cs 0.0902 0.2196 0.5804 0.0000 scn
155.8559 124.5586 m
156.1754 124.5861 155.9662 124.5008 156.0390 124.6808 c
155.9336 124.6286 155.9169 124.6408 155.8559 124.5586 c
f*
/GS8 gs
/CS9 cs 0.0902 0.2196 0.5804 0.0000 scn
152.4370 116.5212 m
152.4501 116.4518 152.5714 116.3880 152.5192 116.5090 c
152.4974 116.5601 152.4081 116.6794 152.4370 116.5212 c
f*
/GS8 gs
/CS9 cs 0.0902 0.2196 0.5804 0.0000 scn
157.0768 120.0529 m
157.0895 119.9835 157.2111 119.9197 157.1587 120.0404 c
157.1372 120.0915 157.0473 120.2111 157.0768 120.0529 c
f*
/GS8 gs
/CS9 cs 0.0902 0.2196 0.5804 0.0000 scn
152.9867 123.4020 m
152.9991 123.3326 153.1208 123.2688 153.0686 123.3896 c
153.0468 123.4406 152.9572 123.5602 152.9867 123.4020 c
f*
/GS8 gs
/CS9 cs 0.0902 0.2196 0.5804 0.0000 scn
151.6436 122.8538 m
151.5716 123.0469 151.7760 122.9411 151.4605 122.9757 c
h
f*
/GS8 gs
/CS9 cs 0.0902 0.2196 0.5804 0.0000 scn
155.3675 117.5564 m
155.3374 117.3940 155.4894 117.5669 155.4449 117.5786 c
155.3224 117.6109 155.3845 117.6491 155.3675 117.5564 c
f*
/GS8 gs
/CS9 cs 0.0902 0.2196 0.5804 0.0000 scn
158.8473 119.6875 m
158.8473 119.6158 158.9786 119.5503 158.9417 119.6875 c
158.9049 119.8250 159.0970 119.6892 158.9136 119.7057 c
158.8365 119.7125 158.8473 119.8114 158.8473 119.6875 c
f*
/GS8 gs
/CS9 cs 0.0902 0.2196 0.5804 0.0000 scn
155.6116 125.2896 m
155.5804 125.1204 155.7570 125.3188 155.6722 125.3134 c
155.5580 125.3066 155.6348 125.4155 155.6116 125.2896 c
f*
/GS8 gs
/CS9 cs 0.0902 0.2196 0.5804 0.0000 scn
152.3761 125.6550 m
152.3786 125.6346 152.4436 125.6414 152.4489 125.6431 c
152.4640 125.6491 152.5550 125.5025 152.4753 125.6596 c
152.4753 125.6598 152.3614 125.7732 152.3761 125.6550 c
f*
Q
q
/GS8 gs
/CS9 cs 0.0510 0.2980 0.4196 0.0000 scn
133.7788 115.4962 m
133.9974 115.6864 134.1261 115.6601 134.4807 115.8304 c
134.7066 115.9387 134.9580 116.1062 135.2412 116.1062 c
135.2412 116.0450 l
134.9697 116.0450 134.7157 115.8574 134.4855 115.7647 c
134.2103 115.6533 134.0631 115.5626 133.7788 115.4962 c
h
134.2310 115.9588 m
134.3100 115.9985 134.4294 116.0263 134.5102 116.0450 c
134.0226 115.8012 l
h
h
135.5457 116.2894 m
135.7288 116.2894 135.9388 116.4217 136.1551 116.4722 c
136.1441 116.4628 136.1296 116.4492 136.1225 116.4438 c
135.8892 116.3115 l
135.7702 116.2641 135.6729 116.2284 135.5457 116.2284 c
h
h
134.6927 116.4112 m
134.9586 116.5524 135.3974 116.7001 135.7285 116.7775 c
135.5250 116.6003 135.2367 116.5844 134.9419 116.4671 c
h
h
136.8252 116.7775 m
136.7807 116.7389 136.8011 116.7398 136.7223 116.6973 c
136.5803 116.6202 136.6980 116.6825 136.5814 116.6553 c
136.6033 116.7840 136.6818 116.7653 136.8252 116.7775 c
h
137.1909 116.9603 m
137.2555 117.0252 137.4219 116.8637 137.2586 116.9289 c
137.2572 116.9294 137.0886 116.8583 137.1909 116.9603 c
h
133.3525 117.4484 m
133.2459 117.3560 133.2768 117.3657 133.1087 117.3266 c
133.2170 117.4207 133.1836 117.4082 133.3525 117.4484 c
h
135.5457 117.8147 m
135.3767 117.6676 134.9082 117.4989 134.6927 117.4484 c
h
h
138.2873 117.5706 m
138.4588 117.5706 139.1805 117.8751 139.4450 117.9366 c
139.3906 117.8892 139.4572 117.9128 139.3002 117.8376 c
h
h
135.0584 117.8147 m
134.9977 117.7617 135.1131 117.7931 134.9138 117.7152 c
134.8129 117.6761 134.8523 117.7007 134.7540 117.6928 c
134.8325 117.7988 134.8877 117.8005 135.0584 117.8147 c
h
140.0542 118.0587 m
140.0984 118.0970 140.0788 118.0962 140.1568 118.1390 c
140.2744 118.2036 140.6251 118.2764 140.9973 118.4564 c
141.1727 118.5415 141.7603 118.7906 141.9429 118.7906 c
141.9429 118.7297 l
141.7510 118.7297 140.7427 118.2192 140.0542 118.0587 c
h
140.0542 119.4619 m
140.1253 119.5574 140.1613 119.5520 140.2980 119.5841 c
140.1608 119.3967 140.3371 119.4857 140.0542 119.4619 c
h
142.6207 119.8814 m
142.7845 119.9341 142.8636 119.9659 143.0206 120.0302 c
143.1882 120.0986 143.6445 120.2550 143.8316 120.2550 c
143.8316 120.1941 l
143.5774 120.1941 143.2145 120.0260 143.0320 119.9580 c
142.7924 119.8684 142.4923 119.7632 142.2473 119.7060 c
h
h
142.1257 119.8281 m
h
142.4302 118.9738 m
142.5949 119.1991 142.8290 119.0991 143.1618 119.3394 c
143.1723 119.3468 143.1856 119.3590 143.1958 119.3664 c
143.5119 119.5943 144.8960 120.0722 145.2328 120.0722 c
145.2328 120.0112 l
144.9298 120.0112 144.9720 119.9877 144.8833 119.8826 c
144.7322 119.7031 144.1695 119.5642 143.9303 119.4854 c
143.4237 119.3182 142.9421 119.0934 142.4302 118.9738 c
h
144.6744 120.1433 m
144.7809 120.1813 145.3620 120.3392 145.3833 120.4095 c
145.3890 120.4274 145.4054 120.4483 145.4258 120.4483 c
145.4766 120.3772 l
145.3025 120.2851 144.6670 120.0300 144.4408 120.0112 c
h
h
146.3295 120.6822 m
146.3295 120.5603 l
146.5906 120.6859 146.4690 120.6099 146.5512 120.5955 c
146.6340 120.5603 l
146.3329 120.5351 146.0744 120.3052 145.5985 120.1941 c
145.7045 120.2709 l
146.0316 120.5521 145.4933 120.3454 146.0735 120.5433 c
h
h
145.3473 120.5674 m
145.3113 120.5501 145.2779 120.5073 145.2696 120.5232 c
145.2637 120.5348 145.2433 120.4889 145.2226 120.4889 c
145.1718 120.5603 l
h
h
146.9993 121.1091 m
146.7068 120.7089 146.3746 121.0099 146.7145 120.7670 c
146.7213 120.7621 146.7431 120.7522 146.7558 120.7431 c
146.5914 120.7298 146.5900 120.7145 146.4514 120.6822 c
146.6583 120.8784 146.4874 120.7457 146.5055 120.8083 c
146.5475 120.9512 146.8210 121.0677 146.9993 121.1091 c
h
146.6340 121.1091 m
146.7051 121.2049 146.7411 121.1995 146.8777 121.2313 c
146.7405 121.0439 146.9169 121.1329 146.6340 121.1091 c
h
132.8043 117.3266 m
133.1836 117.2186 l
134.0031 116.6984 133.8454 115.9546 133.4741 115.2522 c
133.7936 115.2788 136.3368 116.4115 136.7731 116.5856 c
137.0492 116.6958 137.6498 116.8985 137.8610 117.0825 c
137.6345 117.0298 137.5872 116.9666 137.3128 116.9603 c
139.3841 117.7534 l
139.5839 117.7534 139.4425 117.6321 139.8716 117.8116 c
141.6563 118.5588 143.2636 119.0361 145.1713 119.8899 c
146.1212 120.2808 l
146.4715 120.4166 146.9418 120.5201 147.0606 120.6822 c
146.7930 120.6763 146.8706 120.6411 146.6340 120.6210 c
146.7595 120.7307 146.7258 120.7256 146.9387 120.7431 c
146.8346 120.8112 l
146.7281 120.9288 146.7811 120.7500 146.8168 120.8653 c
147.2270 120.9609 147.1825 121.0703 147.1825 121.4144 c
147.1825 122.0301 146.7564 121.7032 146.1178 121.5043 c
146.0262 121.4759 146.0163 121.4796 145.9406 121.4376 c
145.4922 121.1907 146.0100 121.3364 145.2489 121.2151 c
143.4784 120.6697 l
142.8863 120.5084 142.3301 120.3222 141.6739 120.1581 c
140.1874 119.7873 137.7612 118.9916 136.2770 118.5469 c
135.4524 118.2997 135.4890 118.2640 134.4960 118.0120 c
134.2803 117.9567 132.9415 117.5142 132.8043 117.3266 c
f*
/GS8 gs
/CS9 cs 0.0510 0.2980 0.4196 0.0000 scn
132.4996 117.6928 m
132.5282 117.7214 132.8448 117.6593 132.6093 117.6599 c
132.6093 117.6599 132.6005 117.6610 132.5999 117.6610 c
132.5429 117.6758 132.3913 117.5839 132.4996 117.6928 c
h
132.4386 117.7534 m
132.7433 117.9366 l
132.9046 117.8212 132.6155 117.7722 132.4386 117.7534 c
h
134.0836 118.3637 m
134.0725 118.3544 134.0563 118.3535 134.0510 118.3354 c
134.0459 118.3173 134.0257 118.3119 134.0181 118.3071 c
134.0079 118.3003 133.9588 118.2682 133.9435 118.2600 c
133.2916 118.0587 l
133.4605 118.2056 133.8636 118.3124 134.0836 118.3637 c
h
133.8398 118.0587 m
133.9464 118.1511 133.9155 118.1415 134.0836 118.1806 c
133.9418 117.9867 134.1252 118.0885 133.8398 118.0587 c
h
136.0942 118.8519 m
135.9320 118.7110 134.8903 118.4097 134.6927 118.3637 c
134.8954 118.5401 136.0052 118.8445 136.0942 118.8519 c
h
131.8294 118.6078 m
131.9837 118.7422 131.9306 118.7130 132.1339 118.7297 c
131.9703 118.5874 132.0318 118.6288 131.8294 118.6078 c
h
132.1339 118.8519 m
h
138.1623 119.4712 m
138.0399 119.3528 138.0739 119.3579 137.8610 119.3400 c
h
h
138.8356 119.5841 m
139.0416 119.7632 139.3163 119.8709 139.6015 119.9166 c
139.9462 119.9718 139.5176 119.8069 140.1151 119.9500 c
139.9266 119.7859 139.0827 119.6045 138.8356 119.5841 c
h
139.3231 120.0112 m
139.5023 120.1671 140.1347 120.3163 140.3586 120.3163 c
140.3586 120.2550 l
140.0513 120.2550 139.6389 120.0373 139.3231 120.0112 c
h
142.5912 120.8307 m
142.5781 120.8951 142.4959 120.9263 142.8568 120.9263 c
143.1612 120.8044 l
142.8352 120.8044 141.6645 120.3772 141.4553 120.3772 c
141.4553 120.4381 l
141.7927 120.4381 142.2023 120.7327 142.6740 120.7431 c
h
h
144.1973 121.2922 m
144.3419 121.3620 144.5709 121.4348 144.7455 121.4753 c
144.5142 121.3413 l
144.4269 121.3121 144.3991 121.2922 144.2580 121.2922 c
144.2580 121.2313 l
144.6126 121.2313 144.8442 121.4144 145.1109 121.4144 c
145.1109 121.3534 l
144.8952 121.3534 144.1026 121.0484 143.8926 121.0484 c
143.8926 121.1091 l
144.0570 121.1091 144.0604 121.1386 144.1973 121.1703 c
h
h
145.1563 122.2846 m
145.2489 122.3070 145.3192 122.3297 145.4766 122.3297 c
145.4766 122.2685 l
145.3388 122.2685 145.0026 122.1780 144.8671 122.1466 c
144.9218 122.1942 144.8439 122.2075 145.1563 122.2846 c
h
131.1591 118.9128 m
131.1591 118.7906 l
131.6497 118.6764 131.5406 118.7334 131.8606 118.3966 c
132.2110 118.0276 132.1597 117.9221 132.3777 117.5094 c
133.3525 117.8147 l
133.0894 117.7929 132.9650 117.6987 132.6824 117.6928 c
132.8465 117.8070 133.1271 117.8473 133.3607 117.9295 c
133.4265 117.9524 133.6187 118.0242 133.6805 118.0293 c
134.0881 118.0638 133.4778 117.7858 134.6695 118.2042 c
136.0556 118.6464 l
137.3114 119.0568 136.2294 118.6886 136.8227 119.0962 c
136.8340 119.1042 136.8490 119.1138 136.8612 119.1212 c
136.9848 119.1847 l
137.0650 119.2170 137.0554 119.2167 137.1583 119.2326 c
137.8610 119.3400 l
137.7975 119.2958 137.8791 119.3360 137.7431 119.2751 c
137.4052 119.1234 136.8502 119.0529 136.7033 118.8519 c
139.9805 119.7799 l
141.7037 120.2190 143.2329 120.7225 144.8892 121.2094 c
145.4865 121.3849 145.8717 121.6185 146.4284 121.8036 c
146.5013 121.8277 146.7448 121.9014 146.7867 121.9343 c
146.8689 121.9989 146.8908 122.1199 146.8959 122.2268 c
146.9055 122.4349 146.6674 122.7620 146.3706 122.6789 c
146.0588 122.5925 146.4914 122.7110 146.2632 122.6103 c
146.0928 122.5349 145.8417 122.5817 145.5806 122.5304 c
145.2657 122.4686 144.9768 122.4017 144.6837 122.3303 c
143.5822 122.0621 142.3791 121.7846 141.3204 121.4887 c
139.6494 121.0266 l
139.0808 120.8602 138.5172 120.7454 137.9344 120.6085 c
136.8224 120.3477 135.7123 120.0523 134.5453 119.7927 c
134.2140 119.7193 133.9707 119.6728 133.7046 119.5977 c
133.2009 119.4557 131.5641 118.9128 131.1591 118.9128 c
f*
/GS8 gs
/CS9 cs 0.2902 0.6863 1.0000 0.2118 scn
132.9868 115.5569 m
132.9868 115.6810 132.9761 115.5821 133.0532 115.5753 c
133.2363 115.5586 133.0444 115.6952 133.0812 115.5569 c
133.1181 115.4197 132.9868 115.4854 132.9868 115.5569 c
h
131.8904 115.5569 m
131.6622 115.5039 131.6143 115.4438 131.4638 115.3131 c
131.6920 115.3661 131.7399 115.4262 131.8904 115.5569 c
h
129.8188 117.2656 m
129.8188 117.9516 130.3503 118.0332 130.3506 118.0335 c
130.5711 118.1730 130.3036 117.9746 130.3770 118.0814 c
130.4606 118.1523 l
130.7435 118.1594 130.4240 118.2427 130.4889 118.0587 c
130.6366 118.0930 130.7336 118.1225 130.8546 118.1806 c
130.9156 117.9975 l
130.5626 117.8595 130.9677 118.0627 130.7432 118.0083 c
130.6837 117.9493 l
130.6749 117.9473 130.7049 118.0029 130.4940 117.9377 c
130.0572 117.8033 130.4002 117.7719 130.1236 117.5094 c
130.3435 117.5278 130.4138 117.5856 130.6108 117.6316 c
130.4943 117.5301 130.4104 117.5326 130.3084 117.3798 c
130.5499 117.4484 l
130.4875 117.2149 130.4512 117.2667 130.1842 117.2047 c
130.2900 117.1389 130.4504 117.1962 130.5499 117.2047 c
130.4181 117.0244 130.3676 117.1327 130.4974 116.9535 c
130.6905 116.7364 l
130.8047 116.5836 130.7659 116.5796 130.7758 116.5618 c
130.8107 116.5090 l
131.1545 116.0940 130.6624 116.8617 130.9156 116.2894 c
131.0598 116.3659 131.1642 116.4308 131.3419 116.4722 c
131.2929 116.3367 131.3135 116.3769 131.2089 116.3007 c
130.6959 115.9265 131.0655 116.4906 130.7937 115.9231 c
131.1449 116.0050 131.1015 116.0722 131.1063 116.1264 c
131.0984 116.1672 l
131.3337 116.0580 131.3515 116.2205 131.6466 116.2894 c
131.6483 116.2363 l
131.6560 116.0201 131.6574 115.9914 131.4028 115.9231 c
131.6466 115.8622 l
131.4420 115.7536 131.5329 115.8571 131.4028 115.6791 c
131.6285 115.7318 131.5732 115.7800 131.8294 115.8012 c
131.6429 115.5467 131.6537 115.7145 131.4028 115.4959 c
131.6299 115.5152 131.7251 115.5915 131.8904 115.6791 c
131.9292 115.5824 131.8983 115.5977 132.0673 115.5039 c
132.2402 115.3672 l
132.3391 115.2371 132.3765 115.2967 132.4613 115.2884 c
132.6818 115.2675 132.5429 115.3814 132.6824 115.1912 c
132.4522 115.1374 132.3014 115.0688 132.0120 115.0688 c
131.0202 115.0688 131.2203 115.4347 131.2200 115.4350 c
130.8008 115.2337 130.3801 115.7562 130.1706 116.0926 c
129.9586 116.4339 129.8188 116.7313 129.8188 117.2656 c
h
131.3487 115.4645 m
131.5120 115.3993 131.3456 115.5611 131.2809 115.4959 c
131.1786 115.3939 131.3473 115.4650 131.3487 115.4645 c
h
131.4028 115.6791 m
131.3340 115.6632 131.0851 115.5705 131.0879 115.5470 c
h
h
131.5315 116.0745 m
131.6948 116.0096 131.5284 116.1711 131.4638 116.1062 c
131.3617 116.0039 131.5301 116.0748 131.5315 116.0745 c
h
130.7395 115.8917 m
130.9028 115.8265 130.7367 115.9880 130.6718 115.9231 c
130.5697 115.8211 130.7381 115.8919 130.7395 115.8917 c
h
130.7931 116.2437 m
130.8934 116.4010 130.6740 116.2332 130.6718 116.2284 c
130.6006 116.0739 130.7925 116.2426 130.7931 116.2437 c
h
130.6698 116.4260 m
130.6531 116.5567 130.5142 116.3307 130.6718 116.3503 c
h
h
130.4280 116.5944 m
130.5218 116.6309 130.4269 116.5708 130.5683 116.6366 c
130.6542 116.6766 130.6250 116.6757 130.6718 116.7165 c
130.3886 116.6927 130.5652 116.7820 130.4280 116.5944 c
h
130.4351 116.8070 m
130.5981 116.7418 130.4320 116.9031 130.3671 116.8384 c
130.2650 116.7364 130.4337 116.8072 130.4351 116.8070 c
h
130.3055 116.9759 m
130.4062 117.1332 130.1865 116.9651 130.1842 116.9603 c
130.1131 116.8058 130.3050 116.9748 130.3055 116.9759 c
h
130.1236 117.1434 m
130.1173 117.1375 130.1406 117.1264 130.1417 117.1253 c
h
h
130.3061 117.3875 m
130.1374 117.3472 130.1706 117.3594 130.0626 117.2656 c
130.2307 117.3050 130.1998 117.2951 130.3061 117.3875 c
h
132.2558 115.2522 m
132.2498 115.2459 132.2728 115.2349 132.2739 115.2340 c
h
h
133.1087 116.0450 m
133.1087 116.3117 132.8528 116.2108 133.2306 116.4112 c
133.1408 116.0249 133.1408 116.1873 133.2306 115.8012 c
133.0478 115.8012 l
133.0880 115.9741 133.1087 115.9055 133.1087 116.0450 c
h
132.8043 116.4112 m
132.8888 116.5677 132.8885 116.5759 133.1087 116.5944 c
133.1087 116.4722 l
132.9698 116.4402 132.9687 116.4249 132.8043 116.4112 c
h
132.1948 116.3503 m
132.1948 116.5762 132.2544 116.6258 132.3777 116.7165 c
132.4942 116.4736 132.3913 116.5873 132.4247 116.3789 c
132.4701 116.0943 132.5832 116.2355 132.3777 116.1672 c
132.3777 116.0450 l
132.6926 116.0107 132.4885 116.1164 132.5580 115.9308 c
132.3167 115.8622 l
132.1977 116.0875 132.1948 116.0481 132.1948 116.3503 c
h
132.8043 117.3266 m
132.9415 117.5142 134.3871 117.8422 134.6029 117.8974 c
135.5958 118.1494 135.4601 118.2081 136.2844 118.4553 c
136.9466 118.6537 137.8576 118.9295 138.7273 119.1986 c
139.8073 119.5325 140.9091 119.8877 141.7329 120.0929 c
142.3888 120.2567 143.0362 120.4892 143.6287 120.6502 c
145.1837 121.1304 l
145.1837 121.1304 145.0210 121.0864 146.0058 121.4118 c
146.0815 121.4535 146.0262 121.4759 146.1178 121.5043 c
146.7564 121.7032 147.1825 122.0301 147.1825 121.4144 c
147.1825 121.0703 147.2270 120.9609 146.8168 120.8653 c
146.7811 120.7500 146.7281 120.9288 146.8346 120.8112 c
146.9387 120.7431 l
146.7258 120.7256 146.7595 120.7307 146.6340 120.6210 c
146.8706 120.6411 146.7930 120.6763 147.0606 120.6822 c
146.9418 120.5201 146.4715 120.4166 146.1212 120.2811 c
145.1713 119.8899 l
143.2636 119.0361 141.6563 118.5588 139.8716 117.8116 c
139.4425 117.6321 139.5839 117.7534 139.3841 117.7534 c
137.3128 116.9603 l
137.5872 116.9666 137.6345 117.0298 137.8610 117.0825 c
137.6498 116.8985 137.0492 116.6958 136.7731 116.5856 c
136.3368 116.4115 133.7936 115.2788 133.4741 115.2522 c
133.8454 115.9546 134.0031 116.6984 133.1836 117.2186 c
h
h
137.2586 116.9289 m
137.4219 116.8637 137.2555 117.0249 137.1909 116.9603 c
137.0886 116.8583 137.2572 116.9294 137.2586 116.9289 c
h
144.8833 119.8826 m
144.9720 119.9877 144.9298 120.0112 145.2328 120.0112 c
145.2328 120.0722 l
144.8960 120.0722 143.5119 119.5943 143.1958 119.3664 c
143.1856 119.3590 143.1723 119.3468 143.1618 119.3394 c
142.8290 119.0988 142.5949 119.1991 142.4302 118.9738 c
142.9421 119.0934 143.4237 119.3182 143.9303 119.4854 c
144.1695 119.5639 144.7322 119.7031 144.8833 119.8826 c
h
146.0735 120.5433 m
145.4933 120.3457 146.0316 120.5521 145.7045 120.2712 c
145.5985 120.1941 l
146.0744 120.3052 146.3329 120.5351 146.6340 120.5603 c
146.5512 120.5955 l
146.4690 120.6099 146.5906 120.6859 146.3295 120.5603 c
146.3295 120.6822 l
h
h
146.9993 121.1091 m
146.8210 121.0677 146.5475 120.9509 146.5055 120.8083 c
146.4874 120.7457 146.6583 120.8784 146.4514 120.6822 c
146.5900 120.7145 146.5914 120.7298 146.7558 120.7431 c
146.7431 120.7522 146.7213 120.7621 146.7145 120.7670 c
146.3746 121.0099 146.7068 120.7089 146.9993 121.1091 c
h
133.3525 117.4484 m
133.1836 117.4082 133.2170 117.4207 133.1087 117.3266 c
133.2768 117.3657 133.2459 117.3560 133.3525 117.4484 c
h
131.2906 117.1718 m
131.4405 117.1165 131.2826 117.2673 131.2200 117.2047 c
131.1180 117.1020 131.2892 117.1721 131.2906 117.1718 c
h
131.5857 117.5094 m
131.5222 117.2713 131.5902 117.4207 131.3419 117.2047 c
131.5137 117.2188 131.4037 117.1845 131.5460 117.2443 c
131.5568 117.2489 131.6083 117.2727 131.6157 117.2965 c
131.6214 117.3141 131.6364 117.3365 131.6565 117.3365 c
131.7076 117.2656 l
131.5414 117.1774 131.3957 117.1020 131.1591 117.0825 c
131.1625 117.2333 131.0454 117.3835 131.5857 117.5094 c
h
131.1591 118.9128 m
131.5641 118.9128 133.2009 119.4557 133.7046 119.5977 c
133.9707 119.6728 134.2140 119.7193 134.5453 119.7930 c
135.7123 120.0523 136.8224 120.3474 137.9344 120.6085 c
138.5172 120.7454 139.0808 120.8602 139.6494 121.0266 c
141.3204 121.4887 l
142.3791 121.7846 143.5822 122.0621 144.6837 122.3303 c
144.9768 122.4017 145.2657 122.4686 145.5806 122.5304 c
145.8417 122.5817 146.0928 122.5349 146.2632 122.6103 c
146.4914 122.7110 146.0588 122.5925 146.3706 122.6789 c
146.6674 122.7620 146.9055 122.4349 146.8959 122.2268 c
146.8908 122.1199 146.8689 121.9989 146.7867 121.9340 c
146.7448 121.9017 146.5013 121.8280 146.4284 121.8036 c
145.8717 121.6185 145.4865 121.3849 144.8892 121.2094 c
143.2329 120.7225 141.7037 120.2190 139.9805 119.7799 c
136.7033 118.8519 l
136.8502 119.0529 137.4052 119.1234 137.7431 119.2751 c
137.8791 119.3360 137.7975 119.2958 137.8610 119.3400 c
137.1583 119.2326 l
137.0554 119.2167 137.0650 119.2170 136.9848 119.1847 c
136.8612 119.1212 l
136.8490 119.1138 136.8340 119.1042 136.8227 119.0962 c
136.2294 118.6886 137.3114 119.0568 136.0556 118.6464 c
134.6695 118.2042 l
133.4778 117.7858 134.0881 118.0641 133.6805 118.0293 c
133.6187 118.0242 133.4265 117.9524 133.3607 117.9295 c
133.1271 117.8473 132.8465 117.8070 132.6824 117.6928 c
132.9650 117.6987 133.0894 117.7929 133.3525 117.8147 c
132.3777 117.5094 l
132.1597 117.9221 132.2110 118.0276 131.8606 118.3966 c
131.5406 118.7334 131.6497 118.6764 131.1591 118.7906 c
h
h
132.6093 117.6599 m
132.8448 117.6596 132.5282 117.7214 132.4996 117.6928 c
132.3913 117.5839 132.5429 117.6758 132.5999 117.6610 c
132.6005 117.6610 132.6093 117.6599 132.6093 117.6599 c
h
134.0836 118.1806 m
133.9155 118.1415 133.9464 118.1511 133.8398 118.0587 c
134.1252 118.0885 133.9418 117.9867 134.0836 118.1806 c
h
137.8610 119.3400 m
138.0739 119.3579 138.0399 119.3528 138.1623 119.4712 c
h
h
132.1339 118.8519 m
h
131.2200 117.6928 m
131.3320 117.8456 131.6208 118.0171 131.7076 117.6928 c
131.5273 117.6029 131.6665 117.5885 131.2200 117.6928 c
h
129.7579 117.3875 m
129.7579 116.6304 129.8687 116.1031 130.4416 115.5708 c
131.7495 114.3567 133.9075 115.1654 133.3120 116.4920 c
133.0764 117.0170 132.0837 117.1157 132.0471 116.3421 c
132.0335 116.0467 132.1464 115.8185 132.4386 115.7403 c
132.6444 115.8780 132.7170 115.9727 132.7433 116.2894 c
132.9664 116.1709 133.0189 116.1814 132.9511 115.9104 c
132.7808 115.2298 131.8294 115.5903 131.8294 116.2284 c
131.8294 116.6023 132.1268 117.2047 132.8043 117.2047 c
133.9707 117.2047 134.1856 114.7031 131.8294 114.7031 c
131.4490 114.7031 131.1094 114.7927 130.8180 114.9106 c
129.4053 115.4826 128.8046 117.2293 129.6527 118.2249 c
130.8387 119.6167 132.1948 118.2450 132.1948 117.3266 c
132.1948 117.1820 131.8022 116.6610 131.4794 116.5731 c
130.5774 116.3268 130.4325 117.6928 131.0374 117.6928 c
131.2702 117.6928 131.0596 117.7115 131.2200 117.6316 c
131.1069 117.2069 130.8906 117.5292 131.0374 116.8994 c
132.2935 116.6063 132.1174 118.3637 130.9156 118.3637 c
130.6114 118.3637 130.2755 118.2713 130.0439 118.0774 c
129.8716 117.9332 129.7579 117.6837 129.7579 117.3875 c
h
131.9808 114.5322 m
131.9236 114.5489 132.1030 114.5333 132.2935 114.5619 c
132.8777 114.6495 133.6346 115.0089 134.0314 115.1722 c
139.9445 117.5661 l
140.3065 117.7112 140.7044 117.8586 141.1126 118.0052 c
142.1442 118.3765 143.1935 118.8468 143.9328 119.1776 c
145.8621 119.9906 l
146.8443 120.4673 147.3043 120.2343 147.3043 121.2922 c
147.3043 121.6820 147.2678 121.5788 147.1405 121.8609 c
147.0501 122.0613 146.9460 122.8575 146.4160 122.8575 c
146.3272 122.8575 145.7742 122.7334 145.0225 122.5542 c
143.4308 122.1749 141.0290 121.5451 140.6404 121.4487 c
136.1293 120.3412 l
135.1466 120.1269 133.6864 119.8619 132.7620 119.5605 c
131.7433 119.2280 130.5312 119.0364 130.3690 118.9791 c
128.0302 118.0970 129.0163 114.4040 131.9808 114.5322 c
f*
/GS8 gs
/CS9 cs 0.0510 0.2980 0.4196 0.0000 scn
129.7579 117.3875 m
129.7579 117.6837 129.8716 117.9332 130.0439 118.0774 c
130.2755 118.2713 130.6114 118.3637 130.9156 118.3637 c
132.1174 118.3637 132.2935 116.6063 131.0374 116.8994 c
130.8906 117.5292 131.1069 117.2069 131.2200 117.6316 c
131.0596 117.7115 131.2702 117.6928 131.0374 117.6928 c
130.4325 117.6928 130.5774 116.3268 131.4794 116.5728 c
131.8022 116.6610 132.1948 117.1820 132.1948 117.3266 c
132.1948 118.2450 130.8387 119.6167 129.6527 118.2249 c
128.8046 117.2293 129.4053 115.4826 130.8180 114.9106 c
131.1094 114.7927 131.4490 114.7031 131.8294 114.7031 c
134.1856 114.7031 133.9707 117.2047 132.8043 117.2047 c
132.1268 117.2047 131.8294 116.6023 131.8294 116.2284 c
131.8294 115.5903 132.7808 115.2298 132.9511 115.9104 c
133.0189 116.1814 132.9664 116.1709 132.7433 116.2894 c
132.7170 115.9727 132.6444 115.8780 132.4386 115.7403 c
132.1464 115.8182 132.0335 116.0470 132.0471 116.3424 c
132.0837 117.1157 133.0764 117.0170 133.3120 116.4920 c
133.9075 115.1654 131.7495 114.3567 130.4416 115.5708 c
129.8687 116.1031 129.7579 116.6304 129.7579 117.3875 c
f*
/GS8 gs
/CS9 cs 0.0510 0.2980 0.4196 0.0000 scn
132.2558 115.2522 m
132.2739 115.2340 l
132.2728 115.2349 132.2498 115.2459 132.2558 115.2522 c
h
131.8904 115.5569 m
131.7399 115.4262 131.6920 115.3661 131.4638 115.3131 c
131.6143 115.4438 131.6622 115.5039 131.8904 115.5569 c
h
131.2809 115.4962 m
131.3456 115.5611 131.5120 115.3993 131.3487 115.4645 c
131.3473 115.4650 131.1786 115.3939 131.2809 115.4962 c
h
131.0879 115.5470 m
131.0851 115.5705 131.3340 115.6632 131.4028 115.6791 c
h
h
130.6718 115.9231 m
130.7367 115.9880 130.9028 115.8265 130.7395 115.8917 c
130.7381 115.8919 130.5697 115.8211 130.6718 115.9231 c
h
131.4638 116.1062 m
131.5284 116.1711 131.6948 116.0096 131.5315 116.0745 c
131.5301 116.0748 131.3617 116.0039 131.4638 116.1062 c
h
130.6718 116.2284 m
130.6740 116.2332 130.8934 116.4010 130.7931 116.2437 c
130.7925 116.2426 130.6006 116.0736 130.6718 116.2284 c
h
130.6718 116.3503 m
130.5142 116.3307 130.6531 116.5567 130.6698 116.4260 c
h
h
130.4280 116.5944 m
130.5652 116.7820 130.3886 116.6927 130.6718 116.7165 c
130.6250 116.6757 130.6542 116.6766 130.5683 116.6366 c
130.4269 116.5708 130.5218 116.6309 130.4280 116.5944 c
h
130.3671 116.8384 m
130.4320 116.9031 130.5981 116.7418 130.4351 116.8070 c
130.4337 116.8072 130.2650 116.7364 130.3671 116.8384 c
h
130.1842 116.9603 m
130.1865 116.9651 130.4062 117.1332 130.3055 116.9759 c
130.3050 116.9748 130.1131 116.8058 130.1842 116.9603 c
h
130.1236 117.1434 m
130.1417 117.1253 l
130.1406 117.1264 130.1173 117.1375 130.1236 117.1434 c
h
130.3061 117.3875 m
130.1998 117.2951 130.2307 117.3050 130.0626 117.2656 c
130.1706 117.3594 130.1374 117.3472 130.3061 117.3875 c
h
129.8188 117.2656 m
129.8188 116.7313 129.9586 116.4339 130.1706 116.0926 c
130.3801 115.7562 130.8008 115.2337 131.2200 115.4350 c
131.2203 115.4347 131.0202 115.0688 132.0120 115.0688 c
132.3014 115.0688 132.4522 115.1374 132.6824 115.1912 c
132.5429 115.3814 132.6818 115.2675 132.4613 115.2884 c
132.3765 115.2967 132.3391 115.2371 132.2402 115.3672 c
132.0673 115.5039 l
131.8983 115.5977 131.9292 115.5824 131.8904 115.6791 c
131.7251 115.5917 131.6299 115.5149 131.4028 115.4962 c
131.6537 115.7145 131.6429 115.5467 131.8294 115.8012 c
131.5732 115.7800 131.6285 115.7318 131.4028 115.6791 c
131.5329 115.8571 131.4420 115.7536 131.6466 115.8622 c
131.4028 115.9231 l
131.6574 115.9911 131.6560 116.0201 131.6483 116.2363 c
131.6466 116.2894 l
131.3515 116.2205 131.3337 116.0580 131.0984 116.1672 c
131.1063 116.1264 l
131.1015 116.0722 131.1449 116.0053 130.7937 115.9231 c
131.0655 116.4906 130.6959 115.9265 131.2089 116.3007 c
131.3135 116.3769 131.2929 116.3367 131.3419 116.4722 c
131.1642 116.4308 131.0598 116.3659 130.9156 116.2894 c
130.6624 116.8617 131.1545 116.0940 130.8107 116.5090 c
130.7758 116.5618 l
130.7659 116.5796 130.8047 116.5836 130.6905 116.7364 c
130.4974 116.9535 l
130.3676 117.1327 130.4181 117.0244 130.5499 117.2047 c
130.4504 117.1962 130.2900 117.1389 130.1842 117.2047 c
130.4512 117.2667 130.4875 117.2149 130.5499 117.4484 c
130.3084 117.3801 l
130.4104 117.5326 130.4943 117.5301 130.6108 117.6316 c
130.4138 117.5856 130.3435 117.5278 130.1236 117.5094 c
130.4002 117.7719 130.0572 117.8033 130.4940 117.9377 c
130.7049 118.0029 130.6749 117.9473 130.6837 117.9493 c
130.7432 118.0083 l
130.9677 118.0627 130.5626 117.8595 130.9156 117.9975 c
130.8546 118.1806 l
130.7336 118.1225 130.6366 118.0930 130.4889 118.0587 c
130.4240 118.2427 130.7435 118.1594 130.4606 118.1523 c
130.3770 118.0814 l
130.3036 117.9746 130.5711 118.1730 130.3506 118.0335 c
130.3503 118.0332 129.8188 117.9516 129.8188 117.2656 c
f*
/GS8 gs
/CS9 cs 0.0510 0.2980 0.4196 0.0000 scn
132.1948 116.3503 m
132.1948 116.0481 132.1977 116.0875 132.3167 115.8622 c
132.5580 115.9308 l
132.4885 116.1164 132.6926 116.0107 132.3777 116.0450 c
132.3777 116.1672 l
132.5832 116.2355 132.4701 116.0943 132.4247 116.3789 c
132.3913 116.5873 132.4942 116.4736 132.3777 116.7165 c
132.2544 116.6258 132.1948 116.5762 132.1948 116.3503 c
f*
/GS8 gs
/CS9 cs 0.2902 0.6863 1.0000 0.2118 scn
138.8356 119.5841 m
139.0827 119.6045 139.9266 119.7859 140.1151 119.9500 c
139.5176 119.8069 139.9462 119.9718 139.6015 119.9166 c
139.3163 119.8709 139.0416 119.7632 138.8356 119.5841 c
f*
/GS8 gs
/CS9 cs 0.2902 0.6863 1.0000 0.2118 scn
142.6740 120.7431 m
142.2023 120.7327 141.7927 120.4381 141.4553 120.4381 c
141.4553 120.3772 l
141.6645 120.3772 142.8352 120.8044 143.1612 120.8044 c
142.8568 120.9263 l
142.4959 120.9263 142.5781 120.8951 142.5912 120.8307 c
h
f*
/GS8 gs
/CS9 cs 0.2902 0.6863 1.0000 0.2118 scn
140.0542 118.0587 m
140.7427 118.2192 141.7510 118.7297 141.9429 118.7297 c
141.9429 118.7906 l
141.7603 118.7906 141.1727 118.5415 140.9973 118.4564 c
140.6251 118.2764 140.2744 118.2036 140.1568 118.1390 c
140.0788 118.0962 140.0984 118.0970 140.0542 118.0587 c
f*
/GS8 gs
/CS9 cs 0.0510 0.2980 0.4196 0.0000 scn
131.2200 117.2047 m
131.2826 117.2673 131.4405 117.1168 131.2906 117.1718 c
131.2892 117.1721 131.1180 117.1020 131.2200 117.2047 c
h
131.1591 117.0825 m
131.3957 117.1020 131.5414 117.1774 131.7076 117.2656 c
131.6565 117.3365 l
131.6364 117.3365 131.6214 117.3141 131.6157 117.2965 c
131.6083 117.2727 131.5568 117.2489 131.5460 117.2443 c
131.4037 117.1845 131.5137 117.2188 131.3419 117.2047 c
131.5902 117.4207 131.5222 117.2713 131.5857 117.5094 c
131.0454 117.3835 131.1625 117.2333 131.1591 117.0825 c
f*
/GS8 gs
/CS9 cs 0.2902 0.6863 1.0000 0.2118 scn
144.1973 121.2922 m
144.1973 121.1703 l
144.0604 121.1386 144.0570 121.1091 143.8926 121.1091 c
143.8926 121.0484 l
144.1026 121.0484 144.8952 121.3534 145.1109 121.3534 c
145.1109 121.4144 l
144.8442 121.4144 144.6126 121.2313 144.2580 121.2313 c
144.2580 121.2922 l
144.3991 121.2922 144.4269 121.3121 144.5142 121.3413 c
144.7455 121.4753 l
144.5709 121.4348 144.3419 121.3620 144.1973 121.2922 c
f*
/GS8 gs
/CS9 cs 0.2902 0.6863 1.0000 0.2118 scn
133.7788 115.4962 m
134.0631 115.5626 134.2103 115.6533 134.4855 115.7647 c
134.7157 115.8574 134.9697 116.0450 135.2412 116.0450 c
135.2412 116.1062 l
134.9580 116.1062 134.7066 115.9387 134.4807 115.8304 c
134.1261 115.6601 133.9974 115.6864 133.7788 115.4962 c
f*
/GS8 gs
/CS9 cs 0.2902 0.6863 1.0000 0.2118 scn
142.2473 119.7060 m
142.4923 119.7632 142.7924 119.8684 143.0320 119.9580 c
143.2145 120.0260 143.5774 120.1941 143.8316 120.1941 c
143.8316 120.2550 l
143.6445 120.2550 143.1882 120.0986 143.0206 120.0302 c
142.8636 119.9659 142.7845 119.9341 142.6207 119.8814 c
h
f*
/GS8 gs
/CS9 cs 0.2902 0.6863 1.0000 0.2118 scn
136.0942 118.8519 m
136.0052 118.8445 134.8954 118.5401 134.6927 118.3637 c
134.8903 118.4097 135.9320 118.7110 136.0942 118.8519 c
f*
/GS8 gs
/CS9 cs 0.0510 0.2980 0.4196 0.0000 scn
131.2200 117.6928 m
131.6665 117.5885 131.5273 117.6029 131.7076 117.6928 c
131.6208 118.0171 131.3320 117.8456 131.2200 117.6928 c
f*
/GS8 gs
/CS9 cs 0.2902 0.6863 1.0000 0.2118 scn
139.3231 120.0112 m
139.6389 120.0373 140.0513 120.2550 140.3586 120.2550 c
140.3586 120.3163 l
140.1347 120.3163 139.5023 120.1671 139.3231 120.0112 c
f*
/GS8 gs
/CS9 cs 0.2902 0.6863 1.0000 0.2118 scn
144.4408 120.0112 m
144.6670 120.0300 145.3025 120.2851 145.4766 120.3772 c
145.4258 120.4483 l
145.4054 120.4483 145.3890 120.4274 145.3833 120.4095 c
145.3620 120.3392 144.7809 120.1813 144.6744 120.1433 c
h
f*
/GS8 gs
/CS9 cs 0.0510 0.2980 0.4196 0.0000 scn
133.1087 116.0450 m
133.1087 115.9055 133.0880 115.9744 133.0478 115.8012 c
133.2306 115.8012 l
133.1408 116.1873 133.1408 116.0252 133.2306 116.4112 c
132.8528 116.2111 133.1087 116.3117 133.1087 116.0450 c
f*
/GS8 gs
/CS9 cs 0.2902 0.6863 1.0000 0.2118 scn
134.6927 116.4112 m
134.9419 116.4671 l
135.2367 116.5844 135.5250 116.6003 135.7285 116.7775 c
135.3974 116.7001 134.9586 116.5524 134.6927 116.4112 c
f*
/GS8 gs
/CS9 cs 0.2902 0.6863 1.0000 0.2118 scn
134.0836 118.3637 m
133.8636 118.3124 133.4605 118.2056 133.2916 118.0587 c
133.9435 118.2600 l
133.9588 118.2682 134.0079 118.3003 134.0181 118.3071 c
134.0257 118.3119 134.0459 118.3173 134.0510 118.3354 c
134.0563 118.3535 134.0725 118.3544 134.0836 118.3637 c
f*
/GS8 gs
/CS9 cs 0.2902 0.6863 1.0000 0.2118 scn
144.8671 122.1466 m
145.0026 122.1780 145.3388 122.2685 145.4766 122.2685 c
145.4766 122.3297 l
145.3192 122.3297 145.2489 122.3070 145.1563 122.2846 c
144.8439 122.2075 144.9218 122.1942 144.8671 122.1466 c
f*
/GS8 gs
/CS9 cs 0.0510 0.2980 0.4196 0.0000 scn
132.8043 116.4112 m
132.9687 116.4249 132.9698 116.4402 133.1087 116.4722 c
133.1087 116.5944 l
132.8885 116.5759 132.8888 116.5680 132.8043 116.4112 c
f*
/GS8 gs
/CS9 cs 0.2902 0.6863 1.0000 0.2118 scn
135.5457 116.2894 m
135.5457 116.2284 l
135.6729 116.2284 135.7702 116.2641 135.8892 116.3115 c
136.1225 116.4438 l
136.1296 116.4492 136.1441 116.4628 136.1551 116.4722 c
135.9388 116.4217 135.7288 116.2894 135.5457 116.2894 c
f*
/GS8 gs
/CS9 cs 0.2902 0.6863 1.0000 0.2118 scn
134.6927 117.4484 m
134.9082 117.4989 135.3767 117.6676 135.5457 117.8147 c
h
f*
/GS8 gs
/CS9 cs 0.2902 0.6863 1.0000 0.2118 scn
132.4386 117.7534 m
132.6155 117.7722 132.9046 117.8212 132.7433 117.9366 c
h
f*
/GS8 gs
/CS9 cs 0.2902 0.6863 1.0000 0.2118 scn
138.2873 117.5706 m
139.3002 117.8376 l
139.4572 117.9128 139.3906 117.8892 139.4450 117.9366 c
139.1805 117.8751 138.4588 117.5706 138.2873 117.5706 c
f*
/GS8 gs
/CS9 cs 0.2902 0.6863 1.0000 0.2118 scn
134.7540 117.6928 m
134.8523 117.7007 134.8129 117.6761 134.9138 117.7152 c
135.1131 117.7931 134.9977 117.7617 135.0584 117.8147 c
134.8877 117.8005 134.8325 117.7988 134.7540 117.6928 c
f*
/GS8 gs
/CS9 cs 0.2902 0.6863 1.0000 0.2118 scn
131.8294 118.6078 m
132.0318 118.6288 131.9703 118.5874 132.1339 118.7297 c
131.9306 118.7130 131.9837 118.7422 131.8294 118.6078 c
f*
/GS8 gs
/CS9 cs 0.2902 0.6863 1.0000 0.2118 scn
146.6340 121.1091 m
146.9169 121.1329 146.7405 121.0439 146.8777 121.2313 c
146.7411 121.1995 146.7051 121.2049 146.6340 121.1091 c
f*
/GS8 gs
/CS9 cs 0.2902 0.6863 1.0000 0.2118 scn
140.0542 119.4619 m
140.3371 119.4857 140.1608 119.3967 140.2980 119.5841 c
140.1613 119.5520 140.1253 119.5574 140.0542 119.4619 c
f*
/GS8 gs
/CS9 cs 0.2902 0.6863 1.0000 0.2118 scn
136.5814 116.6553 m
136.6980 116.6825 136.5803 116.6202 136.7223 116.6973 c
136.8011 116.7398 136.7807 116.7389 136.8252 116.7775 c
136.6818 116.7653 136.6033 116.7840 136.5814 116.6553 c
f*
/GS8 gs
/CS9 cs 0.2902 0.6863 1.0000 0.2118 scn
134.0226 115.8012 m
134.5102 116.0450 l
134.4294 116.0263 134.3100 115.9985 134.2310 115.9588 c
h
f*
/GS8 gs
/CS9 cs 0.0510 0.2980 0.4196 0.0000 scn
132.9868 115.5569 m
132.9868 115.4854 133.1181 115.4197 133.0812 115.5569 c
133.0444 115.6949 133.2363 115.5589 133.0532 115.5753 c
132.9761 115.5821 132.9868 115.6810 132.9868 115.5569 c
f*
/GS8 gs
/CS9 cs 0.2902 0.6863 1.0000 0.2118 scn
145.1718 120.5603 m
145.2226 120.4889 l
145.2433 120.4889 145.2637 120.5348 145.2696 120.5232 c
145.2779 120.5073 145.3113 120.5501 145.3473 120.5674 c
h
f*
/GS8 gs
/CS9 cs 0.0000 0.0000 0.0000 1.0000 scn
142.1257 119.8281 m
h
f*
Q
Q
/GS8 gs
/CS9 cs 0.0000 0.0000 0.0000 1.0000 scn
176.5338 164.8032 m
176.5338 168.1070 l
175.3002 168.1070 l
175.3002 168.5460 l
178.2643 168.5460 l
178.2643 168.1070 l
177.0304 168.1070 l
177.0304 164.8032 l
h
f
/GS8 gs
/CS9 cs 0.0000 0.0000 0.0000 1.0000 scn
178.7652 164.8032 m
178.7652 168.5460 l
179.5076 168.5460 l
180.3929 165.8965 l
180.4748 165.6502 180.5340 165.4654 180.5715 165.3426 c
180.6140 165.4784 180.6812 165.6788 180.7719 165.9427 c
181.6727 168.5460 l
182.3357 168.5460 l
182.3357 164.8032 l
181.8601 164.8032 l
181.8601 167.9346 l
180.7673 164.8032 l
180.3214 164.8032 l
179.2409 167.9922 l
179.2409 164.8032 l
h
f
/GS8 gs
/CS9 cs 0.0000 0.0000 0.0000 1.0000 scn
130.6423 163.7053 m
130.9088 162.9215 l
127.4403 161.7432 l
125.9872 166.0201 l
127.1211 166.4053 l
128.3080 162.9122 l
h
h
133.1821 168.0534 m
136.2470 164.1121 l
134.9915 163.8303 l
134.4098 164.6158 l
132.3181 164.1464 l
132.1642 163.1957 l
130.9272 162.9181 l
131.8212 167.7481 l
h
h
133.8970 165.3086 m
132.7552 166.8512 l
132.4536 164.9846 l
h
h
140.2328 165.3500 m
140.3303 164.5279 l
136.6923 164.0968 l
136.1608 168.5823 l
137.3502 168.7232 l
137.7845 165.0597 l
h
h
140.7900 169.0860 m
142.8630 169.1206 l
143.3571 169.1289 143.7474 169.0228 144.0343 168.8034 c
144.3209 168.5843 144.4663 168.3207 144.4714 168.0137 c
144.4779 167.6211 144.2636 167.3172 143.8294 167.0998 c
144.1616 167.0238 144.4164 166.8838 144.5958 166.6800 c
144.7756 166.4768 144.8677 166.2367 144.8722 165.9617 c
144.8787 165.5700 144.7410 165.2485 144.4584 164.9988 c
144.1763 164.7479 143.7579 164.6184 143.2018 164.6090 c
140.8657 164.5696 l
h
h
142.0013 168.2782 m
142.0174 167.3113 l
142.6405 167.3218 l
142.8321 167.3252 142.9818 167.3739 143.0870 167.4683 c
143.1921 167.5630 143.2443 167.6798 143.2417 167.8198 c
143.2395 167.9579 143.1836 168.0718 143.0753 168.1605 c
142.9671 168.2493 142.8160 168.2918 142.6243 168.2887 c
h
h
142.0313 166.4838 m
142.0492 165.4174 l
142.7193 165.4288 l
143.0365 165.4339 143.2644 165.4798 143.4016 165.5649 c
143.5399 165.6502 143.6068 165.7947 143.6034 166.0000 c
143.6009 166.1567 143.5329 166.2806 143.3988 166.3696 c
143.2644 166.4589 143.0881 166.5014 142.8659 166.4977 c
h
h
148.8243 168.9401 m
150.5650 164.2606 l
149.2826 164.3689 l
148.9637 165.2927 l
146.8276 165.4730 l
146.3956 164.6121 l
145.1322 164.7184 l
147.4347 169.0574 l
h
h
148.6826 166.1077 m
148.0564 167.9216 l
147.2083 166.2318 l
h
h
155.1943 168.0324 m
156.3712 167.8105 l
155.8956 165.2862 l
155.7731 164.6376 155.4763 164.1838 155.0058 163.9253 c
154.5344 163.6671 153.9213 163.6084 153.1644 163.7510 c
152.4155 163.8921 151.8673 164.1716 151.5183 164.5892 c
151.1683 165.0067 151.0534 165.5325 151.1734 166.1695 c
151.6501 168.7000 l
152.8271 168.4783 l
152.3455 165.9237 l
152.2871 165.6136 152.3477 165.3449 152.5283 165.1175 c
152.7086 164.8905 152.9728 164.7442 153.3223 164.6785 c
153.6857 164.6099 153.9944 164.6504 154.2475 164.8006 c
154.5015 164.9503 154.6611 165.2012 154.7274 165.5538 c
h
h
162.0128 165.8665 m
161.7296 164.9211 l
161.2225 165.3633 160.6898 165.6683 160.1289 165.8367 c
159.5889 165.9986 159.1345 165.9943 158.7648 165.8251 c
158.3955 165.6558 158.1511 165.3721 158.0312 164.9735 c
157.9170 164.5917 157.9700 164.2382 158.1917 163.9145 c
158.4130 163.5902 158.7623 163.3564 159.2402 163.2129 c
159.4919 163.1375 159.7618 163.1129 160.0478 163.1390 c
160.1994 163.6444 l
159.5313 163.8448 l
159.7694 164.6376 l
161.5842 164.0934 l
161.0529 162.3223 l
160.8194 162.2058 160.5013 162.1491 160.0963 162.1519 c
159.6912 162.1545 159.3062 162.2112 158.9420 162.3206 c
158.1412 162.5607 157.5448 162.9669 157.1559 163.5386 c
156.7664 164.1107 156.6680 164.7187 156.8616 165.3636 c
157.0589 166.0221 157.4776 166.4821 158.1174 166.7432 c
158.7569 167.0043 159.4860 167.0114 160.3046 166.7656 c
160.9815 166.5626 161.5510 166.2627 162.0128 165.8665 c
f
Q
EMC
